BrandName,Product ID,Product Name,Brand Desc,Product Size,Currancy,MRP,SellPrice,Discount,Category
4711,FR001,Cologne Fragrance,ekw eau de cologne 400 ml,Small,Rs.,3900,3120,20% off,Fragrance-Women
109f,DRW1,DRW1 - Westernwear-Women,womens v- neck short dress - yellow,"Size:Medium,Small,X-Large,XX-Large",Rs.,1899,569,70% off,Westernwear-Women
109f,DRW2,DRW2 - Westernwear-Women,womens round neck solid top - black,"Size:Large,Medium,Small,X-Large",Rs.,1499,599,60% off,Westernwear-Women
109f,DRW3,DRW3 - Westernwear-Women,womens round neck stripe shift dress - red,"Size:Medium,Small",Rs.,1599,639,60% off,Westernwear-Women
109f,DRW4,DRW4 - Westernwear-Women,womens round neck solid high low top - black,"Size:Large,Medium,Small,X-Large",Rs.,1199,479,60% off,Westernwear-Women
109f,DRW5,DRW5 - Westernwear-Women,womens v-neck solid top - black,"Size:Large,Medium,Small,X-Small",Rs.,1199,479,60% off,Westernwear-Women
109f,DRW6,DRW6 - Westernwear-Women,womens off shoulder neck checked top - navy,"Size:Small,X-Large",Rs.,1299,519,60% off,Westernwear-Women
109f,DRW7,DRW7 - Westernwear-Women,womens v neck checked top - black,"Size:Large,Medium,Small",Rs.,1499,599,60% off,Westernwear-Women
109f,DRW8,DRW8 - Westernwear-Women,womens round neck solid shift dress - black,Size:Medium,Rs.,1799,719,60% off,Westernwear-Women
109f,DRW9,DRW9 - Westernwear-Women,womens round neck solid top - black,"Size:Large,Medium,X-Large,XX-Large",Rs.,999,399,60% off,Westernwear-Women
109f,DRW10,DRW10 - Westernwear-Women,womens spaghetti neck printed top - natural,"Size:Large,Medium,Small,X-Large,XX-Large",Rs.,1299,519,60% off,Westernwear-Women
109f,DRW11,DRW11 - Westernwear-Women,womens round neck embroidered top - black,"Size:Large,Medium,Small,X-Large,XX-Large,XXX-Large",Rs.,2499,999,60% off,Westernwear-Women
109f,DRW12,DRW12 - Westernwear-Women,womens mandarin collar solid eyelet skater dress - green,"Size:X-Large,XX-Large",Rs.,3499,1399,60% off,Westernwear-Women
109f,DRW13,DRW13 - Westernwear-Women,womens off shoulder solid shift dress - blue,"Size:Small,X-Small",Rs.,1799,539,70% off,Westernwear-Women
109f,DRW14,DRW14 - Westernwear-Women,womens round neck embroidered top - cream,"Size:Large,Medium,Small,X-Large,XX-Large,XXX-Large",Rs.,1999,799,60% off,Westernwear-Women
109f,DRW15,DRW15 - Westernwear-Women,womens 2 pocket solid pants - navy,"Size:Small,X-Small",Rs.,1899,759,60% off,Westernwear-Women
109f,DRW16,DRW16 - Westernwear-Women,womens ruffled collar self printed top - natural,"Size:Large,Medium,Small,X-Large,XX-Large",Rs.,1499,599,60% off,Westernwear-Women
109f,DRW17,DRW17 - Westernwear-Women,womens round neck solid top - birch,Size:X-Small,Rs.,1199,479,60% off,Westernwear-Women
109f,DRW18,DRW18 - Westernwear-Women,womens round neck solid knee length dress - black,Size:X-Small,Rs.,1999,799,60% off,Westernwear-Women
109f,DRW19,DRW19 - Westernwear-Women,womens scoop neck lace top - dark brown,"Size:Large,Medium,Small,X-Large,X-Small,XX-Large",Rs.,1799,719,60% off,Westernwear-Women
109f,DRW20,DRW20 - Westernwear-Women,printed polyester cowl neck womens dress - multi,"Size:Large,Medium,X-Large",Rs.,2418.9,2199,10% off,Westernwear-Women
109f,DRW21,DRW21 - Westernwear-Women,printed rayon round neck womens top - print,"Size:Large,Medium,Small,X-Large,XX-Large",Rs.,1868.9,1699,10% off,Westernwear-Women
109f,DRW22,DRW22 - Westernwear-Women,womens round neck textured maxi dress - black,"Size:Large,Small",Rs.,2899,1159,60% off,Westernwear-Women
109f,DRW23,DRW23 - Westernwear-Women,solid polyester halter neck womens top - olive,"Size:Large,Medium,X-Large,XX-Large",Rs.,1648.9,1499,10% off,Westernwear-Women
109f,DRW24,DRW24 - Westernwear-Women,womens tie up neck embroidered top - black,"Size:Large,Medium,Small,X-Large,XX-Large,XXX-Large",Rs.,1978.9,1799,10% off,Westernwear-Women
109f,DRW25,DRW25 - Westernwear-Women,womens 2 pocket solid trousers - green,Size:X-Small,Rs.,1499,599,60% off,Westernwear-Women
109f,DRW26,DRW26 - Westernwear-Women,womens off shoulder neck embroidered top - blue,"Size:Large,Medium,Small,X-Large,XX-Large",Rs.,1499,599,60% off,Westernwear-Women
109f,DRW27,DRW27 - Westernwear-Women,womens peter pan collar solid a-line dress - black,Size:Small,Rs.,2399,959,60% off,Westernwear-Women
109f,DRW28,DRW28 - Westernwear-Women,womens embroidered casual skirt - grey,"Size:Small,XX-Large",Rs.,2499,999,60% off,Westernwear-Women
109f,DRW29,DRW29 - Westernwear-Women,womens open front neck slub long shrug - grey,Size:Small,Rs.,1799,719,60% off,Westernwear-Women
109f,DRW30,DRW30 - Westernwear-Women,womens mandarin collar striped long shirt - lime green,Size:Small,Rs.,1599,639,60% off,Westernwear-Women
109f,DRW31,DRW31 - Westernwear-Women,stripes shirt collar rayon womens casual shirt - off white,"Size:Large,Medium,Small,XX-Large",Rs.,1758.9,1599,10% off,Westernwear-Women
109f,DRW32,DRW32 - Westernwear-Women,womens cold shoulder sleeves self pattern top - birch,"Size:Large,Small,X-Large,XX-Large",Rs.,2299,919,60% off,Westernwear-Women
109f,DRW33,DRW33 - Westernwear-Women,womens strappy neck printed maxi dress - black,"Size:Small,X-Small",Rs.,2499,999,60% off,Westernwear-Women
109f,DRW34,DRW34 - Westernwear-Women,printed polyester round neck womens sweatshirt - maroon,"Size:Large,Medium,X-Large,XX-Large",Rs.,2748.9,2499,10% off,Westernwear-Women
109f,DRW35,DRW35 - Westernwear-Women,womens mandarin neck solid knee length dress - black,"Size:Large,Medium,X-Large",Rs.,2499,999,60% off,Westernwear-Women
109f,DRW36,DRW36 - Westernwear-Women,womens round neck floral print tunic - yellow,Size:Medium,Rs.,1799,719,60% off,Westernwear-Women
109f,DRW37,DRW37 - Westernwear-Women,womens off shoulder stripe embroidered top - red,"Size:Large,Medium,Small",Rs.,999,399,60% off,Westernwear-Women
109f,DRW38,DRW38 - Westernwear-Women,womens 5 pocket solid pants - navy,"Size:Large,Medium,Small,X-Large,X-Small",Rs.,2899,1159,60% off,Westernwear-Women
109f,DRW39,DRW39 - Westernwear-Women,womens round neck solid jumpsuit - dark brown,Size:Large,Rs.,1999,799,60% off,Westernwear-Women
109f,DRW40,DRW40 - Westernwear-Women,womens one shoulder printed top - multi,"Size:Small,X-Large,X-Small",Rs.,1428.9,1299,10% off,Westernwear-Women
109f,DRW41,DRW41 - Westernwear-Women,womens round neck textured top - green,Size:XX-Large,Rs.,999,399,60% off,Westernwear-Women
109f,DRW42,DRW42 - Westernwear-Women,womens collared stripe top - black,"Size:Large,Medium,Small,X-Small",Rs.,1199,479,60% off,Westernwear-Women
109f,DRW43,DRW43 - Westernwear-Women,womens off shoulder embroidered top - cream,"Size:Large,Medium,Small,X-Large,XX-Large",Rs.,1699,679,60% off,Westernwear-Women
109f,DRW44,DRW44 - Westernwear-Women,womens floral print empire waist dress - grey,"Size:Medium,Small",Rs.,2199,879,60% off,Westernwear-Women
109f,DRW45,DRW45 - Westernwear-Women,womens round neck slub top - grey,"Size:X-Large,X-Small",Rs.,1499,599,60% off,Westernwear-Women
109f,DRW46,DRW46 - Westernwear-Women,womens round neck lace top - pink,Size:X-Large,Rs.,1799,719,60% off,Westernwear-Women
109f,DRW47,DRW47 - Westernwear-Women,womens round neck solid top - natural,"Size:Large,X-Large",Rs.,1199,479,60% off,Westernwear-Women
109f,DRW48,DRW48 - Westernwear-Women,womens embroidered casual shirt - cream,"Size:X-Large,XX-Large",Rs.,1499,599,60% off,Westernwear-Women
109f,DRW49,DRW49 - Westernwear-Women,solid shirt collar polyester womens top - purple,"Size:Large,Medium,Small,X-Large,XX-Large",Rs.,1868.9,1699,10% off,Westernwear-Women
109f,DRW50,DRW50 - Westernwear-Women,womens mandarin neck printed shirt - black,"Size:Large,Medium,Small,X-Large,XX-Large",Rs.,1699,679,60% off,Westernwear-Women
109f,DRW51,DRW51 - Westernwear-Women,womens round neck solid top - blush,Size:X-Large,Rs.,1499,599,60% off,Westernwear-Women
109f,DRW52,DRW52 - Westernwear-Women,womens tie up neck floral print top - black,"Size:Large,Medium,Small,X-Large,XX-Large",Rs.,1599,639,60% off,Westernwear-Women
109f,DRW53,DRW53 - Westernwear-Women,womens round neck slub embroidered peplum top - grey,"Size:Large,Small,X-Large,XX-Large",Rs.,1399,559,60% off,Westernwear-Women
109f,DRW54,DRW54 - Westernwear-Women,solid polyester round neck womens dress - maroon,"Size:Large,Medium,X-Large,XX-Large",Rs.,2418.9,2199,10% off,Westernwear-Women
109f,DRW55,DRW55 - Westernwear-Women,womens tie up neck solid top - carrot,"Size:Large,Medium,Small,X-Small",Rs.,1699,639,62% off,Westernwear-Women
109f,DRW56,DRW56 - Westernwear-Women,womens collared stripe skater dress - cream,"Size:X-Large,XX-Large",Rs.,1799,719,60% off,Westernwear-Women
109f,DRW57,DRW57 - Westernwear-Women,checks rayon mandarin womens dress - black mix,"Size:Large,Medium,Small,X-Large,XX-Large",Rs.,1758.9,1599,10% off,Westernwear-Women
109f,DRW58,DRW58 - Westernwear-Women,womens tie up neck striped top - blue,Size:X-Small,Rs.,2499,499,80% off,Westernwear-Women
109f,DRW59,DRW59 - Westernwear-Women,womens mandarin collar striped top - black,Size:Small,Rs.,1599,639,60% off,Westernwear-Women
109f,DRW60,DRW60 - Westernwear-Women,stripes polyester v neck womens top - black,"Size:Large,Medium,X-Large,XX-Large",Rs.,1648.9,1499,10% off,Westernwear-Women
109f,DRW61,DRW61 - Westernwear-Women,womens round neck lace top - birch,"Size:X-Large,XX-Large",Rs.,2299,919,60% off,Westernwear-Women
109f,DRW62,DRW62 - Westernwear-Women,womens round neck embroidered short dress - natural,"Size:Large,Small,X-Large",Rs.,2858.9,2599,10% off,Westernwear-Women
109f,DRW63,DRW63 - Westernwear-Women,womens tie up neck solid top - cream,"Size:Large,Medium,X-Large,XX-Large,XXX-Large",Rs.,1799,719,60% off,Westernwear-Women
109f,DRW64,DRW64 - Westernwear-Women,womens tie up neck printed top - navy,Size:X-Large,Rs.,999,399,60% off,Westernwear-Women
109f,DRW65,DRW65 - Westernwear-Women,womens printed casual shirt - black,Size:X-Small,Rs.,1799,719,60% off,Westernwear-Women
109f,DRW66,DRW66 - Westernwear-Women,womens round neck solid top - green,"Size:Large,X-Large",Rs.,1399,559,60% off,Westernwear-Women
109f,DRW67,DRW67 - Westernwear-Women,solid polyester halter neck womens top - fuschia,"Size:Large,Medium,X-Large,XX-Large",Rs.,1648.9,1499,10% off,Westernwear-Women
109f,DRW68,DRW68 - Westernwear-Women,womens notched neck embroidered top - cream,"Size:X-Large,XX-Large,XXX-Large",Rs.,1699,679,60% off,Westernwear-Women
109f,DRW69,DRW69 - Westernwear-Women,checks polyester blend collar neck womens casual shirt - black,"Size:Large,Medium,Small,X-Large,XX-Large",Rs.,1868.9,1699,10% off,Westernwear-Women
109f,DRW70,DRW70 - Westernwear-Women,womens round neck self printed top - yellow,"Size:Large,Medium,Small,X-Large,XX-Large",Rs.,1299,519,60% off,Westernwear-Women
109f,DRW71,DRW71 - Westernwear-Women,printed round neck rayon womens top - red,"Size:Large,Medium,Small",Rs.,1648.9,1499,10% off,Westernwear-Women
109f,DRW72,DRW72 - Westernwear-Women,womens round neck slub top - yellow,"Size:Large,Medium,Small",Rs.,1499,599,60% off,Westernwear-Women
109f,DRW73,DRW73 - Westernwear-Women,womens off shoulder checked top - blue,"Size:Large,X-Large",Rs.,1648.9,1499,10% off,Westernwear-Women
109f,DRW74,DRW74 - Westernwear-Women,womens mandarin collar embroidered top - black,Size:Small,Rs.,1599,639,60% off,Westernwear-Women
109f,DRW75,DRW75 - Westernwear-Women,womens round neck printed top - navy,"Size:Large,Medium,Small,X-Small",Rs.,1428.9,1299,10% off,Westernwear-Women
109f,DRW76,DRW76 - Westernwear-Women,womens round neck embroidered top - cream,"Size:Large,Medium,Small,X-Large,XX-Large",Rs.,1199,479,60% off,Westernwear-Women
109f,DRW77,DRW77 - Westernwear-Women,printed polyester v neck womens top - print,"Size:Large,Medium,Small,X-Large,XX-Large",Rs.,1758.9,1599,10% off,Westernwear-Women
109f,DRW78,DRW78 - Westernwear-Women,womens v neck solid top - red,Size:Medium,Rs.,1318.9,1199,10% off,Westernwear-Women
109f,DRW79,DRW79 - Westernwear-Women,womens round neck embellished top - birch,"Size:Large,Medium,X-Large,XX-Large",Rs.,2299,919,60% off,Westernwear-Women
109f,DRW80,DRW80 - Westernwear-Women,womens solid a-line dress - natural,"Size:Large,Small,X-Large,X-Small,XX-Large",Rs.,2198.9,1999,10% off,Westernwear-Women
109f,DRW81,DRW81 - Westernwear-Women,womens solid jeggings - navy,"Size:Small,X-Small",Rs.,1899,759,60% off,Westernwear-Women
109f,DRW82,DRW82 - Westernwear-Women,womens collared check skater dress - blue,Size:Large,Rs.,2418.9,2199,10% off,Westernwear-Women
109f,DRW83,DRW83 - Westernwear-Women,printed polyester blend round neck womens casual shirt - black,"Size:Large,Medium,Small,X-Large,XX-Large",Rs.,1868.9,1699,10% off,Westernwear-Women
109f,DRW84,DRW84 - Westernwear-Women,solid polyester round neck womens top - blue,"Size:Large,Medium,X-Large,XX-Large",Rs.,1648.9,1499,10% off,Westernwear-Women
109f,DRW85,DRW85 - Westernwear-Women,stripes rayon collar neck womens dress - black,"Size:Large,Small",Rs.,1758.9,1599,10% off,Westernwear-Women
109f,DRW86,DRW86 - Westernwear-Women,womens round neck solid top - yellow,Size:X-Large,Rs.,1499,599,60% off,Westernwear-Women
109f,DRW87,DRW87 - Westernwear-Women,womens collared check ruffled shirt - navy,Size:Large,Rs.,1978.9,1799,10% off,Westernwear-Women
109f,DRW88,DRW88 - Westernwear-Women,womens solid casual maxi dress - red,"Size:Medium,Small",Rs.,2799,1119,60% off,Westernwear-Women
109f,DRW89,DRW89 - Westernwear-Women,womens round neck printed ruffled top - blush,"Size:Medium,Small",Rs.,1399,559,60% off,Westernwear-Women
109f,DRW90,DRW90 - Westernwear-Women,womens 5 pocket coated jeans - blue,"Size:Small,X-Small",Rs.,1999,799,60% off,Westernwear-Women
109f,DRW91,DRW91 - Westernwear-Women,womens tie up neck floral print a-line dress - birch,"Size:Large,X-Large",Rs.,1999,799,60% off,Westernwear-Women
109f,DRW92,DRW92 - Westernwear-Women,checkered shirt collar polyester cotton womens casual shirt - blue,"Size:Large,Medium,Small,X-Large",Rs.,1868.9,1699,10% off,Westernwear-Women
109f,DRW93,DRW93 - Westernwear-Women,womens round neck floral print top - lime green,"Size:Large,Small",Rs.,1499,599,60% off,Westernwear-Women
109f,DRW94,DRW94 - Westernwear-Women,printed polyester round neck womens sweatshirt - grey,"Size:Large,Medium,X-Large,XX-Large",Rs.,2748.9,2499,10% off,Westernwear-Women
109f,DRW95,DRW95 - Westernwear-Women,solid cotton high neck womens top - black,"Size:Large,Medium,Small,X-Large,XX-Large",Rs.,1868.9,1699,10% off,Westernwear-Women
109f,DRW96,DRW96 - Westernwear-Women,womens semi square neck solid midi dress - red,Size:Small,Rs.,2299,919,60% off,Westernwear-Women
109f,DRW97,DRW97 - Westernwear-Women,womens off shoulder neck solid top - navy,"Size:Medium,X-Small",Rs.,1499,599,60% off,Westernwear-Women
109f,DRW98,DRW98 - Westernwear-Women,womens solid casual pants - off white,"Size:Large,XX-Large",Rs.,1999,599,70% off,Westernwear-Women
109f,DRW99,DRW99 - Westernwear-Women,womens round neck floral print top - grey,Size:X-Small,Rs.,1299,519,60% off,Westernwear-Women
109f,DRW100,DRW100 - Westernwear-Women,womens round neck solid top - black,"Size:Large,Medium,Small,X-Large,X-Small",Rs.,1318.9,1199,10% off,Westernwear-Women
109f,DRW101,DRW101 - Westernwear-Women,womens collared checked tunic - green,"Size:Large,Small,X-Large",Rs.,2198.9,1999,10% off,Westernwear-Women
109f,DRW102,DRW102 - Westernwear-Women,womens textured casual top - blue,"Size:Large,Medium,Small,X-Large",Rs.,1318.9,1199,10% off,Westernwear-Women
109f,DRW103,DRW103 - Westernwear-Women,solid rayon round neck womens top - yellow,"Size:Large,X-Large",Rs.,1648.9,1499,10% off,Westernwear-Women
109f,DRW104,DRW104 - Westernwear-Women,womens round neck embroidered top - coral,Size:Small,Rs.,1399,559,60% off,Westernwear-Women
109f,DRW105,DRW105 - Westernwear-Women,solid viscose round neck womens regular fit top - yellow,"Size:Large,Medium,Small,X-Large,XX-Large",Rs.,1428.9,1299,10% off,Westernwear-Women
109f,DRW106,DRW106 - Westernwear-Women,womens solid casual shirt - natural,Size:X-Large,Rs.,1699,679,60% off,Westernwear-Women
109f,DRW107,DRW107 - Westernwear-Women,womens round neck lace top - birch,Size:Medium,Rs.,1599,639,60% off,Westernwear-Women
109f,DRW108,DRW108 - Westernwear-Women,printed round neck rayon womens top - black,"Size:Medium,Small,X-Large",Rs.,1868.9,1699,10% off,Westernwear-Women
109f,DRW109,DRW109 - Westernwear-Women,checks rayon mandarin womens top - black,"Size:X-Large,XX-Large",Rs.,1868.9,1699,10% off,Westernwear-Women
109f,DRW110,DRW110 - Westernwear-Women,solid shirt collar regular fit womens casual shirt - olive,Size:X-Large,Rs.,1648.9,1499,10% off,Westernwear-Women
109f,DRW111,DRW111 - Westernwear-Women,womens round neck solid top - black,Size:X-Small,Rs.,1299,519,60% off,Westernwear-Women
109f,DRW112,DRW112 - Westernwear-Women,womens one shoulder solid top - blue,"Size:Small,X-Small",Rs.,1538.9,1399,10% off,Westernwear-Women
109f,DRW113,DRW113 - Westernwear-Women,womens round neck solid embroidered top - white,Size:Small,Rs.,1399,559,60% off,Westernwear-Women
109f,DRW114,DRW114 - Westernwear-Women,stripes rayon mandarin womens dress - mustard,"Size:Large,Medium,Small,X-Large,XX-Large",Rs.,2418.9,2199,10% off,Westernwear-Women
18.21 man made,FW1,FW1 - Fragrance-Women,spiced vanilla man made wash 946 ml,Nan,Rs.,6050,5500,10% off,Fragrance-Women
aarke,AARKE1,AARKE1 - Westernwear-Women,solid sleeveless polyester blend womens jumpsuit - black,"Size:Large,Medium,Small,X-Small",Rs.,3190,2900,10% off,Westernwear-Women
aarke,AARKE2,AARKE2 - Indianwear-Women,printed chiffon v neck womens short top - dusty pink,"Size:Large,Medium,X-Large",Rs.,2530,2300,10% off,Indianwear-Women
aarke,AARKE3,AARKE3 - Indianwear-Women,regular fit calf length polyester blend womens fusion wear skirt - rust,"Size:Large,Medium,Small,X-Large",Rs.,2090,1900,10% off,Indianwear-Women
aarke,AARKE4,AARKE4 - Indianwear-Women,regular fit calf length polyester blend womens fusion wear skirt - green,"Size:Large,Medium,Small,X-Large",Rs.,2090,1900,10% off,Indianwear-Women
aarke,AARKE5,AARKE5 - Indianwear-Women,printed round neck polyester blend womens dress - blue,"Size:Large,Medium,Small,X-Small",Rs.,4290,3900,10% off,Indianwear-Women
aarke,AARKE6,AARKE6 - Indianwear-Women,printed polyester blend round neck womens short top - ecru,"Size:Large,Medium,Small",Rs.,2090,1900,10% off,Indianwear-Women
aarke,AARKE7,AARKE7 - Indianwear-Women,printed polyester blend v neck womens short top - ecru,"Size:Large,Medium,Small,X-Large",Rs.,2090,1900,10% off,Indianwear-Women
aarke,AARKE8,AARKE8 - Indianwear-Women,printed polyester blend mandarin womens fusion wear kurta - blue,"Size:Large,Medium,Small,X-Large,X-Small",Rs.,3740,3400,10% off,Indianwear-Women
aarke,AARKE9,AARKE9 - Indianwear-Women,printed square neck rayon blend womens long dress - blue,"Size:Large,Medium,Small,X-Small",Rs.,3190,2900,10% off,Indianwear-Women
aarke,AARKE10,AARKE10 - Indianwear-Women,embroidered rayon blend round neck womens ethnic set - red,"Size:Large,Medium,Small,X-Large,XX-Large",Rs.,6160,5600,10% off,Indianwear-Women
aarke,AARKE11,AARKE11 - Indianwear-Women,embroidered rayon blend v neck womens short top - blue,"Size:Large,Medium,Small,X-Large",Rs.,2970,2700,10% off,Indianwear-Women
aarke,AARKE12,AARKE12 - Indianwear-Women,printed cotton blend round neck womens ethnic set - ecru,"Size:Large,Medium,Small,X-Small",Rs.,3850,3500,10% off,Indianwear-Women
aarke,AARKE13,AARKE13 - Indianwear-Women,embroidered rayon blend round neck womens ethnic set - blue,"Size:Large,Medium,Small,X-Small",Rs.,6490,5900,10% off,Indianwear-Women
aarke,AARKE14,AARKE14 - Indianwear-Women,printed rayon blend round neck womens ethnic set - blue,"Size:Large,Small,X-Large",Rs.,5170,4700,10% off,Indianwear-Women
aarke,AARKE15,AARKE15 - Indianwear-Women,printed cotton blend collar neck womens shirt blouse - ecru,"Size:Medium,Small,X-Large",Rs.,1980,1800,10% off,Indianwear-Women
aarke,AARKE16,AARKE16 - Indianwear-Women,embroidered v neck rayon blend womens dress - lavender,"Size:Large,Medium,Small,X-Small",Rs.,3520,3200,10% off,Indianwear-Women
aarke,AARKE17,AARKE17 - Indianwear-Women,printed cotton blend collar neck womens shirt blouse - red,"Size:Large,Small",Rs.,1980,1800,10% off,Indianwear-Women
aarke,AARKE18,AARKE18 - Indianwear-Women,printed chiffon round neck womens short top - violet,"Size:Large,Small,X-Large",Rs.,2640,2400,10% off,Indianwear-Women
aarke,AARKE19,AARKE19 - Indianwear-Women,printed v neck rayon blend womens long dress - blue,"Size:Large,X-Large,X-Small",Rs.,3190,2900,10% off,Indianwear-Women
aarke,AARKE20,AARKE20 - Indianwear-Women,printed polyester blend collar neck womens shirt blouse - blue,Size:Small,Rs.,2860,2600,10% off,Indianwear-Women
aarke,AARKE21,AARKE21 - Indianwear-Women,printed square neck rayon blend womens long dress - rust,"Size:Medium,Small,X-Small",Rs.,3190,2900,10% off,Indianwear-Women
aarke,AARKE22,AARKE22 - Indianwear-Women,embroidered rayon blend round neck womens ethnic set - yellow,"Size:Large,Medium,Small",Rs.,6490,5900,10% off,Indianwear-Women
aarke,AARKE23,AARKE23 - Indianwear-Women,printed round neck polyester blend womens dress - pink,"Size:Large,Medium,Small,X-Small",Rs.,4290,3900,10% off,Indianwear-Women
aarke,AARKE24,AARKE24 - Indianwear-Women,printed mandarin cotton blend womens dress - pink,"Size:Medium,Small,X-Small",Rs.,#REF!,2900,10% off,Indianwear-Women
aarke,AARKE25,AARKE25 - Indianwear-Women,printed square neck cotton blend womens dress - red,"Size:Large,Medium,Small,X-Small",Rs.,#REF!,2900,10% off,Indianwear-Women
aarke,AARKE26,AARKE26 - Indianwear-Women,printed polyester blend v neck womens short top - yellow,"Size:Medium,Small",Rs.,#REF!,1900,10% off,Indianwear-Women
aarke,AARKE27,AARKE27 - Indianwear-Women,embroidered cotton blend round neck womens ethnic set - turquoise,"Size:Medium,Small,X-Large",Rs.,#REF!,5500,10% off,Indianwear-Women
aarke,AARKE28,AARKE28 - Indianwear-Women,printed chiffon round neck womens short top - yellow,"Size:Large,Medium,X-Large",Rs.,#REF!,2400,10% off,Indianwear-Women
aarke,AARKE29,AARKE29 - Indianwear-Women,printed rayon blend round neck womens ethnic set - rust,"Size:Large,Medium,Small,X-Large",Rs.,0,4700,10% off,Indianwear-Women
aarke,AARKE30,AARKE30 - Indianwear-Women,printed rayon blend round neck womens ethnic set - sky blue,"Size:Large,Medium,X-Large",Rs.,0,3900,10% off,Indianwear-Women
aarke,AARKE31,AARKE31 - Indianwear-Women,printed square neck cotton blend womens dress - ecru,"Size:Large,Medium,Small,X-Small",Rs.,0,2900,10% off,Indianwear-Women
aarke,AARKE32,AARKE32 - Indianwear-Women,printed cowl neck polyester blend womens long dress - white,"Size:Medium,Small,X-Small",Rs.,0,3400,10% off,Indianwear-Women
aarke,AARKE33,AARKE33 - Indianwear-Women,printed round neck cotton blend womens dress - blue,"Size:Large,Medium,Small,X-Small",Rs.,0,2900,10% off,Indianwear-Women
aarke,AARKE34,AARKE34 - Indianwear-Women,printed round neck chiffon womens dress - pink,"Size:Large,Medium,Small",Rs.,0,3600,10% off,Indianwear-Women
aarke,AARKE35,AARKE35 - Indianwear-Women,printed square neck rayon slub womens short top - turquoise,Size:Large,Rs.,0,1700,10% off,Indianwear-Women
aarke,AARKE36,AARKE36 - Indianwear-Women,embroidered poly cotton round neck womens ethnic set - gold,"Size:Medium,Small",Rs.,0,5900,10% off,Indianwear-Women
aarke,AARKE37,AARKE37 - Indianwear-Women,printed shirt collar rayon slub womens top - red,Size:Medium,Rs.,1900,1140,40% off,Indianwear-Women
aarke,AARKE38,AARKE38 - Indianwear-Women,printed round neck cotton blend womens dress - rust,Size:Medium,Rs.,0,2900,10% off,Indianwear-Women
aarke,AARKE39,AARKE39 - Indianwear-Women,printed cotton blend collar neck womens shirt blouse - yellow,"Size:Large,Medium,Small",Rs.,0,1900,10% off,Indianwear-Women
aarke,AARKE40,AARKE40 - Indianwear-Women,printed mandarin cotton blend womens dress - yellow,"Size:Large,Medium,Small,X-Small",Rs.,0,2900,10% off,Indianwear-Women
aarke,AARKE41,AARKE41 - Indianwear-Women,printed polyester blend collar neck womens shirt blouse - rust,Size:Large,Rs.,0,2400,10% off,Indianwear-Women
aarke,AARKE42,AARKE42 - Indianwear-Women,printed v neck polyester blend womens dress - green,"Size:Small,X-Small",Rs.,0,3600,10% off,Indianwear-Women
aarke,AARKE43,AARKE43 - Indianwear-Women,printed rayon blend collar neck womens shirt blouse - blue,Size:Small,Rs.,0,1900,10% off,Indianwear-Women
aarke,AARKE44,AARKE44 - Indianwear-Women,printed polyester blend collar neck womens shirt blouse - green,Size:Small,Rs.,0,2400,10% off,Indianwear-Women
aarke,AARKE45,AARKE45 - Lingerie&Nightwear-Women,printed polyester blend v neck womens kaftan - rust,"Size:Large,Medium,Small",Rs.,0,3600,10% off,Lingerie&Nightwear-Women
abercrombie & fitch,AF1,AF1 - Fragrance-Women,first instinct eau de parfum - 100ml,Nan,Rs.,5700,3990,30% off,Fragrance-Women
abercrombie & fitch,AF2,AF2 - Fragrance-Women,womens first instinct blue eau de parfum - 100ml,Nan,Rs.,5700,3990,30% off,Fragrance-Women
abercrombie & fitch,AF3,AF3 - Fragrance-Women,womens first instinct eau de toilette set of 2 - 100ml+15 ml,Nan,Rs.,0,5700,10% off,Fragrance-Women
abercrombie & fitch,AF4,AF4 - Fragrance-Women,womens first instinct sheer eau de parfum 100 ml,Nan,Rs.,4500,4050,10% off,Fragrance-Women
abercrombie & fitch,AF5,AF5 - Fragrance-Women,womens authentic eau de parfum 100 ml,Nan,Rs.,4900,4410,10% off,Fragrance-Women
accessorize,AJ1,AJ1 - Jewellery-Women,womens turq teardrop pendant - red,Nan,Rs.,4.5,995,10% off,Jewellery-Women
adidas,ADIDAS1,ADIDAS1 - Westernwear-Women,striped regular fit blended womens sports tights - black,Size:X-Small,Rs.,1799,899,50% off,Westernwear-Women
adidas,ADIDAS2,ADIDAS2 - Westernwear-Women,stripes regular cotton womens sports wear pants - black,"Size:36,40,48",Rs.,1499,1049,30% off,Westernwear-Women
adidas,ADIDAS3,ADIDAS3 - Westernwear-Women,solid cotton blend round neck womens regular fit t-shirt - black,"Size:Large,Medium,Small,X-Large,X-Small",Rs.,1199,599,50% off,Westernwear-Women
adidas,ADIDAS4,ADIDAS4 - Westernwear-Women,solid slim fit cotton womens casual wear track pants - black,"Size:Medium,Small,X-Large,X-Small",Rs.,1999,1399,30% off,Westernwear-Women
adidas,ADIDAS5,ADIDAS5 - Westernwear-Women,solid cotton round neck womens t-shirt - pink,"Size:Large,Medium,Small,X-Large,X-Small",Rs.,1599,799,50% off,Westernwear-Women
adidas,ADIDAS6,ADIDAS6 - Westernwear-Women,printed polyester crew neck womens t-shirt - black,"Size:Medium,Small,X-Large,X-Small",Rs.,1499,1049,30% off,Westernwear-Women
adidas,ADIDAS7,ADIDAS7 - Westernwear-Women,regular fit polyester womens active wear tights - black,"Size:Large,Medium,Small,X-Large,X-Small",Rs.,2799,1399,50% off,Westernwear-Women
adidas,ADIDAS8,ADIDAS8 - Westernwear-Women,solid polyester round neck womens t-shirt - black,"Size:Large,Medium,Small,X-Large,X-Small",Rs.,1599,799,50% off,Westernwear-Women
adidas,ADIDAS9,ADIDAS9 - Westernwear-Women,printed regular fit blended womens active wear tights - navy,"Size:Small,X-Small",Rs.,1999,999,50% off,Westernwear-Women
adidas,ADIDAS10,ADIDAS10 - Westernwear-Women,printed regular fit polyester womens sports t-shirt - white,"Size:Large,Medium,Small,X-Large,X-Small",Rs.,1599,799,50% off,Westernwear-Women
adidas,ADIDAS11,ADIDAS11 - Westernwear-Women,printed crew neck cotton womens t-shirt - black,"Size:Medium,Small,X-Large,X-Small",Rs.,1799,1259,30% off,Westernwear-Women
adidas,ADIDAS12,ADIDAS12 - Westernwear-Women,solid regular fit polyester womens active wear shorts - black,"Size:Large,Medium,Small,X-Large,X-Small",Rs.,1799,1259,30% off,Westernwear-Women
adidas,ADIDAS13,ADIDAS13 - Westernwear-Women,solid fitted fit polyester womens track pants - black,"Size:Large,Medium,Small,X-Large,X-Small",Rs.,2699,1349,50% off,Westernwear-Women
adidas,ADIDAS14,ADIDAS14 - Westernwear-Women,stripes cotton fitted womens casual tights - grey,"Size:Large,Medium,Small,X-Large,X-Small",Rs.,1799,1259,30% off,Westernwear-Women
adidas,ADIDAS15,ADIDAS15 - Westernwear-Women,solid polyester polo collar womens t-shirt - black,"Size:Large,Medium,Small,X-Large,X-Small",Rs.,1499,749,50% off,Westernwear-Women
adidas,ADIDAS16,ADIDAS16 - Westernwear-Women,regular fit cotton womens active wear tights - black,"Size:Small,X-Small",Rs.,1599,799,50% off,Westernwear-Women
adidas,ADIDAS17,ADIDAS17 - Westernwear-Women,stripes regular cotton womens sports wear pants - carbon,"Size:32,36,40,44",Rs.,1499,1049,30% off,Westernwear-Women
adidas,ADIDAS18,ADIDAS18 - Westernwear-Women,stripes slim fit polyester womens athleisure track pants - blue,"Size:Large,Medium,Small,X-Large,X-Small",Rs.,2499,1749,30% off,Westernwear-Women
adidas,ADIDAS19,ADIDAS19 - Westernwear-Women,printed cotton round neck womens t-shirt - blue,"Size:Large,Medium,Small,X-Large,X-Small",Rs.,1299,909,30% off,Westernwear-Women
adidas,ADIDAS20,ADIDAS20 - Westernwear-Women,stripes cotton crew neck womens t-shirt - mauve,"Size:28,32",Rs.,1999,1399,30% off,Westernwear-Women
adidas,ADIDAS21,ADIDAS21 - Westernwear-Women,stripes cotton fitted womens casual tights - pink,"Size:Large,Medium,Small,X-Large,X-Small",Rs.,1799,1259,30% off,Westernwear-Women
adidas,ADIDAS22,ADIDAS22 - Westernwear-Women,printed polyester crew neck womens t-shirt - black,"Size:Large,Medium,Small,X-Large,X-Small",Rs.,2299,1609,30% off,Westernwear-Women
adidas,ADIDAS23,ADIDAS23 - Westernwear-Women,stripes crew neck polyester womens t-shirt - black,"Size:Large,Medium,Small,X-Small",Rs.,1399,979,30% off,Westernwear-Women
adidas,ADIDAS24,ADIDAS24 - Westernwear-Women,striped fitted fit polyester womens track pants - black,"Size:X-Large,XX-Large,XXX-Large",Rs.,2499,1249,50% off,Westernwear-Women
adidas,ADIDAS25,ADIDAS25 - Westernwear-Women,printed tight fit polyester womens track pants - navy,"Size:Large,Medium,Small,X-Large,X-Small",Rs.,2499,1249,50% off,Westernwear-Women
adidas,ADIDAS26,ADIDAS26 - Westernwear-Women,printed polyester crew neck womens t-shirt - white,"Size:Large,Medium,Small,X-Large,X-Small",Rs.,1499,1049,30% off,Westernwear-Women
adidas,ADIDAS27,ADIDAS27 - Westernwear-Women,striped slim fit polyester womens shorts - grey,Size:X-Large,Rs.,1799,899,50% off,Westernwear-Women
adidas,ADIDAS28,ADIDAS28 - Westernwear-Women,solid regular fit blended womens active wear tights - black,"Size:Large,Medium,Small,X-Small",Rs.,2499,1249,50% off,Westernwear-Women
adidas,ADIDAS29,ADIDAS29 - Westernwear-Women,printed crew neck cotton womens t-shirt - green,"Size:Large,Medium,Small,X-Large,X-Small",Rs.,1799,1259,30% off,Westernwear-Women
adidas,ADIDAS30,ADIDAS30 - Westernwear-Women,solid regular fit polyester womens active wear shorts - red,"Size:Large,Medium,Small,X-Large,X-Small",Rs.,1799,899,50% off,Westernwear-Women
adidas,ADIDAS31,ADIDAS31 - Westernwear-Women,solid polyester round neck womens t-shirt - pink,"Size:Large,Medium,Small,X-Small",Rs.,1599,1119,30% off,Westernwear-Women
adidas,ADIDAS32,ADIDAS32 - Westernwear-Women,printed cotton crew neck womens t-shirt - lemon,"Size:Large,Medium,Small,X-Large,X-Small",Rs.,2499,1749,30% off,Westernwear-Women
adidas,ADIDAS33,ADIDAS33 - Westernwear-Women,fitted polyester womens casual shorts - red,"Size:Large,Medium,Small,X-Large,X-Small",Rs.,1799,1259,30% off,Westernwear-Women
adidas,ADIDAS34,ADIDAS34 - Westernwear-Women,striped cotton round neck womens dress - purple,"Size:74,80,86,92,98,104",Rs.,2299,1149,50% off,Westernwear-Women
adidas,ADIDAS35,ADIDAS35 - Westernwear-Women,printed polyester fitted womens casual tights - black,"Size:Large,Medium,Small,X-Large,X-Small",Rs.,3299,2309,30% off,Westernwear-Women
adidas,ADIDAS36,ADIDAS36 - Westernwear-Women,striped polyester round neck womens t-shirt - black,"Size:Large,Medium,X-Large",Rs.,2999,1499,50% off,Westernwear-Women
adidas,ADIDAS37,ADIDAS37 - Westernwear-Women,printed cotton round neck womens t-shirt - white,"Size:Large,Medium,Small,X-Large,X-Small",Rs.,1499,1049,30% off,Westernwear-Women
adidas,ADIDAS38,ADIDAS38 - Westernwear-Women,regular fit polyester womens casual shorts - black,"Size:Large,Medium,X-Large",Rs.,2699,1889,30% off,Westernwear-Women
adidas,ADIDAS39,ADIDAS39 - Westernwear-Women,regular fit polyester womens casual shorts - black,"Size:Large,Medium,Small,X-Large,X-Small",Rs.,1799,1259,30% off,Westernwear-Women
adidas,ADIDAS40,ADIDAS40 - Westernwear-Women,solid cotton round neck womens t-shirt - blue,"Size:Large,Medium,Small,X-Large,X-Small",Rs.,1599,799,50% off,Westernwear-Women
adidas,ADIDAS41,ADIDAS41 - Westernwear-Women,printed cotton crew neck womens t-shirt - black,Size:28,Rs.,1999,1399,30% off,Westernwear-Women
adidas,ADIDAS42,ADIDAS42 - Westernwear-Women,regular fit regular length polyester blend womens leggings - black,"Size:Large,Medium,Small,X-Large,X-Small",Rs.,3999,1999,50% off,Westernwear-Women
adidas,ADIDAS43,ADIDAS43 - Westernwear-Women,solid fitted fit polyester womens tights - black,"Size:Medium,Small,X-Large,X-Small",Rs.,1999,999,50% off,Westernwear-Women
adidas,ADIDAS44,ADIDAS44 - Westernwear-Women,printed regular polyester womens sports wear pants - legend blue,"Size:36,40,44",Rs.,1799,1259,30% off,Westernwear-Women
adidas,ADIDAS45,ADIDAS45 - Westernwear-Women,printed polyester crew neck womens t-shirt - mauve,"Size:Large,Medium,Small,X-Large,X-Small",Rs.,2299,1609,30% off,Westernwear-Women
adidas,ADIDAS46,ADIDAS46 - Westernwear-Women,printed polyester crew neck womens top - purple,"Size:Large,Medium,Small,X-Large,X-Small",Rs.,1799,1259,30% off,Westernwear-Women
adidas,ADIDAS47,ADIDAS47 - Westernwear-Women,fitted polyester womens casual shorts - navy,"Size:Large,Medium,Small,X-Large,X-Small",Rs.,1799,1259,30% off,Westernwear-Women
adidas,ADIDAS48,ADIDAS48 - Westernwear-Women,solid polyester crew neck womens t-shirt - burgundy,"Size:Large,Medium,Small,X-Large,X-Small",Rs.,2699,1889,30% off,Westernwear-Women
adidas,ADIDAS49,ADIDAS49 - Westernwear-Women,printed cotton crew neck womens t-shirt - rust,"Size:28,32,36,40",Rs.,1999,1399,30% off,Westernwear-Women
adidas,ADIDAS50,ADIDAS50 - Westernwear-Women,printed cotton round neck womens t-shirt - black,"Size:Large,Medium,Small",Rs.,1199,839,30% off,Westernwear-Women
adidas,ADIDAS51,ADIDAS51 - Westernwear-Women,solid polyester round neck womens t-shirt - white,"Size:Large,Medium,Small,X-Large",Rs.,1799,899,50% off,Westernwear-Women
adidas,ADIDAS52,ADIDAS52 - Westernwear-Women,striped slim fit polyester womens tights - pink,"Size:104,110,116,128,140,SIZE_164,SIZE_170",Rs.,1999,999,50% off,Westernwear-Women
adidas,ADIDAS53,ADIDAS53 - Westernwear-Women,stripes crew neck polyester womens t-shirt - grey,"Size:Large,Medium,Small,X-Small",Rs.,1399,979,30% off,Westernwear-Women
adidas,ADIDAS54,ADIDAS54 - Westernwear-Women,stripes polyester fitted womens casual tights - black,"Size:Large,Medium,Small,X-Large,X-Small",Rs.,3799,2659,30% off,Westernwear-Women
adidas,ADIDAS55,ADIDAS55 - Westernwear-Women,solid polyester round neck womens t-shirt - red,"Size:Large,Medium,Small,X-Small",Rs.,1599,1119,30% off,Westernwear-Women
adidas,ADIDAS56,ADIDAS56 - Westernwear-Women,solid tight fit polyester womens tights - black,"Size:Large,Medium,X-Large,X-Small",Rs.,3299,1649,50% off,Westernwear-Women
adidas,ADIDAS57,ADIDAS57 - Westernwear-Women,solid blended round neck womens t-shirt - grey,"Size:Large,Medium,Small,X-Large,X-Small",Rs.,2999,1499,50% off,Westernwear-Women
adidas,ADIDAS58,ADIDAS58 - Westernwear-Women,printed regular fit polyester womens active wear tights - pink,"Size:Small,X-Small",Rs.,2499,1249,50% off,Westernwear-Women
adidas,ADIDAS59,ADIDAS59 - Westernwear-Women,solid crew neck polyester womens t-shirt - purple,"Size:Large,Medium,Small,X-Small",Rs.,2299,1609,30% off,Westernwear-Women
adidas,ADIDAS60,ADIDAS60 - Westernwear-Women,striped regular fit polyester womens track pants - black,"Size:Large,Medium,Small,X-Large,X-Small",Rs.,3299,2309,30% off,Westernwear-Women
adidas,ADIDAS61,ADIDAS61 - Westernwear-Women,solid regular fit polyester womens skirt - black,"Size:Large,Medium,Small,X-Small",Rs.,2499,1249,50% off,Westernwear-Women
adidas,ADIDAS62,ADIDAS62 - Westernwear-Women,stripes polyester slim fit womens casual pants - black,"Size:Large,Medium,Small,X-Large,X-Small",Rs.,2699,1889,30% off,Westernwear-Women
adidas,ADIDAS63,ADIDAS63 - Westernwear-Women,printed crew neck polyester womens t-shirt - green,"Size:Large,Medium,Small",Rs.,1799,1259,30% off,Westernwear-Women
adidas,ADIDAS64,ADIDAS64 - Westernwear-Women,cotton round neck womens t-shirt - white,"Size:110,116,128,140,SIZE_152,SIZE_164,SIZE_170",Rs.,1199,599,50% off,Westernwear-Women
adidas,ADIDAS65,ADIDAS65 - Westernwear-Women,striped cotton round neck womens t-shirt - white,"Size:92,98,104,110,116,122,128,134",Rs.,1999,999,50% off,Westernwear-Women
adidas,ADIDAS66,ADIDAS66 - Westernwear-Women,printed cotton round neck womens t-shirt - white,"Size:Large,Medium,Small,X-Large,X-Small",Rs.,1599,1119,30% off,Westernwear-Women
adidas,ADIDAS67,ADIDAS67 - Westernwear-Women,stripes slim fit cotton womens casual wear track pants - red,"Size:Large,Medium,Small,X-Large,X-Small",Rs.,1799,1259,30% off,Westernwear-Women
adidas,ADIDAS68,ADIDAS68 - Westernwear-Women,printed cotton round neck womens t-shirt - white,"Size:Large,Small,X-Large,X-Small",Rs.,1399,979,30% off,Westernwear-Women
adidas,ADIDAS69,ADIDAS69 - Westernwear-Women,printed cotton round neck womens t-shirt - white,"Size:Large,Medium,X-Large",Rs.,8.9,1499,10% off,Westernwear-Women
adidas,ADIDAS70,ADIDAS70 - Westernwear-Women,printed cotton round neck womens t-shirt - orange,"Size:Large,Medium,Small,X-Large",Rs.,1999,1399,30% off,Westernwear-Women
adidas,ADIDAS71,ADIDAS71 - Westernwear-Women,printed cotton round neck womens t-shirt - white,"Size:104,110,116,128,140",Rs.,1799,899,50% off,Westernwear-Women
adidas,ADIDAS72,ADIDAS72 - Westernwear-Women,stripes cotton regular fit womens tights - grey,"Size:110,116,128,140",Rs.,2699,1889,30% off,Westernwear-Women
adidas,ADIDAS73,ADIDAS73 - Westernwear-Women,printed cotton skinny fit womens tights - multi,"Size:Large,Medium,Small,X-Large,X-Small",Rs.,3299,2309,30% off,Westernwear-Women
adidas,ADIDAS74,ADIDAS74 - Westernwear-Women,printed fitted fit polyester womens tights - white,"Size:128,140,SIZE_152,SIZE_164",Rs.,2999,1499,50% off,Westernwear-Women
adidas,ADIDAS75,ADIDAS75 - Westernwear-Women,stripes polyester slim fit womens pants - black,"Size:Large,Medium,Small,X-Large,X-Small",Rs.,2499,1249,50% off,Westernwear-Women
adidas,ADIDAS76,ADIDAS76 - Westernwear-Women,printed polyester v neck womens t-shirt - carbon,"Size:128,140",Rs.,1799,1259,30% off,Westernwear-Women
adidas,ADIDAS77,ADIDAS77 - Westernwear-Women,stripes slim cotton womens casual wear pants - grey,"Size:Large,Medium,Small,X-Large",Rs.,2799,1959,30% off,Westernwear-Women
adidas,ADIDAS78,ADIDAS78 - Westernwear-Women,printed cotton round neck womens t-shirt - green,"Size:Medium,X-Small",Rs.,1199,839,30% off,Westernwear-Women
adidas,ADIDAS79,ADIDAS79 - Westernwear-Women,printed cotton regular fit womens tights - mauve,"Size:128,140",Rs.,2799,1959,30% off,Westernwear-Women
adidas,ADIDAS80,ADIDAS80 - Westernwear-Women,printed polyester crew neck womens t-shirt - black,"Size:Large,Medium,Small,X-Large,X-Small",Rs.,1999,1399,30% off,Westernwear-Women
adidas,ADIDAS81,ADIDAS81 - Westernwear-Women,solid fitted fit polyester womens track pants - black,"Size:X-Large,XX-Large,XXX-Large",Rs.,2699,1889,30% off,Westernwear-Women
adidas,ADIDAS82,ADIDAS82 - Westernwear-Women,solid polyester round neck womens t-shirt - purple,Size:Small,Rs.,1599,1119,30% off,Westernwear-Women
adidas,ADIDAS83,ADIDAS83 - Westernwear-Women,printed regular fit polyester womens track pants - red,"Size:Large,Medium,Small,X-Large,X-Small",Rs.,2999,2099,30% off,Westernwear-Women
adidas,ADIDAS84,ADIDAS84 - Westernwear-Women,printed polyester fitted womens casual tights - grey,"Size:Large,Medium,Small,X-Large,X-Small",Rs.,3299,2309,30% off,Westernwear-Women
adidas,ADIDAS85,ADIDAS85 - Westernwear-Women,printed nylon round neck womens dress - black,"Size:116,128,140,SIZE_152,SIZE_164",Rs.,1999,999,50% off,Westernwear-Women
adidas,ADIDAS86,ADIDAS86 - Westernwear-Women,printed cotton fitted womens casual tights - blue,"Size:Large,Medium,X-Small",Rs.,1799,1259,30% off,Westernwear-Women
adidas,ADIDAS87,ADIDAS87 - Westernwear-Women,solid polyester fitted womens casual tights - navy,"Size:Large,Medium,Small,X-Large,X-Small",Rs.,4299,3009,30% off,Westernwear-Women
adidas,ADIDAS88,ADIDAS88 - Westernwear-Women,cotton round neck womens t-shirt - pink,"Size:110,116,128,140,SIZE_152,SIZE_164,SIZE_170",Rs.,1199,599,50% off,Westernwear-Women
adidas,ADIDAS89,ADIDAS89 - Westernwear-Women,printed crew neck polyester womens t-shirt - burgundy,"Size:Large,Medium,Small,X-Large,X-Small",Rs.,2299,1609,30% off,Westernwear-Women
adidas,ADIDAS90,ADIDAS90 - Westernwear-Women,solid polyester round neck womens t-shirt - purple,Size:Large,Rs.,2299,1609,30% off,Westernwear-Women
adidas,ADIDAS91,ADIDAS91 - Westernwear-Women,printed polyester fitted womens casual tights - blue,"Size:Large,Medium,Small,X-Large,X-Small",Rs.,2799,1959,30% off,Westernwear-Women
adidas,ADIDAS92,ADIDAS92 - Westernwear-Women,solid polyester round neck womens t-shirt - black,"Size:Large,Medium,Small,X-Large",Rs.,1799,1259,30% off,Westernwear-Women
adidas,ADIDAS93,ADIDAS93 - Westernwear-Women,stripes polyester crew neck womens t-shirt - mauve,"Size:Large,Medium,Small,X-Large,X-Small",Rs.,2299,1609,30% off,Westernwear-Women
adidas,ADIDAS94,ADIDAS94 - Westernwear-Women,striped regular fit cotton womens shorts - black,"Size:Large,Medium,Small,X-Small",Rs.,2499,1749,30% off,Westernwear-Women
adidas,ADIDAS95,ADIDAS95 - Westernwear-Women,stripes cotton regular fit womens tights - black,"Size:110,116,128,140",Rs.,2699,1889,30% off,Westernwear-Women
adidas,ADIDAS96,ADIDAS96 - Westernwear-Women,printed polyester crew neck womens t-shirt - red,"Size:110,116,128,140",Rs.,1599,1119,30% off,Westernwear-Women
adidas,ADIDAS97,ADIDAS97 - Westernwear-Women,printed polyester crew neck womens t-shirt - mauve,"Size:Large,Medium,Small,X-Large",Rs.,3299,2309,30% off,Westernwear-Women
adidas,ADIDAS98,ADIDAS98 - Westernwear-Women,solid round neck polyester womens t-shirt - blue,"Size:Large,Medium,Small,X-Large,X-Small",Rs.,1799,1259,30% off,Westernwear-Women
adidas,ADIDAS99,ADIDAS99 - Westernwear-Women,solid round neck polyester womens sweatshirt - purple,"Size:Large,Medium,Small,X-Large",Rs.,2999,2099,30% off,Westernwear-Women
adidas,ADIDAS100,ADIDAS100 - Westernwear-Women,printed polyester round neck womens t-shirt - yellow,"Size:116,128,140,SIZE_152,SIZE_164",Rs.,8.9,1599,10% off,Westernwear-Women
adidas,ADIDAS101,ADIDAS101 - Westernwear-Women,printed crew neck polyester womens t-shirt - blue,"Size:Large,Medium,Small,X-Large,X-Small",Rs.,2299,1609,30% off,Westernwear-Women
adidas,ADIDAS102,ADIDAS102 - Westernwear-Women,striped regular fit cotton womens tights - purple,"Size:128,140,SIZE_152,SIZE_164,SIZE_170",Rs.,8.9,2499,10% off,Westernwear-Women
adidas,ADIDAS103,ADIDAS103 - Westernwear-Women,solid polyester round neck womens t-shirt - black,Size:Medium,Rs.,1499,1049,30% off,Westernwear-Women
adidas,ADIDAS104,ADIDAS104 - Westernwear-Women,solid polyester fitted womens casual tights - grey,"Size:Large,Medium,Small,X-Large,X-Small",Rs.,4299,3009,30% off,Westernwear-Women
adidas,ADIDAS105,ADIDAS105 - Westernwear-Women,solid tight fit polyester womens track pants - black,"Size:Large,Medium,Small,X-Large,X-Small",Rs.,2799,1959,30% off,Westernwear-Women
adidas,ADIDAS106,ADIDAS106 - Westernwear-Women,solid polyester round neck womens tank top - red,"Size:Large,Medium,Small,X-Large,X-Small",Rs.,2699,1889,30% off,Westernwear-Women
adidas,ADIDAS107,ADIDAS107 - Westernwear-Women,solid polyester round neck womens t-shirt - green,"Size:Large,Medium,Small,X-Large",Rs.,2299,1609,30% off,Westernwear-Women
adidas,ADIDAS108,ADIDAS108 - Westernwear-Women,printed cotton hood womens dress - ink,"Size:62,68,74,80",Rs.,2999,1499,50% off,Westernwear-Women
adidas,ADIDAS109,ADIDAS109 - Westernwear-Women,stripes regular cotton womens sports wear tights - black,"Size:Large,Medium,Small,X-Small",Rs.,3999,2799,30% off,Westernwear-Women
adidas,ADIDAS110,ADIDAS110 - Westernwear-Women,printed round neck polyester womens t-shirt - black,"Size:Large,Medium,Small,X-Small",Rs.,1799,1259,30% off,Westernwear-Women
adidas,ADIDAS111,ADIDAS111 - Westernwear-Women,printed cotton round neck womens t-shirt - black,"Size:Medium,Small",Rs.,1999,1399,30% off,Westernwear-Women
adidas,ADIDAS112,ADIDAS112 - Westernwear-Women,printed fitted fit polyester womens tights - black,"Size:116,128,140,SIZE_152,SIZE_170",Rs.,2299,1149,50% off,Westernwear-Women
adidas,ADIDAS113,ADIDAS113 - Westernwear-Women,solid tight fit polyester womens track pants - blue,"Size:Large,Medium,Small,X-Large,X-Small",Rs.,3299,2309,30% off,Westernwear-Women
adidas,ADIDAS114,ADIDAS114 - Westernwear-Women,solid fitted fit cotton womens tights - black,"Size:140,SIZE_164",Rs.,8.9,1599,10% off,Westernwear-Women
adidas,ADIDAS115,ADIDAS115 - Westernwear-Women,slim fit polyester womens tights - black,"Size:116,128,140,SIZE_152,SIZE_164,SIZE_170",Rs.,8.9,2699,10% off,Westernwear-Women
adidas,ADIDAS116,ADIDAS116 - Westernwear-Women,solid crew neck polyester womens t-shirt - green,"Size:Large,Medium,Small,X-Large,X-Small",Rs.,2299,1609,30% off,Westernwear-Women
adidas,ADIDAS117,ADIDAS117 - Westernwear-Women,printed polyester fitted womens casual tights - black,"Size:Large,Medium,Small,X-Large",Rs.,4999,3499,30% off,Westernwear-Women
adidas,ADIDAS118,ADIDAS118 - Westernwear-Women,solid polyester crew neck womens t-shirt - purple,"Size:Medium,X-Large",Rs.,2999,2099,30% off,Westernwear-Women
adidas,ADIDAS119,ADIDAS119 - Westernwear-Women,striped slim fit polyester womens shorts - black,"Size:Large,Medium,Small,X-Large,X-Small",Rs.,2499,1249,50% off,Westernwear-Women
adidas,ADIDAS120,ADIDAS120 - Westernwear-Women,printed polyester fitted womens casual tights - red,"Size:Large,Medium,Small,X-Large,X-Small",Rs.,1799,1259,30% off,Westernwear-Women
adidas,ADIDAS121,ADIDAS121 - Westernwear-Women,solid tight fit polyester womens tights - black,"Size:Large,Small",Rs.,4799,3359,30% off,Westernwear-Women
adidas,ADIDAS122,ADIDAS122 - Westernwear-Women,solid polyester fitted womens casual tights - pink,"Size:Large,Medium,Small,X-Large,X-Small",Rs.,2999,2099,30% off,Westernwear-Women
adidas,ADIDAS123,ADIDAS123 - Westernwear-Women,striped regular fit blended womens active wear track pants - black,Size:X-Large,Rs.,2299,1149,50% off,Westernwear-Women
adidas,ADIDAS124,ADIDAS124 - Westernwear-Women,printed regular fit cotton womens track pants - black,"Size:Large,Medium",Rs.,3799,2659,30% off,Westernwear-Women
adidas,ADIDAS125,ADIDAS125 - Westernwear-Women,solid tight fit polyester womens track pants - black,"Size:Large,Medium,Small,X-Large,X-Small",Rs.,2999,2099,30% off,Westernwear-Women
adidas,ADIDAS126,ADIDAS126 - Westernwear-Women,cotton round neck womens t-shirt - white,"Size:92,98,104,110,116,122,128,134,140",Rs.,8.9,1399,10% off,Westernwear-Women
adidas,ADIDAS127,ADIDAS127 - Westernwear-Women,striped polyester hood womens dress - white,"Size:80,86,92,98,104",Rs.,8.9,2999,10% off,Westernwear-Women
adidas,ADIDAS128,ADIDAS128 - Westernwear-Women,printed polyester round neck womens t-shirt - mauve,"Size:Large,Medium,Small,X-Small",Rs.,1799,1259,30% off,Westernwear-Women
adidas,ADIDAS129,ADIDAS129 - Westernwear-Women,printed polyester crew neck womens t-shirt - black,"Size:Large,Medium,Small,X-Large,X-Small",Rs.,3299,2309,30% off,Westernwear-Women
adidas,ADIDAS130,ADIDAS130 - Westernwear-Women,printed polyester fitted womens casual tights - pink,"Size:Large,Medium,Small,X-Large,X-Small",Rs.,2299,1609,30% off,Westernwear-Women
adidas,ADIDAS131,ADIDAS131 - Westernwear-Women,striped cotton round neck womens dress - red,"Size:62,68,74,86,98",Rs.,3299,1649,50% off,Westernwear-Women
adidas,ADIDAS132,ADIDAS132 - Westernwear-Women,printed cotton round neck womens t-shirt - orange,Size:X-Small,Rs.,1999,1399,30% off,Westernwear-Women
adidas,ADIDAS133,ADIDAS133 - Westernwear-Women,cotton round neck womens dress - yellow,"Size:62,68,74,80,86,92,98,104",Rs.,8.9,2999,10% off,Westernwear-Women
adidas,ADIDAS134,ADIDAS134 - Westernwear-Women,printed cotton v neck womens dress - ltgrey,"Size:62,68,74,80,86,92",Rs.,8.9,3599,10% off,Westernwear-Women
adidas,ADIDAS135,ADIDAS135 - Westernwear-Women,solid polyester round neck womens t-shirt - red,"Size:Large,Small,X-Large",Rs.,1799,1259,30% off,Westernwear-Women
adidas,ADIDAS136,ADIDAS136 - Westernwear-Women,solid polyester round neck womens regular fit t-shirt - white,Size:Large,Rs.,2499,1249,50% off,Westernwear-Women
adidas,ADIDAS137,ADIDAS137 - Westernwear-Women,solid polyester womens dress - blush,"Size:Large,Medium,Small,X-Small",Rs.,3999,2799,30% off,Westernwear-Women
adidas,ADIDAS138,ADIDAS138 - Westernwear-Women,printed polyester fitted womens casual tights - black,"Size:Large,Medium,Small,X-Large",Rs.,2799,1959,30% off,Westernwear-Women
adidas,ADIDAS139,ADIDAS139 - Westernwear-Women,printed regular fit polyester womens track pants - blue,"Size:Large,Medium,Small,X-Large,X-Small",Rs.,2999,2099,30% off,Westernwear-Women
adidas,ADIDAS140,ADIDAS140 - Westernwear-Women,solid polyester crew neck womens t-shirt - white,"Size:Large,Medium,Small,X-Large,X-Small",Rs.,2699,1889,30% off,Westernwear-Women
adidas,ADIDAS141,ADIDAS141 - Lingerie&Nightwear-Women,printed polyester fitted womens sports bra - red,"Size:Large,Medium,Small,X-Large",Rs.,2299,1609,30% off,Lingerie&Nightwear-Women
adidas,ADIDAS142,ADIDAS142 - Lingerie&Nightwear-Women,solid polyester regular fit womens sports bra - black,"Size:Large,Medium,Small,X-Large,X-Small",Rs.,2999,1499,50% off,Lingerie&Nightwear-Women
adidas,ADIDAS143,ADIDAS143 - Lingerie&Nightwear-Women,printed polyester knit womens sports bra - grey,"Size:Large,Medium,Small,X-Large,X-Small",Rs.,2799,1959,30% off,Lingerie&Nightwear-Women
adidas,ADIDAS144,ADIDAS144 - Lingerie&Nightwear-Women,printed polyester fitted womens sports bra - grey,"Size:Large,Medium,Small,X-Large,X-Small",Rs.,2499,1749,30% off,Lingerie&Nightwear-Women
adidas,ADIDAS145,ADIDAS145 - Lingerie&Nightwear-Women,printed polyester knit womens sports bra - blue,"Size:Large,Medium,Small,X-Large,X-Small",Rs.,2299,1609,30% off,Lingerie&Nightwear-Women
adidas,ADIDAS146,ADIDAS146 - Lingerie&Nightwear-Women,solid polyester regular fit womens sports bra - purple,"Size:Large,Medium,Small,X-Large,X-Small",Rs.,2699,1889,30% off,Lingerie&Nightwear-Women
adidas,ADIDAS147,ADIDAS147 - Lingerie&Nightwear-Women,stripes polyester womens sports bra - burgundy,"Size:Large,Medium,Small,X-Large",Rs.,3599,2519,30% off,Lingerie&Nightwear-Women
adidas,ADIDAS148,ADIDAS148 - Lingerie&Nightwear-Women,printed polyester knit womens sports bra - pink,"Size:Large,Medium,Small,X-Large",Rs.,1799,1259,30% off,Lingerie&Nightwear-Women
adidas,ADIDAS149,ADIDAS149 - Lingerie&Nightwear-Women,printed polyester knit womens sports bra - black,"Size:Large,Medium,Small,X-Small",Rs.,3599,2519,30% off,Lingerie&Nightwear-Women
adidas,ADIDAS150,ADIDAS150 - Lingerie&Nightwear-Women,printed polyester fitted womens sports bra - white,"Size:Large,Medium,Small,X-Large,X-Small",Rs.,2299,1609,30% off,Lingerie&Nightwear-Women
adidas,ADIDAS151,ADIDAS151 - Lingerie&Nightwear-Women,non wired halter strap non padded womens every day bra - old rose,"Size:36-C,36-D,38-B,40-D,40-DD,42-D,42-DD",Rs.,8.9,1199,10% off,Lingerie&Nightwear-Women
adidas,ADIDAS152,ADIDAS152 - Lingerie&Nightwear-Women,solid polyester regular fit womens sports bra - pink,"Size:Large,Medium,Small,X-Large,X-Small",Rs.,2499,1249,50% off,Lingerie&Nightwear-Women
adidas,ADIDAS153,ADIDAS153 - Lingerie&Nightwear-Women,stripes polyester fitted womens sports bra - purple,"Size:Large,Medium,Small,X-Large",Rs.,3599,2519,30% off,Lingerie&Nightwear-Women
adidas,ADIDAS154,ADIDAS154 - Lingerie&Nightwear-Women,printed polyester regular fit womens sports bra - black,"Size:Small,X-Large,X-Small",Rs.,2499,1749,30% off,Lingerie&Nightwear-Women
adidas,ADIDAS155,ADIDAS155 - Lingerie&Nightwear-Women,printed polyester fitted womens sports bra - purple,"Size:Large,Medium,Small,X-Large",Rs.,2699,1889,30% off,Lingerie&Nightwear-Women
adidas,ADIDAS156,ADIDAS156 - Lingerie&Nightwear-Women,striped polyester fitted womens sports bra - black,"Size:Small,X-Small",Rs.,3599,2519,30% off,Lingerie&Nightwear-Women
adidas,ADIDAS157,ADIDAS157 - Lingerie&Nightwear-Women,solid polyester regular fit womens sports bra - pink,"Size:Large,Medium,Small,X-Large,X-Small",Rs.,2699,1889,30% off,Lingerie&Nightwear-Women
adidas,ADIDAS158,ADIDAS158 - Lingerie&Nightwear-Women,stripes polyester fitted womens sports bra - grey,"Size:Large,Medium,Small,X-Large",Rs.,2799,1959,30% off,Lingerie&Nightwear-Women
adidas,ADIDAS159,ADIDAS159 - Lingerie&Nightwear-Women,printed polyester slim fit womens sports bra - magenta,"Size:Large,Medium,Small,X-Large,X-Small",Rs.,1999,1399,30% off,Lingerie&Nightwear-Women
adidas,ADIDAS160,ADIDAS160 - Lingerie&Nightwear-Women,printed polyester knit womens sports bra - blue,"Size:Large,Medium,Small,X-Large",Rs.,2999,2099,30% off,Lingerie&Nightwear-Women
adidas,ADIDAS161,ADIDAS161 - Lingerie&Nightwear-Women,printed polyester knit womens sports bra - navy,"Size:Large,Medium,Small,X-Large,X-Small",Rs.,3299,2309,30% off,Lingerie&Nightwear-Women
adidas,ADIDAS162,ADIDAS162 - Lingerie&Nightwear-Women,solid polyester regular fit womens sports bra - grey,"Size:Large,Medium,Small,X-Large,X-Small",Rs.,2699,1889,30% off,Lingerie&Nightwear-Women
adidas,ADIDAS163,ADIDAS163 - Footwear-Women,iconic runner fabric low tops slipon unisex sport sandals - black,"Size:7,8,9,10,11",Rs.,8.9,3599,10% off,Footwear-Women
adidas,ADIDAS164,ADIDAS164 - Footwear-Women,street stunner w synthetic mesh lace up womens sports shoes - white,"Size:4,5,6,7",Rs.,8.9,3599,10% off,Footwear-Women
adidas,ADIDAS165,ADIDAS165 - Footwear-Women,synthetic lace up womens sports shoes - blue,"Size:4,5,6,7",Rs.,8.9,3799,10% off,Footwear-Women
adidas,ADIDAS166,ADIDAS166 - Footwear-Women,synthetic slipon womens athleisure slides - pink,"Size:5,6,7",Rs.,8.9,2699,10% off,Footwear-Women
adidas,ADIDAS167,ADIDAS167 - Footwear-Women,synthetic slipon unisex slides - blue,"Size:8,10,11",Rs.,8.9,2299,10% off,Footwear-Women
adidas,ADIDAS168,ADIDAS168 - Footwear-Women,mesh lace up womens sports shoes - stone,"Size:4,5,6,7",Rs.,8.9,2699,10% off,Footwear-Women
adidas,ADIDAS169,ADIDAS169 - Footwear-Women,showtheway 2.0 fabric low tops lace up unisex sport shoes - black,"Size:7,8,9,10,11",Rs.,8.9,4999,10% off,Footwear-Women
adidas,ADIDAS170,ADIDAS170 - Footwear-Women,textile lace up womens sports shoes - pink,"Size:4,5,7",Rs.,8.9,4299,10% off,Footwear-Women
adidas,ADIDAS171,ADIDAS171 - Footwear-Women,mesh lace up womens sports shoes - stone,"Size:4,5,6,7",Rs.,8.9,2699,10% off,Footwear-Women
adidas,ADIDAS172,ADIDAS172 - Footwear-Women,synthetic lace up womens sports shoes - white,"Size:5,6,7",Rs.,8.9,4599,10% off,Footwear-Women
adidas,ADIDAS173,ADIDAS173 - Footwear-Women,fabric lace up womens sports shoes - black,"Size:4,5,6,7",Rs.,8.9,6599,10% off,Footwear-Women
adidas,ADIDAS174,ADIDAS174 - Footwear-Women,synthetic lace up womens sports shoes - black,"Size:4,5,6,7",Rs.,8.9,4999,10% off,Footwear-Women
adidas,ADIDAS175,ADIDAS175 - Footwear-Women,mesh lace up womens sports shoes - grey,"Size:4,5,6,7",Rs.,8.9,4999,10% off,Footwear-Women
adidas,ADIDAS176,ADIDAS176 - Footwear-Women,synthetic slipon womens athleisure slides - pink,"Size:4,5,6,7",Rs.,8.9,1999,10% off,Footwear-Women
adidas,ADIDAS177,ADIDAS177 - Footwear-Women,adilette comfort fabric low tops slipon unisex sport sandals - black,"Size:7,8,10,11,12",Rs.,8.9,3999,10% off,Footwear-Women
adidas,ADIDAS178,ADIDAS178 - Footwear-Women,hyperon 1.0 w women lace up sports shoes - blue,Size:7,Rs.,8.9,2999,10% off,Footwear-Women
adidas,ADIDAS179,ADIDAS179 - Footwear-Women,synthetic lace up womens sports shoes - white,"Size:6,7",Rs.,8.9,4599,10% off,Footwear-Women
adidas,ADIDAS180,ADIDAS180 - Footwear-Women,street stunner w synthetic mesh lace up womens sports shoes - stone,"Size:4,5,6,7",Rs.,8.9,3599,10% off,Footwear-Women
adidas,ADIDAS181,ADIDAS181 - Footwear-Women,distincto w synthetic low tops slipon womens casual slippers - black,"Size:5,3-4Y,7-8Y",Rs.,8.9,1999,10% off,Footwear-Women
adidas,ADIDAS182,ADIDAS182 - Footwear-Women,mesh lace up womens sports shoes - black,"Size:4,5,6,7",Rs.,8.9,5999,10% off,Footwear-Women
adidas,ADIDAS183,ADIDAS183 - Footwear-Women,leather lace up womens sports shoes - white,"Size:4,5,6,7",Rs.,8.9,5599,10% off,Footwear-Women
adidas,ADIDAS184,ADIDAS184 - Footwear-Women,fabric lace up womens sports shoes - black,"Size:4,5,6,7",Rs.,8.9,5999,10% off,Footwear-Women
adidas,ADIDAS185,ADIDAS185 - Footwear-Women,mesh lace up womens sports shoes - white,"Size:4,5,6,7",Rs.,8.9,4999,10% off,Footwear-Women
adidas,ADIDAS186,ADIDAS186 - Footwear-Women,synthetic lace up womens sports shoes - white,"Size:4,6,7",Rs.,8.9,4599,10% off,Footwear-Women
adidas,ADIDAS187,ADIDAS187 - Footwear-Women,adilette shower synthetic low tops slipon unisex sport sandals - red,"Size:8,9,10,11",Rs.,8.9,2699,10% off,Footwear-Women
adidas,ADIDAS188,ADIDAS188 - Footwear-Women,synthetic slipon womens athleisure flats - black,"Size:4,5,6,7",Rs.,8.9,2999,10% off,Footwear-Women
adidas,ADIDAS189,ADIDAS189 - Footwear-Women,mesh slipon womens sports shoes - black,"Size:4,5,6,7",Rs.,8.9,5599,10% off,Footwear-Women
adidas,ADIDAS190,ADIDAS190 - Footwear-Women,leather lace up womens sports shoes - white,"Size:4,5,6,7",Rs.,8.9,5599,10% off,Footwear-Women
adidas,ADIDAS191,ADIDAS191 - Footwear-Women,synthetic lace up womens sports shoes - white,"Size:4,5,6,7",Rs.,8.9,4999,10% off,Footwear-Women
adidas,ADIDAS192,ADIDAS192 - Footwear-Women,lace up womens sports shoes - silver grey,"Size:4,5,6,7",Rs.,8.9,4599,10% off,Footwear-Women
adidas,ADIDAS193,ADIDAS193 - Footwear-Women,mesh slip on womens sports shoes - grey,"Size:4,6,7",Rs.,8.9,3599,10% off,Footwear-Women
adidas,ADIDAS194,ADIDAS194 - Footwear-Women,mesh lace up womens sports shoes - black,"Size:4,5,6,7",Rs.,8.9,4999,10% off,Footwear-Women
adidas,ADIDAS195,ADIDAS195 - Footwear-Women,synthetic lace up womens sports shoes - stone,"Size:4,5,6",Rs.,8.9,3799,10% off,Footwear-Women
adidas,ADIDAS196,ADIDAS196 - Footwear-Women,adilette comfort fabric low tops slipon unisex sport sandals - white,"Size:7,8,9,10,11",Rs.,8.9,3999,10% off,Footwear-Women
adidas,ADIDAS197,ADIDAS197 - Footwear-Women,eq21 run fabric low tops lace up womens sport shoes - white,"Size:4,5,6,7",Rs.,8.9,7999,10% off,Footwear-Women
adidas,ADIDAS198,ADIDAS198 - Footwear-Women,lace up womens sports shoes - pink,"Size:4,5,6,7",Rs.,8.9,6599,10% off,Footwear-Women
adidas,ADIDAS199,ADIDAS199 - Footwear-Women,textile lace up womens sports shoes - pink,"Size:4,5,6",Rs.,8.9,6599,10% off,Footwear-Women
adidas,ADIDAS200,ADIDAS200 - Footwear-Women,textile lace up womens sports shoes - blue,Size:6,Rs.,8.9,3999,10% off,Footwear-Women
adidas,ADIDAS201,ADIDAS201 - Footwear-Women,lace up womens sports shoes - blue,"Size:4,5,6,7",Rs.,98.9,9999,10% off,Footwear-Women
adidas,ADIDAS202,ADIDAS202 - Footwear-Women,lace up womens sports shoes - blue,"Size:4,5,6,7",Rs.,8.9,4599,10% off,Footwear-Women
adidas,ADIDAS203,ADIDAS203 - Footwear-Women,textile lace up womens sports shoes - pink,"Size:4,5,6,7",Rs.,8.9,5999,10% off,Footwear-Women
adidas,ADIDAS204,ADIDAS204 - Footwear-Women,synthetic lace up womens sports shoes - black,Size:7,Rs.,8.9,2499,10% off,Footwear-Women
adidas,ADIDAS205,ADIDAS205 - Footwear-Women,fabric lace up womens sports shoes - pink,"Size:4,5,6,7",Rs.,8.9,5599,10% off,Footwear-Women
adidas,ADIDAS206,ADIDAS206 - Footwear-Women,mesh lace up womens sports shoes - grey,"Size:4,6,7",Rs.,8.9,3999,10% off,Footwear-Women
adidas,ADIDAS207,ADIDAS207 - Footwear-Women,textile lace up mens sports shoes - blue,"Size:4,5,6,7",Rs.,8.9,6999,10% off,Footwear-Women
adidas,ADIDAS208,ADIDAS208 - Footwear-Women,mesh lace up womens sports shoes - grey,"Size:4,5,6,7",Rs.,8.9,7999,10% off,Footwear-Women
adidas,ADIDAS209,ADIDAS209 - Footwear-Women,mesh slipon womens sports shoes - white,"Size:4,5,6,7",Rs.,8.9,5599,10% off,Footwear-Women
adidas,ADIDAS210,ADIDAS210 - Footwear-Women,mesh slip on womens sports shoes - black,"Size:4,5,6",Rs.,8.9,3299,10% off,Footwear-Women
adidas,ADIDAS211,ADIDAS211 - Footwear-Women,textile lace up mens casual shoes - grey,"Size:4,5",Rs.,8.9,4299,10% off,Footwear-Women
adidas,ADIDAS212,ADIDAS212 - Footwear-Women,textile lace up womens sports shoes - black,"Size:8,10,11",Rs.,8.9,6999,10% off,Footwear-Women
adidas,ADIDAS213,ADIDAS213 - Footwear-Women,mesh lace up womens sports shoes - black,"Size:4,5,6,7",Rs.,8.9,4599,10% off,Footwear-Women
adidas,ADIDAS214,ADIDAS214 - Footwear-Women,fabric lace up womens sports shoes - white,"Size:4,5,6,7",Rs.,8.9,5599,10% off,Footwear-Women
adidas,ADIDAS215,ADIDAS215 - Footwear-Women,synthetic slipon womens athleisure flats - blue,"Size:4,5,6,7",Rs.,8.9,1299,10% off,Footwear-Women
adidas,ADIDAS216,ADIDAS216 - Footwear-Women,lace up womens sports shoes - black,"Size:4,5,6,7",Rs.,8.9,6599,10% off,Footwear-Women
adidas,ADIDAS217,ADIDAS217 - Footwear-Women,leather lace up womens sports shoes - white,"Size:4,5,6,7",Rs.,8.9,5599,10% off,Footwear-Women
adidas,ADIDAS218,ADIDAS218 - Footwear-Women,textile lace up womens sports shoes - blue,"Size:9,10,11",Rs.,8.9,3599,10% off,Footwear-Women
adidas,ADIDAS219,ADIDAS219 - Footwear-Women,lace up womens sports shoes - pink,"Size:4,5,6,7",Rs.,8.9,4999,10% off,Footwear-Women
adidas,ADIDAS220,ADIDAS220 - Footwear-Women,synthetic lace up womens sports shoes - stone,"Size:4,5,6",Rs.,8.9,3799,10% off,Footwear-Women
adidas,ADIDAS221,ADIDAS221 - Footwear-Women,adilette comfort fabric low tops slipon womens sport sandals - black,"Size:4,5,6,7",Rs.,8.9,3999,10% off,Footwear-Women
adidas,ADIDAS222,ADIDAS222 - Footwear-Women,fabric lace up womens sports shoes - indigo,"Size:4,5,6,7",Rs.,8.9,5999,10% off,Footwear-Women
adidas,ADIDAS223,ADIDAS223 - Footwear-Women,mesh lace up womens sports shoes - paprika,"Size:4,5,6,7",Rs.,8.9,5599,10% off,Footwear-Women
adidas,ADIDAS224,ADIDAS224 - Footwear-Women,mesh lace up womens sports shoes - paprika,"Size:4,5,6,7",Rs.,8.9,4599,10% off,Footwear-Women
adidas,ADIDAS225,ADIDAS225 - Footwear-Women,synthetic slip on mens sports shoes - grey,"Size:4,5,6",Rs.,8.9,5999,10% off,Footwear-Women
adidas,ADIDAS226,ADIDAS226 - Footwear-Women,supernova w fabric low tops lace up womens sport shoes - pink,"Size:4,5,6,7",Rs.,98.9,9999,10% off,Footwear-Women
adidas,ADIDAS227,ADIDAS227 - Footwear-Women,mesh lace up womens sports shoes - white,"Size:4,5,6,7",Rs.,8.9,6999,10% off,Footwear-Women
adidas,ADIDAS228,ADIDAS228 - Footwear-Women,mesh lace up womens sports shoes - black,"Size:4,5,6,7",Rs.,8.9,6599,10% off,Footwear-Women
adidas,ADIDAS229,ADIDAS229 - Footwear-Women,mesh lace up womens sports shoes - grey,"Size:4,5,6,7",Rs.,8.9,6999,10% off,Footwear-Women
adidas,ADIDAS230,ADIDAS230 - Footwear-Women,galaxy 5 new fabric lace up womens sports shoes - blue,"Size:5,3-4Y,5-6Y,7-8Y",Rs.,8.9,4999,10% off,Footwear-Women
adidas,ADIDAS231,ADIDAS231 - Footwear-Women,mesh lace up womens sports shoes - blue,"Size:4,5,6,7",Rs.,8.9,4299,10% off,Footwear-Women
adidas,ADIDAS232,ADIDAS232 - Footwear-Women,response super x fabric low tops lace up womens sport shoes - blue,"Size:4,5,6,7",Rs.,8.9,8999,10% off,Footwear-Women
adidas,ADIDAS233,ADIDAS233 - Footwear-Women,lace up womens sports shoes - black,"Size:4,5,6,7",Rs.,8.9,4999,10% off,Footwear-Women
adidas,ADIDAS234,ADIDAS234 - Footwear-Women,adilette comfort fabric low tops slipon womens sport sandals - white,"Size:4,5,6,7",Rs.,8.9,3999,10% off,Footwear-Women
adidas,ADIDAS235,ADIDAS235 - Footwear-Women,lace up womens sports shoes - black,"Size:4,5,6,7",Rs.,8.9,8999,10% off,Footwear-Women
adidas,ADIDAS236,ADIDAS236 - Footwear-Women,lace up womens sports shoes - black,"Size:4,5,6,7",Rs.,8.9,7999,10% off,Footwear-Women
adidas,ADIDAS237,ADIDAS237 - Footwear-Women,synthetic slipon womens athleisure flats - black,"Size:4,5,6,7",Rs.,8.9,999,10% off,Footwear-Women
adidas,ADIDAS238,ADIDAS238 - Footwear-Women,synthetic slipon womens athleisure flats - black,"Size:4,5,7",Rs.,8.9,1799,10% off,Footwear-Women
adidas,ADIDAS239,ADIDAS239 - Footwear-Women,textile lace up womens sports shoes - white,"Size:6,7",Rs.,8.9,3999,10% off,Footwear-Women
adidas,ADIDAS240,ADIDAS240 - Footwear-Women,synthetic lace up womens sports shoes - purple,Size:5,Rs.,8.9,4299,10% off,Footwear-Women
adidas,ADIDAS241,ADIDAS241 - Footwear-Women,mesh lace up womens sports shoes - purple,"Size:4,5,6,7",Rs.,98.9,9999,10% off,Footwear-Women
adidas,ADIDAS242,ADIDAS242 - Footwear-Women,fabric lace up womens sports shoes - black,"Size:4,5,6,7",Rs.,8.9,4599,10% off,Footwear-Women
adidas,ADIDAS243,ADIDAS243 - Footwear-Women,textile lace up womens sports shoes - grey,"Size:5,6,7",Rs.,8.9,5999,10% off,Footwear-Women
adidas,ADIDAS244,ADIDAS244 - Footwear-Women,textile lace up womens sports shoes - black,"Size:4,5,6,7",Rs.,8.9,5999,10% off,Footwear-Women
adidas,ADIDAS245,ADIDAS245 - Footwear-Women,lace up womens sports shoes - white,"Size:4,5,6,7",Rs.,8.9,4599,10% off,Footwear-Women
adidas,ADIDAS246,ADIDAS246 - Footwear-Women,textile lace up womens sports shoes - pink,"Size:4,5,6,7",Rs.,8.9,5599,10% off,Footwear-Women
adidas,ADIDAS247,ADIDAS247 - Footwear-Women,synthetic slipon womens athleisure flats - white,Size:4,Rs.,8.9,2999,10% off,Footwear-Women
adidas,ADIDAS248,ADIDAS248 - Footwear-Women,fabric lace up womens sports shoes - black,"Size:4,5,6,7",Rs.,8.9,5599,10% off,Footwear-Women
aigner,AIGNER1,AIGNER1 - Fragrance-Women,debut by night eau de perfume for women - 100ml,Nan,Rs.,5900,4130,30% off,Fragrance-Women
aigner,AIGNER2,AIGNER2 - Fragrance-Women,too feminine edp for women- 100ml,Nan,Rs.,4950,3465,30% off,Fragrance-Women
ajmal,AJMAL1,AJMAL1 - Fragrance-Women,womens aurum classic pour femme deodorant 200 ml,Nan,Rs.,0.9,399,10% off,Fragrance-Women
ajmal,AJMAL2,AJMAL2 - Fragrance-Women,unisex magnetize deodorant woody fragrance 200ml,Nan,Rs.,0.9,299,10% off,Fragrance-Women
ajmal,AJMAL3,AJMAL3 - Fragrance-Women,womens gianna eau de perfum 100 ml,Nan,Rs.,1500,1200,20% off,Fragrance-Women
ajmal,AJMAL4,AJMAL4 - Fragrance-Women,mens blu classic pour homme deodorant 200 ml,Nan,Rs.,0.9,399,10% off,Fragrance-Women
ajmal,AJMAL5,AJMAL5 - Fragrance-Women,mens blu classic pour homme deodorant 200 ml,Nan,Rs.,0.9,399,10% off,Fragrance-Women
ajmal,AJMAL6,AJMAL6 - Fragrance-Women,mens oud musk eau de perfum 100 ml,Nan,Rs.,2200,1650,25% off,Fragrance-Women
ajmal,AJMAL7,AJMAL7 - Fragrance-Women,unisex nightingale deodorant citrus fragrance 200ml,Nan,Rs.,0.9,299,10% off,Fragrance-Women
ajmal,AJMAL8,AJMAL8 - Fragrance-Women,mens shadow pour homme classic deodorant 200 ml,Nan,Rs.,0.9,399,10% off,Fragrance-Women
ajmal,AJMAL9,AJMAL9 - Fragrance-Women,womens daisy eau de parfum 100 ml,Nan,Rs.,2200,1650,25% off,Fragrance-Women
ajmal,AJMAL10,AJMAL10 - Fragrance-Women,womens evoke silver edition her edp citrus perfume - 75 ml,Nan,Rs.,3300,1650,50% off,Fragrance-Women
ajmal,AJMAL11,AJMAL11 - Fragrance-Women,womens evoke gold edition her edp fruity perfume - 75 ml,Nan,Rs.,3750,1875,50% off,Fragrance-Women
ajmal,AJMAL12,AJMAL12 - Fragrance-Women,mens carbon classic pour homme deodorant 200 ml,Nan,Rs.,0.9,399,10% off,Fragrance-Women
ajmal,AJMAL13,AJMAL13 - Fragrance-Women,mens bastion onyx eau de parfum 100 ml,Nan,Rs.,1500,1200,20% off,Fragrance-Women
ajmal,AJMAL14,AJMAL14 - Fragrance-Women,womens wisal classic parfum deodorant 200 ml,Nan,Rs.,0.9,399,10% off,Fragrance-Women
ajmal,AJMAL15,AJMAL15 - Fragrance-Women,womens bling edp oriental perfume - 75 ml,Nan,Rs.,5500,2750,50% off,Fragrance-Women
ajmal,AJMAL16,AJMAL16 - Fragrance-Women,mens wisal dhahab classic deodorant 200 ml,Nan,Rs.,0.9,399,10% off,Fragrance-Women
ajmal,AJMAL17,AJMAL17 - Fragrance-Women,unisex distraction deodorant spicy fragrance 200ml,Nan,Rs.,0.9,299,10% off,Fragrance-Women
ajmal,AJMAL18,AJMAL18 - Fragrance-Women,mens evoke silver edithimclassi deodorant 200 ml,Nan,Rs.,0.9,399,10% off,Fragrance-Women
ajmal,AJMAL19,AJMAL19 - Fragrance-Women,womens sacred love classic femme deodorant 200 ml,Nan,Rs.,0.9,399,10% off,Fragrance-Women
ajmal,AJMAL20,AJMAL20 - Fragrance-Women,womens shine edp fruity perfume - 75 ml,Nan,Rs.,2300,1725,25% off,Fragrance-Women
ajmal,AJMAL21,AJMAL21 - Fragrance-Women,captivate deodorant 200ml,Nan,Rs.,0.9,299,10% off,Fragrance-Women
ajmal,AJMAL22,AJMAL22 - Fragrance-Women,womens sacred love edp floral perfume - 50 ml,Nan,Rs.,1200,960,20% off,Fragrance-Women
ajmal,AJMAL23,AJMAL23 - Fragrance-Women,unisex ascend eau de parfum 100ml,Nan,Rs.,600,480,20% off,Fragrance-Women
ajmal,AJMAL24,AJMAL24 - Fragrance-Women,unisex persuade deodorant aromatic fragrance 200ml,Nan,Rs.,0.9,299,10% off,Fragrance-Women
ajmal,AJMAL25,AJMAL25 - Fragrance-Women,womens neea eau de parfum 100ml,Nan,Rs.,600,480,20% off,Fragrance-Women
ajmal,AJMAL26,AJMAL26 - Fragrance-Women,afterglow deodorant 200ml,Nan,Rs.,0.9,299,10% off,Fragrance-Women
ajmal,AJMAL27,AJMAL27 - Fragrance-Women,edp simera avrio 75ml,Nan,Rs.,2999,1499,50% off,Fragrance-Women
ajmal,AJMAL28,AJMAL28 - Fragrance-Women,unisex wild-waters edt - 250 ml,Nan,Rs.,,750,10% off,Fragrance-Women
ajmal,AJMAL29,AJMAL29 - Fragrance-Women,mens yearn eau de parfum 20ml,Nan,Rs.,600,480,20% off,Fragrance-Women
ajmal,AJMAL30,AJMAL30 - Fragrance-Women,mens silver shade pourhomclassicdeodorant 200 ml,Nan,Rs.,0.9,399,10% off,Fragrance-Women
ajmal,AJMAL31,AJMAL31 - Fragrance-Women,womens bombay dreams edp floral perfume - 100 ml,Nan,Rs.,799,599,25% off,Fragrance-Women
alcis,ALCIS1,ALCIS1 - Westernwear-Women,womens solid capris - grey,"Size:Medium,Small",Rs.,8.9,999,10% off,Westernwear-Women
alcis,ALCIS2,ALCIS2 - Westernwear-Women,womens slim fit solid leggings - purple,"Size:Large,X-Large",Rs.,8.9,1299,10% off,Westernwear-Women
alcis,ALCIS3,ALCIS3 - Westernwear-Women,womens solid t-shirt - sky blue,Size:X-Large,Rs.,8.9,999,10% off,Westernwear-Women
alcis,ALCIS4,ALCIS4 - Westernwear-Women,womens solid t-shirt - black,"Size:Medium,Small,X-Large",Rs.,8.9,999,10% off,Westernwear-Women
alcis,ALCIS5,ALCIS5 - Westernwear-Women,slim fit polyester womens tights - black,"Size:Large,Medium,Small,X-Large",Rs.,8.9,1799,10% off,Westernwear-Women
alcis,ALCIS6,ALCIS6 - Westernwear-Women,womens regular fit solid t-shirt - red,"Size:Large,Medium,X-Large",Rs.,0.9,799,10% off,Westernwear-Women
alcis,ALCIS7,ALCIS7 - Westernwear-Women,womens solid t-shirt - peach,"Size:Large,Medium,X-Large",Rs.,8.9,1199,10% off,Westernwear-Women
alcis,ALCIS8,ALCIS8 - Westernwear-Women,womens slim fit solid t-shirt - royal blue,"Size:Large,Medium,Small,X-Large",Rs.,8.9,1299,10% off,Westernwear-Women
alcis,ALCIS9,ALCIS9 - Westernwear-Women,womens slim fit solid capris - purple,"Size:Large,Medium,Small,X-Large",Rs.,8.9,999,10% off,Westernwear-Women
alcis,ALCIS10,ALCIS10 - Westernwear-Women,womens slim fit solid leggings - pink,"Size:Large,Medium,Small,X-Large",Rs.,8.9,1299,10% off,Westernwear-Women
alcis,ALCIS11,ALCIS11 - Westernwear-Women,womens slim fit solid capris - pink,"Size:Large,Medium,Small,X-Large",Rs.,8.9,999,10% off,Westernwear-Women
alcis,ALCIS12,ALCIS12 - Westernwear-Women,womens slim fit solid capris - black,"Size:Medium,Small",Rs.,8.9,999,10% off,Westernwear-Women
alcis,ALCIS13,ALCIS13 - Westernwear-Women,womens slim fit textured t-shirt - olive,Size:Medium,Rs.,0.9,899,10% off,Westernwear-Women
alcis,ALCIS14,ALCIS14 - Westernwear-Women,womens slim fit solid leggings - black,Size:Small,Rs.,8.9,1299,10% off,Westernwear-Women
alexandre christie,ALEXANDRE CHRISTIE1,ALEXANDRE CHRISTIE1 - Watches-Women,mens 44 mm black dial stainless steel chronograph watch,Nan,Rs.,94.5,25995,10% off,Watches-Women
all good scents,ALL GOOD SCENTS1,ALL GOOD SCENTS1 - Fragrance-Women,womens flirty eau de toilette 100 ml,Nan,Rs.,9,990,10% off,Fragrance-Women
all good scents,ALL GOOD SCENTS2,ALL GOOD SCENTS2 - Fragrance-Women,womens lolette eau de parfum 50 ml,Nan,Rs.,0,1200,10% off,Fragrance-Women
all good scents,ALL GOOD SCENTS3,ALL GOOD SCENTS3 - Fragrance-Women,womens love and joy aqua eau de parfum 30 ml,Nan,Rs.,,750,10% off,Fragrance-Women
allen solly,ALLEN SOLLY1,ALLEN SOLLY1 - Westernwear-Women,solid rayon regular fit womens trousers - black,"Size:26,28,30,32,34,36",Rs.,1299,1039,20% off,Westernwear-Women
allen solly,ALLEN SOLLY2,ALLEN SOLLY2 - Westernwear-Women,printed stylized polyester womens fit and flare dress - grey,"Size:Large,Medium,Small,X-Large",Rs.,2499,1499,40% off,Westernwear-Women
allen solly,ALLEN SOLLY3,ALLEN SOLLY3 - Westernwear-Women,printed v-neck viscose womens fit and flare dress - black,"Size:Large,Medium,Small,X-Large,X-Small",Rs.,2499,1499,40% off,Westernwear-Women
allen solly,ALLEN SOLLY4,ALLEN SOLLY4 - Westernwear-Women,printed round neck rayon womens fit and flare dress - red,"Size:Large,Medium,Small,X-Large,X-Small,XX-Large",Rs.,2499,1499,40% off,Westernwear-Women
allen solly,ALLEN SOLLY5,ALLEN SOLLY5 - Westernwear-Women,womens solid formal shirt - light blue,"Size:Large,Small,X-Large,XX-Large",Rs.,1599,959,40% off,Westernwear-Women
allen solly,ALLEN SOLLY6,ALLEN SOLLY6 - Westernwear-Women,solid polyester cotton round neck womens formal wear shirt - black,"Size:Large,Medium,Small,X-Large",Rs.,1599,959,40% off,Westernwear-Women
allen solly,ALLEN SOLLY7,ALLEN SOLLY7 - Westernwear-Women,solid polyester regular fit womens trousers - black,"Size:26,28,30,32,34,36",Rs.,1999,1599,20% off,Westernwear-Women
allen solly,ALLEN SOLLY8,ALLEN SOLLY8 - Westernwear-Women,solid round neck viscose womens fit and flare knit dress - navy,"Size:Large,Medium,Small,X-Small",Rs.,2299,1379,40% off,Westernwear-Women
allen solly,ALLEN SOLLY9,ALLEN SOLLY9 - Westernwear-Women,solid polyester regular fit womens trousers - chocolate,"Size:28,30,32,34,36",Rs.,1999,1199,40% off,Westernwear-Women
allen solly,ALLEN SOLLY10,ALLEN SOLLY10 - Westernwear-Women,solid rayon regular fit womens trousers - navy,"Size:26,28,30,32,34,36",Rs.,1299,1039,20% off,Westernwear-Women
allen solly,ALLEN SOLLY11,ALLEN SOLLY11 - Westernwear-Women,printed round neck viscose womens fit and flare dress - grey,"Size:Large,Medium,Small,X-Large",Rs.,2299,1379,40% off,Westernwear-Women
allen solly,ALLEN SOLLY12,ALLEN SOLLY12 - Westernwear-Women,printed viscose round neck womens top - purple,"Size:Large,Medium,Small,X-Large,X-Small",Rs.,1599,959,40% off,Westernwear-Women
allen solly,ALLEN SOLLY13,ALLEN SOLLY13 - Westernwear-Women,checks regular polyester womens formal wear pants - dark green,"Size:26,28,30,32,34",Rs.,2299,1379,40% off,Westernwear-Women
allen solly,ALLEN SOLLY14,ALLEN SOLLY14 - Westernwear-Women,solid polyester cotton round neck womens formal blazer - black,"Size:Large,Medium,Small,X-Large,X-Small,XX-Large",Rs.,3999,2399,40% off,Westernwear-Women
allen solly,ALLEN SOLLY15,ALLEN SOLLY15 - Westernwear-Women,solid cotton round neck womens t-shirt - black,"Size:Large,Medium,Small,X-Large,X-Small,XX-Large",Rs.,1299,1039,20% off,Westernwear-Women
allen solly,ALLEN SOLLY16,ALLEN SOLLY16 - Westernwear-Women,printed viscose regular neck womens top - yellow,"Size:Large,Medium,Small,X-Large,X-Small,XX-Large",Rs.,1299,779,40% off,Westernwear-Women
allen solly,ALLEN SOLLY17,ALLEN SOLLY17 - Westernwear-Women,textured regular fit polyester womens formal wear trousers - ltgrey,"Size:30,32,36",Rs.,1999,1199,40% off,Westernwear-Women
allen solly,ALLEN SOLLY18,ALLEN SOLLY18 - Westernwear-Women,printed polyester cotton round neck womens regular top - black,"Size:Large,Medium,X-Large",Rs.,1699,1019,40% off,Westernwear-Women
allen solly,ALLEN SOLLY19,ALLEN SOLLY19 - Westernwear-Women,solid polyester v neck womens top - rust,"Size:Large,Medium,Small,X-Large",Rs.,1299,779,40% off,Westernwear-Women
allen solly,ALLEN SOLLY20,ALLEN SOLLY20 - Westernwear-Women,solid polyester v neck womens shirt - pink,"Size:Large,Medium,Small,X-Large,X-Small,XX-Large",Rs.,1699,1359,20% off,Westernwear-Women
allen solly,ALLEN SOLLY21,ALLEN SOLLY21 - Westernwear-Women,solid polyester cotton mandarin womens formal wear shirt - yellow,"Size:Medium,Small",Rs.,1699,1019,40% off,Westernwear-Women
allen solly,ALLEN SOLLY22,ALLEN SOLLY22 - Westernwear-Women,checks polyester regular neck womens blazer - ltgrey,"Size:Large,Medium,Small,X-Large,X-Small,XX-Large",Rs.,3499,2799,20% off,Westernwear-Women
allen solly,ALLEN SOLLY23,ALLEN SOLLY23 - Westernwear-Women,checks polyester regular fit womens trousers - mid blue,"Size:34,36",Rs.,2299,1499,35% off,Westernwear-Women
allen solly,ALLEN SOLLY24,ALLEN SOLLY24 - Westernwear-Women,printed polyester cotton round neck womens regular top - navy,"Size:Large,Medium,Small,X-Large",Rs.,1699,1019,40% off,Westernwear-Women
allen solly,ALLEN SOLLY25,ALLEN SOLLY25 - Westernwear-Women,solid v-neck polyester womens fit and flare dress - grey,"Size:Large,Medium,Small,X-Large,XX-Large",Rs.,2799,1679,40% off,Westernwear-Women
allen solly,ALLEN SOLLY26,ALLEN SOLLY26 - Westernwear-Women,printed polyester cotton round neck womens regular top - navy,"Size:Medium,Small",Rs.,1699,1019,40% off,Westernwear-Women
allen solly,ALLEN SOLLY27,ALLEN SOLLY27 - Westernwear-Women,printed cotton mens face mask - pack of 3 - white,Nan,Rs.,599,249,58% off,Westernwear-Women
allen solly,ALLEN SOLLY28,ALLEN SOLLY28 - Westernwear-Women,printed polyester v-neck womens top - red,"Size:Large,Medium,Small,X-Small,XX-Large",Rs.,1499,899,40% off,Westernwear-Women
allen solly,ALLEN SOLLY29,ALLEN SOLLY29 - Westernwear-Women,solid polyester regular neck womens blazer - black,"Size:Large,Medium,Small,X-Large,X-Small,XX-Large",Rs.,3799,2799,26% off,Westernwear-Women
allen solly,ALLEN SOLLY30,ALLEN SOLLY30 - Westernwear-Women,solid cotton v neck womens shirt - dark green,"Size:Large,Medium,Small,X-Large,X-Small,XX-Large",Rs.,2299,1839,20% off,Westernwear-Women
allen solly,ALLEN SOLLY31,ALLEN SOLLY31 - Westernwear-Women,solid regular fit polyester womens formal wear trousers - black,"Size:26,28,30,32,34,36",Rs.,2299,1379,40% off,Westernwear-Women
allen solly,ALLEN SOLLY32,ALLEN SOLLY32 - Westernwear-Women,solid polyester v neck womens shirt - grey,"Size:Large,Medium,Small,X-Large,X-Small,XX-Large",Rs.,2299,1839,20% off,Westernwear-Women
allen solly,ALLEN SOLLY33,ALLEN SOLLY33 - Westernwear-Women,solid round neck viscose womens fit and flare knit dress - pink,"Size:Large,Medium",Rs.,2299,1499,35% off,Westernwear-Women
allen solly,ALLEN SOLLY34,ALLEN SOLLY34 - Westernwear-Women,checks polyester regular fit womens blazer - navy,"Size:Large,Medium,Small,X-Large",Rs.,3499,2799,20% off,Westernwear-Women
allen solly,ALLEN SOLLY35,ALLEN SOLLY35 - Westernwear-Women,prints round neck viscose womens regular dress - multi,"Size:Medium,Small,X-Small",Rs.,2499,1499,40% off,Westernwear-Women
allen solly,ALLEN SOLLY36,ALLEN SOLLY36 - Westernwear-Women,solid polyester cotton round neck womens formal jacket - navy,"Size:Large,Medium,Small,X-Large,X-Small,XX-Large",Rs.,3799,2279,40% off,Westernwear-Women
allen solly,ALLEN SOLLY37,ALLEN SOLLY37 - Westernwear-Women,checks polyester regular fit womens casual pants - ltgrey,"Size:34,36",Rs.,2299,1499,35% off,Westernwear-Women
allen solly,ALLEN SOLLY38,ALLEN SOLLY38 - Westernwear-Women,textured polyester regular neck womens blazer - grey,"Size:Large,Medium,Small,X-Large,X-Small,XX-Large",Rs.,3799,2799,26% off,Westernwear-Women
allen solly,ALLEN SOLLY39,ALLEN SOLLY39 - Westernwear-Women,textured cotton regular fit womens casual pants - pink,"Size:26,28,30,32,34,36",Rs.,2299,1499,35% off,Westernwear-Women
allen solly,ALLEN SOLLY40,ALLEN SOLLY40 - Westernwear-Women,solid polyester cotton round neck womens formal blazer - dark green,"Size:Large,Medium,Small,X-Large,X-Small,XX-Large",Rs.,3999,2399,40% off,Westernwear-Women
allen solly,ALLEN SOLLY41,ALLEN SOLLY41 - Westernwear-Women,solid cotton v neck womens top - yellow,"Size:Large,Medium,Small,X-Large,X-Small,XX-Large",Rs.,1699,1019,40% off,Westernwear-Women
allen solly,ALLEN SOLLY42,ALLEN SOLLY42 - Westernwear-Women,solid polyester cotton round neck womens formal wear shirt - white,"Size:Large,Medium,Small,X-Large",Rs.,1499,899,40% off,Westernwear-Women
allen solly,ALLEN SOLLY43,ALLEN SOLLY43 - Westernwear-Women,solid viscose turtle neck womens t-shirt - purple,"Size:Large,Medium,Small,X-Large,X-Small,XX-Large",Rs.,1599,959,40% off,Westernwear-Women
allen solly,ALLEN SOLLY44,ALLEN SOLLY44 - Westernwear-Women,solid polyester v neck womens shirt - off white,"Size:Large,Medium,Small,X-Large,X-Small,XX-Large",Rs.,2299,1839,20% off,Westernwear-Women
allen solly,ALLEN SOLLY45,ALLEN SOLLY45 - Westernwear-Women,printed square neck polyester womens fit and flare dress - black,"Size:Large,Medium,Small,X-Large",Rs.,2899,1159,60% off,Westernwear-Women
allen solly,ALLEN SOLLY46,ALLEN SOLLY46 - Westernwear-Women,solid cotton v neck womens shirt - yellow,"Size:Large,Medium,Small,X-Large,X-Small,XX-Large",Rs.,2299,1839,20% off,Westernwear-Women
allen solly,ALLEN SOLLY47,ALLEN SOLLY47 - Westernwear-Women,regular fit regular rayon womens leggings - black,"Size:26,28,30,32",Rs.,1599,959,40% off,Westernwear-Women
allen solly,ALLEN SOLLY48,ALLEN SOLLY48 - Westernwear-Women,prints round neck viscose womens regular dress - ltgrey,"Size:Large,Medium,Small,X-Small",Rs.,2499,1499,40% off,Westernwear-Women
allen solly,ALLEN SOLLY49,ALLEN SOLLY49 - Westernwear-Women,womens notched lapel solid blazer - black,"Size:Large,Medium,Small,X-Large,X-Small,XX-Large,XXX-Large",Rs.,3799,3039,20% off,Westernwear-Women
allen solly,ALLEN SOLLY50,ALLEN SOLLY50 - Westernwear-Women,printed polyester v neck womens dress - navy,"Size:Large,Medium,Small,X-Large,X-Small,XX-Large",Rs.,2499,1999,20% off,Westernwear-Women
allen solly,ALLEN SOLLY51,ALLEN SOLLY51 - Westernwear-Women,solid polyester round neck womens top - olive,"Size:Large,Small,X-Large,X-Small,XXX-Large",Rs.,1599,1279,20% off,Westernwear-Women
allen solly,ALLEN SOLLY52,ALLEN SOLLY52 - Westernwear-Women,solid polyester cotton round neck womens formal wear shirt - maroon,Size:Medium,Rs.,1499,899,40% off,Westernwear-Women
allen solly,ALLEN SOLLY53,ALLEN SOLLY53 - Westernwear-Women,printed viscose regular neck womens dress - white,"Size:Large,Medium,Small,X-Large,X-Small",Rs.,2499,1499,40% off,Westernwear-Women
allen solly,ALLEN SOLLY54,ALLEN SOLLY54 - Westernwear-Women,solid polyester cotton round neck womens formal blazer - ltgrey,"Size:Large,Medium,Small,X-Large,X-Small",Rs.,3799,2279,40% off,Westernwear-Women
allen solly,ALLEN SOLLY55,ALLEN SOLLY55 - Westernwear-Women,solid cotton regular neck womens casual shirt - off white,"Size:Large,Medium,Small,X-Large,X-Small,XX-Large",Rs.,1999,1499,25% off,Westernwear-Women
allen solly,ALLEN SOLLY56,ALLEN SOLLY56 - Westernwear-Women,solid polyester regular fit womens casual pants - navy,"Size:28,30,32,34",Rs.,1999,1499,25% off,Westernwear-Women
allen solly,ALLEN SOLLY57,ALLEN SOLLY57 - Westernwear-Women,textured cotton round neck womens shirt - white,Size:X-Large,Rs.,1699,1019,40% off,Westernwear-Women
allen solly,ALLEN SOLLY58,ALLEN SOLLY58 - Westernwear-Women,womens solid formal trousers - black,"Size:26,28,30,32",Rs.,1999,1599,20% off,Westernwear-Women
allen solly,ALLEN SOLLY59,ALLEN SOLLY59 - Westernwear-Women,solid polyester cotton round neck womens regular top - white,"Size:Large,Medium",Rs.,1699,1019,40% off,Westernwear-Women
allen solly,ALLEN SOLLY60,ALLEN SOLLY60 - Westernwear-Women,solid polyester regular fit womens trousers - olive,"Size:28,30,32,34",Rs.,2299,1379,40% off,Westernwear-Women
allen solly,ALLEN SOLLY61,ALLEN SOLLY61 - Westernwear-Women,textured cotton round neck womens dress - peach,"Size:Large,Medium,Small,X-Large,X-Small,XX-Large",Rs.,2299,1839,20% off,Westernwear-Women
allen solly,ALLEN SOLLY62,ALLEN SOLLY62 - Westernwear-Women,solid polyester regular fit womens blazer - black,"Size:Large,Medium,Small,X-Large",Rs.,3799,2279,40% off,Westernwear-Women
allen solly,ALLEN SOLLY63,ALLEN SOLLY63 - Westernwear-Women,solid cotton round neck womens top - orange,"Size:Large,Medium,Small,X-Large",Rs.,1699,1019,40% off,Westernwear-Women
allen solly,ALLEN SOLLY64,ALLEN SOLLY64 - Westernwear-Women,solid polyester regular fit womens trousers - black,"Size:28,30,32,34",Rs.,1999,1599,20% off,Westernwear-Women
allen solly,ALLEN SOLLY65,ALLEN SOLLY65 - Westernwear-Women,checks polyester regular neck womens blazer - navy,"Size:Large,Medium,Small,X-Large,X-Small,XX-Large",Rs.,3799,2799,26% off,Westernwear-Women
allen solly,ALLEN SOLLY66,ALLEN SOLLY66 - Westernwear-Women,solid polyester regular neck womens top - grey,"Size:Large,Medium,Small,X-Large,X-Small,XX-Large",Rs.,1699,1019,40% off,Westernwear-Women
allen solly,ALLEN SOLLY67,ALLEN SOLLY67 - Westernwear-Women,solid rayon regular fit womens trousers - charcoal,"Size:26,28,30,32,34,36",Rs.,1299,1039,20% off,Westernwear-Women
allen solly,ALLEN SOLLY68,ALLEN SOLLY68 - Westernwear-Women,printed polyester round neck womens top - maroon,"Size:Large,Medium,Small,X-Large,X-Small,XX-Large",Rs.,1299,1039,20% off,Westernwear-Women
allen solly,ALLEN SOLLY69,ALLEN SOLLY69 - Westernwear-Women,textured cotton regular fit womens blazer - maroon,"Size:Large,Medium,Small,X-Large",Rs.,3799,3039,20% off,Westernwear-Women
allen solly,ALLEN SOLLY70,ALLEN SOLLY70 - Westernwear-Women,solid polyester regular fit womens trousers - green,"Size:28,30,32,34",Rs.,2299,1379,40% off,Westernwear-Women
allen solly,ALLEN SOLLY71,ALLEN SOLLY71 - Westernwear-Women,solid polyester cotton collar neck womens formal wear shirt - mid blue,"Size:Small,X-Large",Rs.,1599,959,40% off,Westernwear-Women
allen solly,ALLEN SOLLY72,ALLEN SOLLY72 - Westernwear-Women,solid cotton round neck womens t-shirt - red,"Size:Large,Medium,Small,X-Large,X-Small,XX-Large",Rs.,1099,799,27% off,Westernwear-Women
allen solly,ALLEN SOLLY73,ALLEN SOLLY73 - Westernwear-Women,womens collared printed shirt - black,"Size:Large,Small,X-Large,X-Small,XX-Large",Rs.,1599,959,40% off,Westernwear-Women
allen solly,ALLEN SOLLY74,ALLEN SOLLY74 - Westernwear-Women,solid viscose round neck womens t-shirt - mid blue,"Size:Large,Medium,Small,X-Large,X-Small,XX-Large",Rs.,1799,1499,17% off,Westernwear-Women
allen solly,ALLEN SOLLY75,ALLEN SOLLY75 - Westernwear-Women,solid cotton round neck womens top - off white,"Size:Large,Medium,Small,X-Large,X-Small,XX-Large",Rs.,1999,1199,40% off,Westernwear-Women
allen solly,ALLEN SOLLY76,ALLEN SOLLY76 - Westernwear-Women,checks polyester round neck womens blazer - mid blue,"Size:Large,Medium,Small,X-Large,X-Small,XX-Large",Rs.,3499,2799,20% off,Westernwear-Women
allen solly,ALLEN SOLLY77,ALLEN SOLLY77 - Westernwear-Women,textured regular fit polyester womens formal wear trousers - black,"Size:26,28,30,32,34,36",Rs.,2299,1379,40% off,Westernwear-Women
allen solly,ALLEN SOLLY78,ALLEN SOLLY78 - Westernwear-Women,solid regular fit polyester womens trousers - charcoal,"Size:26,30,32,34,36",Rs.,1899,1139,40% off,Westernwear-Women
allen solly,ALLEN SOLLY79,ALLEN SOLLY79 - Westernwear-Women,printed rayon regular neck womens dress - yellow,"Size:Large,Medium,Small,X-Large",Rs.,2499,1499,40% off,Westernwear-Women
allen solly,ALLEN SOLLY80,ALLEN SOLLY80 - Westernwear-Women,womens collared solid shirt - peach,"Size:Large,Medium,X-Large",Rs.,1399,839,40% off,Westernwear-Women
allen solly,ALLEN SOLLY81,ALLEN SOLLY81 - Westernwear-Women,printed viscose regular neck womens top - grey,"Size:Large,Medium,Small,X-Large,X-Small,XX-Large",Rs.,1299,999,23% off,Westernwear-Women
allen solly,ALLEN SOLLY82,ALLEN SOLLY82 - Westernwear-Women,solid polyester regular neck womens dress - grey,"Size:Large,Medium,Small,X-Large,X-Small",Rs.,2699,1499,44% off,Westernwear-Women
allen solly,ALLEN SOLLY83,ALLEN SOLLY83 - Westernwear-Women,solid rayon v neck womens shirt - yellow,"Size:Large,Medium,Small,X-Large,X-Small,XX-Large",Rs.,1999,1499,25% off,Westernwear-Women
allen solly,ALLEN SOLLY84,ALLEN SOLLY84 - Westernwear-Women,womens 4 pocket solid trousers - black,"Size:28,30,32,34,36",Rs.,1899,1519,20% off,Westernwear-Women
allen solly,ALLEN SOLLY85,ALLEN SOLLY85 - Westernwear-Women,solid polyester v-neck womens top - navy,"Size:Large,Medium,Small,X-Large,X-Small,XX-Large",Rs.,8.9,1399,10% off,Westernwear-Women
allen solly,ALLEN SOLLY86,ALLEN SOLLY86 - Westernwear-Women,solid cotton round neck womens t-shirt - green,"Size:Large,Medium,Small,X-Large,X-Small,XX-Large",Rs.,1099,659,40% off,Westernwear-Women
allen solly,ALLEN SOLLY87,ALLEN SOLLY87 - Westernwear-Women,textured cotton regular fit womens trousers - natural,"Size:28,30,32,34",Rs.,2299,1839,20% off,Westernwear-Women
allen solly,ALLEN SOLLY88,ALLEN SOLLY88 - Westernwear-Women,printed polyester cotton mandarin womens formal wear shirt - light blue,"Size:Large,Medium,Small,X-Large",Rs.,1699,1019,40% off,Westernwear-Women
allen solly,ALLEN SOLLY89,ALLEN SOLLY89 - Westernwear-Women,solid cotton round neck womens t-shirt - green,"Size:Large,Medium,Small,X-Large,X-Small,XX-Large",Rs.,1299,1039,20% off,Westernwear-Women
allen solly,ALLEN SOLLY90,ALLEN SOLLY90 - Westernwear-Women,checks polyester regular fit womens trousers - teal,"Size:26,28,30,32,34,36",Rs.,2299,1379,40% off,Westernwear-Women
allen solly,ALLEN SOLLY91,ALLEN SOLLY91 - Westernwear-Women,prints polyester round neck womens regular top - pink,"Size:Large,Medium,Small,X-Large,X-Small,XX-Large",Rs.,1499,899,40% off,Westernwear-Women
allen solly,ALLEN SOLLY92,ALLEN SOLLY92 - Westernwear-Women,womens collared solid shirt - black,"Size:X-Small,XX-Large",Rs.,1599,1279,20% off,Westernwear-Women
allen solly,ALLEN SOLLY93,ALLEN SOLLY93 - Westernwear-Women,solid viscose round neck womens t-shirt - orange,"Size:Large,Medium,Small,X-Large,X-Small,XX-Large",Rs.,1799,1079,40% off,Westernwear-Women
allen solly,ALLEN SOLLY94,ALLEN SOLLY94 - Westernwear-Women,solid polyester regular fit womens trousers - black,"Size:26,28,30,32,34,36",Rs.,1999,1599,20% off,Westernwear-Women
allen solly,ALLEN SOLLY95,ALLEN SOLLY95 - Westernwear-Women,printed polyester v neck womens top - pink,"Size:Large,Medium,Small,X-Large,X-Small,XX-Large",Rs.,1999,1599,20% off,Westernwear-Women
allen solly,ALLEN SOLLY96,ALLEN SOLLY96 - Westernwear-Women,solid polyester round neck womens top - pink,"Size:Large,Medium,Small",Rs.,1499,899,40% off,Westernwear-Women
allen solly,ALLEN SOLLY97,ALLEN SOLLY97 - Westernwear-Women,solid cotton regular fit womens face mask - pack of 3 - pink,Nan,Rs.,0.9,599,10% off,Westernwear-Women
allen solly,ALLEN SOLLY98,ALLEN SOLLY98 - Westernwear-Women,solid cotton v neck womens t-shirt - black,"Size:Large,Medium,Small,X-Large,X-Small,XX-Large",Rs.,1099,659,40% off,Westernwear-Women
allen solly,ALLEN SOLLY99,ALLEN SOLLY99 - Westernwear-Women,printed regular fit rayon womens formal wear trousers - black,"Size:28,30,32",Rs.,1799,1079,40% off,Westernwear-Women
allen solly,ALLEN SOLLY100,ALLEN SOLLY100 - Westernwear-Women,printed polyester v neck womens shirt - yellow,"Size:Large,Medium,Small,X-Large,X-Small,XX-Large",Rs.,1699,1019,40% off,Westernwear-Women
allen solly,ALLEN SOLLY101,ALLEN SOLLY101 - Westernwear-Women,printed polyester round neck womens top - green,"Size:Large,Medium,Small,X-Large,X-Small,XX-Large",Rs.,1699,1499,12% off,Westernwear-Women
allen solly,ALLEN SOLLY102,ALLEN SOLLY102 - Westernwear-Women,printed rayon round neck womens top - aqua,Size:Small,Rs.,1699,1019,40% off,Westernwear-Women
allen solly,ALLEN SOLLY103,ALLEN SOLLY103 - Westernwear-Women,printed polyester stylized womens top - maroon,"Size:Large,Medium,Small,X-Large,X-Small",Rs.,1699,1019,40% off,Westernwear-Women
allen solly,ALLEN SOLLY104,ALLEN SOLLY104 - Westernwear-Women,printed polyester round neck womens top - pink,"Size:Large,Medium,Small,X-Large,X-Small,XX-Large",Rs.,1699,1499,12% off,Westernwear-Women
allen solly,ALLEN SOLLY105,ALLEN SOLLY105 - Westernwear-Women,solid cotton regular fit womens casual pants - off white,"Size:26,28,30,32,34,36",Rs.,1599,999,38% off,Westernwear-Women
allen solly,ALLEN SOLLY106,ALLEN SOLLY106 - Westernwear-Women,printed polyester cotton round neck womens regular top - grey,"Size:Large,Medium,Small",Rs.,1599,959,40% off,Westernwear-Women
allen solly,ALLEN SOLLY107,ALLEN SOLLY107 - Westernwear-Women,solid polyester round neck womens regular top - red,"Size:Large,Medium,Small,X-Large,X-Small",Rs.,1599,1279,20% off,Westernwear-Women
allen solly,ALLEN SOLLY108,ALLEN SOLLY108 - Westernwear-Women,textured polyester womens formal wear blazer - black,"Size:Large,Medium,Small,X-Small,XX-Large",Rs.,3499,2799,20% off,Westernwear-Women
allen solly,ALLEN SOLLY109,ALLEN SOLLY109 - Westernwear-Women,printed rayon v neck womens shirt - teal,"Size:Large,Medium,Small,X-Large,X-Small,XX-Large",Rs.,1999,1499,25% off,Westernwear-Women
allen solly,ALLEN SOLLY110,ALLEN SOLLY110 - Westernwear-Women,textured cotton regular neck womens dress - magenta,"Size:Large,Medium,Small,X-Large,X-Small,XX-Large",Rs.,2299,1379,40% off,Westernwear-Women
allen solly,ALLEN SOLLY111,ALLEN SOLLY111 - Westernwear-Women,solid regular fit polyester cotton womens formal wear pants - navy,Size:36,Rs.,1999,1199,40% off,Westernwear-Women
allen solly,ALLEN SOLLY112,ALLEN SOLLY112 - Westernwear-Women,solid viscose v-neck womens knit top - grey,"Size:Medium,X-Large,XX-Large",Rs.,1799,1079,40% off,Westernwear-Women
allen solly,ALLEN SOLLY113,ALLEN SOLLY113 - Westernwear-Women,solid regular fit rayon womens formal wear trousers - charcoal,"Size:26,28,30,34",Rs.,1599,959,40% off,Westernwear-Women
allen solly,ALLEN SOLLY114,ALLEN SOLLY114 - Westernwear-Women,stripes polyester regular fit womens trousers - grey,"Size:26,28,30,32,34,36",Rs.,2299,1839,20% off,Westernwear-Women
allen solly,ALLEN SOLLY115,ALLEN SOLLY115 - Westernwear-Women,printed regular fit rayon womens pants - mid blue,"Size:26,28,30,32,34",Rs.,1799,1079,40% off,Westernwear-Women
allen solly,ALLEN SOLLY116,ALLEN SOLLY116 - Westernwear-Women,printed cotton round neck womens t-shirt - multi,"Size:Large,Medium,Small,X-Large,X-Small,XX-Large",Rs.,999,599,40% off,Westernwear-Women
allen solly,ALLEN SOLLY117,ALLEN SOLLY117 - Westernwear-Women,solid regular fit rayon womens formal wear trousers - navy,Size:30,Rs.,1599,959,40% off,Westernwear-Women
allen solly,ALLEN SOLLY118,ALLEN SOLLY118 - Westernwear-Women,stripes polyester regular fit womens blazer - black,"Size:Large,Medium,Small,X-Large,X-Small,XX-Large",Rs.,3799,2799,26% off,Westernwear-Women
allen solly,ALLEN SOLLY119,ALLEN SOLLY119 - Westernwear-Women,solid round neck polyester womens regular dress - maroon,"Size:Large,Medium,Small,X-Large,X-Small,XX-Large",Rs.,2299,1379,40% off,Westernwear-Women
allen solly,ALLEN SOLLY120,ALLEN SOLLY120 - Westernwear-Women,textured regular fit polyester womens formal wear trousers - light blue,"Size:28,30,32,34,36",Rs.,1999,1199,40% off,Westernwear-Women
allen solly,ALLEN SOLLY121,ALLEN SOLLY121 - Westernwear-Women,printed polyester v-neck womens top - navy,"Size:X-Large,XX-Large",Rs.,1499,899,40% off,Westernwear-Women
allen solly,ALLEN SOLLY122,ALLEN SOLLY122 - Westernwear-Women,womens solid jeggings - maroon,"Size:28,30,32,34",Rs.,999,599,40% off,Westernwear-Women
allen solly,ALLEN SOLLY123,ALLEN SOLLY123 - Westernwear-Women,solid viscose round neck womens t-shirt - orange,"Size:Large,Medium,Small,X-Large,X-Small,XX-Large",Rs.,1599,999,38% off,Westernwear-Women
allen solly,ALLEN SOLLY124,ALLEN SOLLY124 - Westernwear-Women,solid cotton womens casual t-shirt - mid blue,"Size:Large,Medium,Small,X-Large,X-Small,XX-Large",Rs.,1299,779,40% off,Westernwear-Women
allen solly,ALLEN SOLLY125,ALLEN SOLLY125 - Westernwear-Women,solid cotton regular fit womens shorts - mid blue,"Size:26,28,30,32,34,36",Rs.,1199,799,33% off,Westernwear-Women
allen solly,ALLEN SOLLY126,ALLEN SOLLY126 - Westernwear-Women,printed rayon regular neck womens top - off white,"Size:Large,Medium,Small,X-Large,X-Small,XX-Large",Rs.,1699,1499,12% off,Westernwear-Women
allen solly,ALLEN SOLLY127,ALLEN SOLLY127 - Westernwear-Women,printed rayon regular neck womens top - yellow,"Size:Large,Medium,Small,X-Large,X-Small,XX-Large",Rs.,1699,1499,12% off,Westernwear-Women
allen solly,ALLEN SOLLY128,ALLEN SOLLY128 - Westernwear-Women,solid cotton v neck womens top - peach,"Size:Large,Medium,Small,X-Large,X-Small,XX-Large",Rs.,1699,1019,40% off,Westernwear-Women
allen solly,ALLEN SOLLY129,ALLEN SOLLY129 - Westernwear-Women,textured polyester womens formal wear blazer - black,"Size:Large,Medium",Rs.,8.9,3499,10% off,Westernwear-Women
allen solly,ALLEN SOLLY130,ALLEN SOLLY130 - Westernwear-Women,solid viscose round neck womens knit top - olive,"Size:Large,X-Small",Rs.,1599,959,40% off,Westernwear-Women
allen solly,ALLEN SOLLY131,ALLEN SOLLY131 - Westernwear-Women,womens slub formal trousers - grey,"Size:28,34,36",Rs.,1799,1439,20% off,Westernwear-Women
allen solly,ALLEN SOLLY132,ALLEN SOLLY132 - Westernwear-Women,printed polyester stylized womens top - navy,"Size:Large,Medium,Small,X-Large",Rs.,8.9,1699,10% off,Westernwear-Women
allen solly,ALLEN SOLLY133,ALLEN SOLLY133 - Westernwear-Women,womens solid pencil skirt - dark blue,Size:32,Rs.,1699,1019,40% off,Westernwear-Women
allen solly,ALLEN SOLLY134,ALLEN SOLLY134 - Westernwear-Women,printed polyester stylized womens formal shirt - grey,"Size:Medium,XX-Large",Rs.,8.9,1699,10% off,Westernwear-Women
allen solly,ALLEN SOLLY135,ALLEN SOLLY135 - Westernwear-Women,womens 3 pocket solid trousers - black,"Size:26,34,36",Rs.,1799,1439,20% off,Westernwear-Women
allen solly,ALLEN SOLLY136,ALLEN SOLLY136 - Westernwear-Women,solid cotton regular neck womens dress - off white,"Size:X-Large,X-Small,XX-Large",Rs.,2499,1499,40% off,Westernwear-Women
allen solly,ALLEN SOLLY137,ALLEN SOLLY137 - Westernwear-Women,regular fit regular rayon womens leggings - navy,"Size:26,28,30,32",Rs.,1799,1079,40% off,Westernwear-Women
allen solly,ALLEN SOLLY138,ALLEN SOLLY138 - Westernwear-Women,solid polyester round neck womens top - pink,"Size:Large,Medium,Small,X-Large,X-Small,XX-Large",Rs.,1999,1599,20% off,Westernwear-Women
allen solly,ALLEN SOLLY139,ALLEN SOLLY139 - Westernwear-Women,textured polyester regular fit womens blazer - light blue,"Size:Large,Medium,Small,X-Large",Rs.,3499,2799,20% off,Westernwear-Women
allen solly,ALLEN SOLLY140,ALLEN SOLLY140 - Westernwear-Women,printed polyester round neck womens shirt - black,"Size:Large,X-Large",Rs.,1699,1499,12% off,Westernwear-Women
allen solly,ALLEN SOLLY141,ALLEN SOLLY141 - Westernwear-Women,checks polyester regular fit womens blazer - dark green,"Size:Large,Medium,Small,X-Large,X-Small,XX-Large",Rs.,3799,3039,20% off,Westernwear-Women
allen solly,ALLEN SOLLY142,ALLEN SOLLY142 - Westernwear-Women,solid cotton round neck womens top - yellow,"Size:Large,Medium,Small,X-Large,X-Small,XX-Large",Rs.,1699,1499,12% off,Westernwear-Women
allen solly,ALLEN SOLLY143,ALLEN SOLLY143 - Westernwear-Women,womens reusable mask - pack of 4 - multi,Nan,Rs.,0.9,449,10% off,Westernwear-Women
allen solly,ALLEN SOLLY144,ALLEN SOLLY144 - Westernwear-Women,printed cotton regular fit womens face mask - pack of 2 - multi,Nan,Rs.,0.9,399,10% off,Westernwear-Women
allen solly,ALLEN SOLLY145,ALLEN SOLLY145 - Westernwear-Women,womens knee length skirt - dark blue,"Size:30,32,34",Rs.,1699,1359,20% off,Westernwear-Women
allen solly,ALLEN SOLLY146,ALLEN SOLLY146 - Westernwear-Women,solid regular fit polyester cotton womens formal wear pants - maroon,"Size:28,30,32,34,36",Rs.,8.9,1799,10% off,Westernwear-Women
allen solly,ALLEN SOLLY147,ALLEN SOLLY147 - Westernwear-Women,solid lyocell v neck womens dress - navy,"Size:Large,Medium,Small,X-Large,X-Small,XX-Large",Rs.,2499,1499,40% off,Westernwear-Women
allen solly,ALLEN SOLLY148,ALLEN SOLLY148 - Westernwear-Women,solid polyester cotton round neck womens regular top - white,Size:XX-Large,Rs.,8.9,1599,10% off,Westernwear-Women
allen solly,ALLEN SOLLY149,ALLEN SOLLY149 - Westernwear-Women,solid polyester regular neck womens top - green,"Size:Large,Medium,Small,X-Large,X-Small,XX-Large",Rs.,1699,1499,12% off,Westernwear-Women
allen solly,ALLEN SOLLY150,ALLEN SOLLY150 - Westernwear-Women,solid v-neck rayon womens sheath dress - navy,"Size:Large,Small,X-Small",Rs.,1999,1199,40% off,Westernwear-Women
allen solly,ALLEN SOLLY151,ALLEN SOLLY151 - Westernwear-Women,solid polyester cotton round neck womens regular dress - pink,"Size:Medium,Small",Rs.,2699,1619,40% off,Westernwear-Women
allen solly,ALLEN SOLLY152,ALLEN SOLLY152 - Westernwear-Women,solid cotton v neck womens top - purple,"Size:Large,Medium,Small,X-Large,X-Small,XX-Large",Rs.,1499,1199,20% off,Westernwear-Women
allen solly,ALLEN SOLLY153,ALLEN SOLLY153 - Westernwear-Women,solid cotton linen blend round neck womens top - pink,"Size:Large,Medium,Small,X-Large",Rs.,1699,1019,40% off,Westernwear-Women
allen solly,ALLEN SOLLY154,ALLEN SOLLY154 - Westernwear-Women,womens reusable protective face mask - pack of 4 - multi,Nan,Rs.,0.9,449,10% off,Westernwear-Women
allen solly,ALLEN SOLLY155,ALLEN SOLLY155 - Westernwear-Women,solid viscose regular neck womens top - off white,Size:Large,Rs.,1699,1019,40% off,Westernwear-Women
allen solly,ALLEN SOLLY156,ALLEN SOLLY156 - Westernwear-Women,solid rayon womens formal wear blazer - black,"Size:Large,X-Small",Rs.,3999,2399,40% off,Westernwear-Women
allen solly,ALLEN SOLLY157,ALLEN SOLLY157 - Westernwear-Women,prints polyester round neck womens regular top - maroon,"Size:Large,Medium,Small,X-Large,X-Small",Rs.,1499,899,40% off,Westernwear-Women
allen solly,ALLEN SOLLY158,ALLEN SOLLY158 - Westernwear-Women,regular fit regular length cotton blend womens jeans - navy,Size:26,Rs.,2299,1379,40% off,Westernwear-Women
allen solly,ALLEN SOLLY159,ALLEN SOLLY159 - Westernwear-Women,textured rayon regular fit womens casual pants - charcoal,"Size:28,30,32",Rs.,1999,1199,40% off,Westernwear-Women
allen solly,ALLEN SOLLY160,ALLEN SOLLY160 - Westernwear-Women,solid cotton womens casual t-shirt - green,"Size:Large,Medium,Small,X-Large,X-Small,XX-Large",Rs.,1299,779,40% off,Westernwear-Women
allen solly,ALLEN SOLLY161,ALLEN SOLLY161 - Westernwear-Women,solid polyester v-neck womens top - green,"Size:Large,Medium,X-Large",Rs.,8.9,1399,10% off,Westernwear-Women
allen solly,ALLEN SOLLY162,ALLEN SOLLY162 - Westernwear-Women,solid polyester womens casual jacket - multi,Size:X-Large,Rs.,5999,3599,40% off,Westernwear-Women
allen solly,ALLEN SOLLY163,ALLEN SOLLY163 - Westernwear-Women,solid polyester v-neck womens top - off white,Size:X-Small,Rs.,8.9,1599,10% off,Westernwear-Women
allen solly,ALLEN SOLLY164,ALLEN SOLLY164 - Westernwear-Women,solid cotton round neck womens top - green,"Size:Large,Medium,Small,X-Large,X-Small,XX-Large",Rs.,1999,1199,40% off,Westernwear-Women
allen solly,ALLEN SOLLY165,ALLEN SOLLY165 - Westernwear-Women,solid viscose regular fit womens jumpsuit - charcoal,"Size:Large,Medium,Small,X-Small",Rs.,3299,2639,20% off,Westernwear-Women
allen solly,ALLEN SOLLY166,ALLEN SOLLY166 - Westernwear-Women,solid cotton regular fit womens casual pants - red,"Size:26,28,30,32,34,36",Rs.,1599,959,40% off,Westernwear-Women
allen solly,ALLEN SOLLY167,ALLEN SOLLY167 - Westernwear-Women,textured cotton regular fit womens blazer - maroon,"Size:Large,Medium,Small,X-Large,X-Small,XX-Large",Rs.,3799,3039,20% off,Westernwear-Women
allen solly,ALLEN SOLLY168,ALLEN SOLLY168 - Westernwear-Women,solid cotton round neck womens t-shirt - yellow,"Size:Large,Medium,Small,X-Small,XX-Large",Rs.,1099,659,40% off,Westernwear-Women
allen solly,ALLEN SOLLY169,ALLEN SOLLY169 - Westernwear-Women,solid cotton round neck womens t-shirt - off white,"Size:Large,Medium,Small,X-Large,X-Small,XX-Large",Rs.,1099,659,40% off,Westernwear-Women
allen solly,ALLEN SOLLY170,ALLEN SOLLY170 - Westernwear-Women,solid viscose regular fit womens trousers - charcoal,"Size:26,28,30,32,34,36",Rs.,1799,1439,20% off,Westernwear-Women
allen solly,ALLEN SOLLY171,ALLEN SOLLY171 - Westernwear-Women,solid polyester round neck womens top - dark blue,"Size:Large,Medium",Rs.,1499,899,40% off,Westernwear-Women
allen solly,ALLEN SOLLY172,ALLEN SOLLY172 - Westernwear-Women,printed cotton round neck womens top - black,Size:Large,Rs.,1499,899,40% off,Westernwear-Women
allen solly,ALLEN SOLLY173,ALLEN SOLLY173 - Westernwear-Women,solid cotton regular neck womens dress - mid blue,"Size:Large,X-Small",Rs.,2499,1499,40% off,Westernwear-Women
allen solly,ALLEN SOLLY174,ALLEN SOLLY174 - Westernwear-Women,stripes polyester regular fit womens trousers - black,"Size:26,28,30,32,34,36",Rs.,1999,1599,20% off,Westernwear-Women
allen solly,ALLEN SOLLY175,ALLEN SOLLY175 - Westernwear-Women,solid regular fit polyester womens formal wear trousers - black,"Size:26,28",Rs.,1899,1139,40% off,Westernwear-Women
allen solly,ALLEN SOLLY176,ALLEN SOLLY176 - Westernwear-Women,printed polyester regular neck womens top - pink,"Size:Large,Medium,Small,X-Large,X-Small,XX-Large",Rs.,1699,1019,40% off,Westernwear-Women
allen solly,ALLEN SOLLY177,ALLEN SOLLY177 - Westernwear-Women,printed polyester stylized womens top - off white,"Size:Large,Medium,Small,X-Small",Rs.,1499,899,40% off,Westernwear-Women
allen solly,ALLEN SOLLY178,ALLEN SOLLY178 - Westernwear-Women,solid square neck cotton linen womens regular dress - natural,"Size:Large,Medium",Rs.,2499,1499,40% off,Westernwear-Women
allen solly,ALLEN SOLLY179,ALLEN SOLLY179 - Westernwear-Women,checks regular fit polyester blend womens trousers - mid blue,Size:36,Rs.,1899,1139,40% off,Westernwear-Women
allen solly,ALLEN SOLLY180,ALLEN SOLLY180 - Westernwear-Women,solid polyester regular neck womens dress - off white,"Size:Large,Medium,Small,X-Large,X-Small,XX-Large",Rs.,3999,2799,30% off,Westernwear-Women
allen solly,ALLEN SOLLY181,ALLEN SOLLY181 - Westernwear-Women,solid regular fit polyester cotton womens formal wear pants - dark green,"Size:28,30,36",Rs.,1999,1199,40% off,Westernwear-Women
allen solly,ALLEN SOLLY182,ALLEN SOLLY182 - Westernwear-Women,solid rayon regular fit womens casual pants - black,"Size:28,30,32",Rs.,1999,1499,25% off,Westernwear-Women
allen solly,ALLEN SOLLY183,ALLEN SOLLY183 - Westernwear-Women,solid regular fit rayon womens formal wear trousers - maroon,"Size:28,30,32,34",Rs.,1599,959,40% off,Westernwear-Women
allen solly,ALLEN SOLLY184,ALLEN SOLLY184 - Westernwear-Women,solid cotton womens protection mask - green,Nan,Rs.,0.9,399,10% off,Westernwear-Women
allen solly,ALLEN SOLLY185,ALLEN SOLLY185 - Westernwear-Women,solid cotton regular fit womens shorts - green,"Size:26,28,30,32,34,36",Rs.,1199,799,33% off,Westernwear-Women
allen solly,ALLEN SOLLY186,ALLEN SOLLY186 - Westernwear-Women,solid viscose round neck womens knit top - black,Size:Large,Rs.,1299,779,40% off,Westernwear-Women
allen solly,ALLEN SOLLY187,ALLEN SOLLY187 - Westernwear-Women,solid cotton regular fit womens face mask - pack of 3 - multi,Nan,Rs.,0.9,599,10% off,Westernwear-Women
allen solly,ALLEN SOLLY188,ALLEN SOLLY188 - Westernwear-Women,womens mandarin collar solid shirt - black,"Size:Large,Medium,Small,X-Large,X-Small,XX-Large",Rs.,1499,1199,20% off,Westernwear-Women
allen solly,ALLEN SOLLY189,ALLEN SOLLY189 - Westernwear-Women,womens round neck solid a-line dress - fuschia,Size:X-Small,Rs.,2299,1379,40% off,Westernwear-Women
allen solly,ALLEN SOLLY190,ALLEN SOLLY190 - Westernwear-Women,checks polyester regular fit womens blazer - mid blue,"Size:Large,Medium,Small,X-Large",Rs.,3999,3199,20% off,Westernwear-Women
allen solly,ALLEN SOLLY191,ALLEN SOLLY191 - Westernwear-Women,stripes polyester womens formal wear blazer - black,"Size:Large,XX-Large",Rs.,8.9,3799,10% off,Westernwear-Women
allen solly,ALLEN SOLLY192,ALLEN SOLLY192 - Westernwear-Women,womens 3 pocket solid trousers - dark blue,"Size:26,30,32,34,36",Rs.,1799,1439,20% off,Westernwear-Women
allen solly,ALLEN SOLLY193,ALLEN SOLLY193 - Westernwear-Women,solid viscose round neck womens t-shirt - yellow,"Size:Large,Medium,Small,X-Large,X-Small,XX-Large",Rs.,1699,1499,12% off,Westernwear-Women
allen solly,ALLEN SOLLY194,ALLEN SOLLY194 - Westernwear-Women,solid round neck cotton womens regular fit dress - pink,Size:Large,Rs.,2499,1499,40% off,Westernwear-Women
allen solly,ALLEN SOLLY195,ALLEN SOLLY195 - Westernwear-Women,printed polyester keyhole womens top - navy,Size:X-Small,Rs.,8.9,1499,10% off,Westernwear-Women
allen solly,ALLEN SOLLY196,ALLEN SOLLY196 - Westernwear-Women,printed regular fit rayon womens formal wear trousers - navy,"Size:26,28,30,32,34,36",Rs.,1799,1079,40% off,Westernwear-Women
allen solly,ALLEN SOLLY197,ALLEN SOLLY197 - Westernwear-Women,regular fit womens protection face mask - light blue,Nan,Rs.,0.9,599,10% off,Westernwear-Women
allen solly,ALLEN SOLLY198,ALLEN SOLLY198 - Westernwear-Women,solid hood polyester womens sheath dress - pink,Size:Large,Rs.,2499,1499,40% off,Westernwear-Women
allen solly,ALLEN SOLLY199,ALLEN SOLLY199 - Westernwear-Women,printed viscose regular neck womens dress - yellow,"Size:Large,Medium,Small",Rs.,1999,1499,25% off,Westernwear-Women
allen solly,ALLEN SOLLY200,ALLEN SOLLY200 - Westernwear-Women,solid polyester round neck womens top - mid blue,"Size:Large,Small",Rs.,999,599,40% off,Westernwear-Women
allen solly,ALLEN SOLLY201,ALLEN SOLLY201 - Westernwear-Women,printed rayon round neck womens top - cream,"Size:Large,Medium,Small,X-Large",Rs.,1699,1019,40% off,Westernwear-Women
allen solly,ALLEN SOLLY202,ALLEN SOLLY202 - Westernwear-Women,printed v-neck cotton womens sheath dress - yellow,"Size:Large,X-Large",Rs.,8.9,2499,10% off,Westernwear-Women
allen solly,ALLEN SOLLY203,ALLEN SOLLY203 - Westernwear-Women,printed cotton regular fit womens trousers - multi,"Size:26,28,30,32,34,36",Rs.,1599,959,40% off,Westernwear-Women
allen solly,ALLEN SOLLY204,ALLEN SOLLY204 - Westernwear-Women,solid polyester regular fit womens blazer - black,"Size:Large,Medium,Small,X-Large,X-Small,XX-Large",Rs.,3999,3199,20% off,Westernwear-Women
allen solly,ALLEN SOLLY205,ALLEN SOLLY205 - Westernwear-Women,womens collared printed shirt tunic - peach,Size:Large,Rs.,1799,1079,40% off,Westernwear-Women
allen solly,ALLEN SOLLY206,ALLEN SOLLY206 - Westernwear-Women,womens skinny fit mild distressed jeans - navy,Size:26,Rs.,2199,1319,40% off,Westernwear-Women
allen solly,ALLEN SOLLY207,ALLEN SOLLY207 - Westernwear-Women,solid round neck rayon womens a line dress - green,Size:Medium,Rs.,8.9,1899,10% off,Westernwear-Women
allen solly,ALLEN SOLLY208,ALLEN SOLLY208 - Westernwear-Women,printed cotton regular neck womens dress - navy,"Size:Medium,X-Small",Rs.,2299,1379,40% off,Westernwear-Women
allen solly,ALLEN SOLLY209,ALLEN SOLLY209 - Westernwear-Women,solid polyester round neck womens top - maroon,Size:XX-Large,Rs.,1699,1019,40% off,Westernwear-Women
allen solly,ALLEN SOLLY210,ALLEN SOLLY210 - Westernwear-Women,textured polyester round neck womens regular top - maroon,"Size:Large,Medium,Small,X-Large,X-Small,XX-Large",Rs.,1899,1139,40% off,Westernwear-Women
allen solly,ALLEN SOLLY211,ALLEN SOLLY211 - Westernwear-Women,womens lapel collar solid formal blazer - grey,"Size:X-Large,XX-Large",Rs.,3799,3039,20% off,Westernwear-Women
allen solly,ALLEN SOLLY212,ALLEN SOLLY212 - Westernwear-Women,regular fit full length polyester cotton womens jeans - mid blue,Size:30,Rs.,2499,1499,40% off,Westernwear-Women
allen solly,ALLEN SOLLY213,ALLEN SOLLY213 - Westernwear-Women,printed cotton round neck womens t-shirt - multi,"Size:Large,Medium,Small,X-Large,X-Small,XX-Large",Rs.,999,599,40% off,Westernwear-Women
allen solly,ALLEN SOLLY214,ALLEN SOLLY214 - Westernwear-Women,womens reusable protective face mask - pack of 4 - multi,Nan,Rs.,0.9,499,10% off,Westernwear-Women
allen solly,ALLEN SOLLY215,ALLEN SOLLY215 - Westernwear-Women,womens round neck solid flared dress - pink,Size:X-Small,Rs.,2799,1679,40% off,Westernwear-Women
allen solly,ALLEN SOLLY216,ALLEN SOLLY216 - Westernwear-Women,solid polyester round neck womens top - light blue,"Size:Medium,XX-Large",Rs.,1699,1019,40% off,Westernwear-Women
allen solly,ALLEN SOLLY217,ALLEN SOLLY217 - Westernwear-Women,solid polyester regular fit womens trousers - black,"Size:26,28,30,32,34,36",Rs.,1999,1199,40% off,Westernwear-Women
allen solly,ALLEN SOLLY218,ALLEN SOLLY218 - Westernwear-Women,regular fit full length polyester cotton womens jeans - ltgrey,Size:26,Rs.,1999,1199,40% off,Westernwear-Women
allen solly,ALLEN SOLLY219,ALLEN SOLLY219 - Westernwear-Women,solid viscose womens top - black,Size:XX-Large,Rs.,1999,1199,40% off,Westernwear-Women
allen solly,ALLEN SOLLY220,ALLEN SOLLY220 - Westernwear-Women,solid viscose boat neck womens knit top - navy,"Size:Small,X-Large",Rs.,1799,1079,40% off,Westernwear-Women
allen solly,ALLEN SOLLY221,ALLEN SOLLY221 - Westernwear-Women,printed polyester v neck womens dress - pink,Size:Small,Rs.,2699,1619,40% off,Westernwear-Women
allen solly,ALLEN SOLLY222,ALLEN SOLLY222 - Westernwear-Women,solid polyester womens top - red,Size:Small,Rs.,1699,1019,40% off,Westernwear-Women
allen solly,ALLEN SOLLY223,ALLEN SOLLY223 - Westernwear-Women,regular fit regular length womens jeans - mid blue,Size:34,Rs.,2499,1499,40% off,Westernwear-Women
allen solly,ALLEN SOLLY224,ALLEN SOLLY224 - Westernwear-Women,solid cotton regular neck womens top - green,"Size:Large,Medium,Small",Rs.,1499,999,33% off,Westernwear-Women
allen solly,ALLEN SOLLY225,ALLEN SOLLY225 - Westernwear-Women,solid polyester round neck womens top - green,"Size:Large,Medium,Small,X-Large,X-Small,XX-Large",Rs.,1999,1599,20% off,Westernwear-Women
allen solly,ALLEN SOLLY226,ALLEN SOLLY226 - Westernwear-Women,checks polyester regular neck womens t-shirt - olive,"Size:Large,Medium,Small,X-Large",Rs.,1699,1499,12% off,Westernwear-Women
allen solly,ALLEN SOLLY227,ALLEN SOLLY227 - Westernwear-Women,printed cotton regular fit womens trousers - multi,"Size:26,28,30,32,34,36",Rs.,1599,959,40% off,Westernwear-Women
allen solly,ALLEN SOLLY228,ALLEN SOLLY228 - Westernwear-Women,printed viscose v neck womens top - white,"Size:Large,Medium,Small,X-Large,X-Small,XX-Large",Rs.,1699,1019,40% off,Westernwear-Women
allen solly,ALLEN SOLLY229,ALLEN SOLLY229 - Westernwear-Women,solid regular fit cotton womens casual trousers - mid blue,"Size:26,28,30,32,34,36",Rs.,1599,1279,20% off,Westernwear-Women
allen solly,ALLEN SOLLY230,ALLEN SOLLY230 - Westernwear-Women,solid v-neck polyester womens sheath dress - olive,"Size:X-Small,XXX-Large",Rs.,2999,1799,40% off,Westernwear-Women
allen solly,ALLEN SOLLY231,ALLEN SOLLY231 - Westernwear-Women,solid cotton round neck womens regular fit top - white,Size:X-Small,Rs.,2499,1499,40% off,Westernwear-Women
allen solly,ALLEN SOLLY232,ALLEN SOLLY232 - Westernwear-Women,regular fit regular length cotton blend womens jeans - navy,Size:26,Rs.,2299,1379,40% off,Westernwear-Women
allen solly,ALLEN SOLLY233,ALLEN SOLLY233 - Westernwear-Women,solid polyester womens casual jacket - grey,"Size:X-Large,XX-Large",Rs.,5499,3299,40% off,Westernwear-Women
allen solly,ALLEN SOLLY234,ALLEN SOLLY234 - Westernwear-Women,solid viscose round neck womens top - peach,"Size:Large,Medium,Small,X-Large,X-Small,XX-Large",Rs.,1899,1139,40% off,Westernwear-Women
allen solly,ALLEN SOLLY235,ALLEN SOLLY235 - Westernwear-Women,stripes viscose v neck womens top - light blue,"Size:Large,Medium,Small,X-Large,X-Small,XX-Large",Rs.,1899,1139,40% off,Westernwear-Women
allen solly,ALLEN SOLLY236,ALLEN SOLLY236 - Lingerie&Nightwear-Women,cotton regular fit womens activewear t-shirt - pink,"Size:Large,Medium,Small,X-Large",Rs.,0.9,799,10% off,Lingerie&Nightwear-Women
allen solly,ALLEN SOLLY237,ALLEN SOLLY237 - Lingerie&Nightwear-Women,cotton regular fit womens activewear t-shirt - green,"Size:Large,Medium,Small,X-Large",Rs.,0.9,799,10% off,Lingerie&Nightwear-Women
allen solly,ALLEN SOLLY238,ALLEN SOLLY238 - Lingerie&Nightwear-Women,cotton regular fit womens activewear t-shirt - blue,"Size:Large,Medium,Small,X-Large",Rs.,0.9,799,10% off,Lingerie&Nightwear-Women
allen solly,ALLEN SOLLY239,ALLEN SOLLY239 - Lingerie&Nightwear-Women,cotton regular fit womens activewear t-shirt - navy,"Size:Large,Medium,Small",Rs.,0.9,799,10% off,Lingerie&Nightwear-Women
allen solly tribe,ALLEN SOLLY TRIBE1,ALLEN SOLLY TRIBE1 - Westernwear-Women,solid cotton round neck womens active wear t-shirt - grey,"Size:Large,Medium,Small,X-Large",Rs.,0.9,899,10% off,Westernwear-Women
allen solly tribe,ALLEN SOLLY TRIBE2,ALLEN SOLLY TRIBE2 - Westernwear-Women,solid cotton round neck womens active wear t-shirt - grey,"Size:Large,Medium,Small,X-Large",Rs.,8.9,999,10% off,Westernwear-Women
allen solly tribe,ALLEN SOLLY TRIBE3,ALLEN SOLLY TRIBE3 - Westernwear-Women,solid cotton round neck womens tank top - black,"Size:Large,Medium,Small,X-Large",Rs.,0.9,899,10% off,Westernwear-Women
allen solly tribe,ALLEN SOLLY TRIBE4,ALLEN SOLLY TRIBE4 - Westernwear-Women,regular fit regular length cotton womens leggings - ltgrey,"Size:28,30,32,34",Rs.,8.9,1299,10% off,Westernwear-Women
allen solly tribe,ALLEN SOLLY TRIBE5,ALLEN SOLLY TRIBE5 - Westernwear-Women,solid regular fit polyester cotton womens active wear shorts - pink,"Size:28,30,32,34,36",Rs.,8.9,1299,10% off,Westernwear-Women
allen solly tribe,ALLEN SOLLY TRIBE6,ALLEN SOLLY TRIBE6 - Westernwear-Women,solid regular fit polyester cotton womens trousers - navy,"Size:28,30,32,34,36",Rs.,8.9,1799,10% off,Westernwear-Women
allen solly tribe,ALLEN SOLLY TRIBE7,ALLEN SOLLY TRIBE7 - Westernwear-Women,solid regular fit polyester cotton womens active wear shorts - black,"Size:28,30,32,34,36",Rs.,8.9,1299,10% off,Westernwear-Women
allen solly tribe,ALLEN SOLLY TRIBE8,ALLEN SOLLY TRIBE8 - Westernwear-Women,solid regular fit polyester cotton womens trousers - red,"Size:30,32,34,36",Rs.,8.9,1799,10% off,Westernwear-Women
allen solly tribe,ALLEN SOLLY TRIBE9,ALLEN SOLLY TRIBE9 - Westernwear-Women,regular fit regular length cotton womens leggings - pink,"Size:30,32,34",Rs.,8.9,1299,10% off,Westernwear-Women
allen solly tribe,ALLEN SOLLY TRIBE10,ALLEN SOLLY TRIBE10 - Westernwear-Women,solid cotton round neck womens tank top - navy,"Size:Large,Medium,Small,X-Large",Rs.,0.9,899,10% off,Westernwear-Women
allen solly tribe,ALLEN SOLLY TRIBE11,ALLEN SOLLY TRIBE11 - Westernwear-Women,solid regular fit polyester cotton womens trousers - olive,"Size:28,30,32,34,36",Rs.,8.9,1799,10% off,Westernwear-Women
allen solly tribe,ALLEN SOLLY TRIBE12,ALLEN SOLLY TRIBE12 - Westernwear-Women,regular fit regular length cotton womens leggings - pink,"Size:30,32,34",Rs.,8.9,1299,10% off,Westernwear-Women
allen solly tribe,ALLEN SOLLY TRIBE13,ALLEN SOLLY TRIBE13 - Westernwear-Women,regular fit regular length cotton womens leggings - ltgrey,"Size:28,30,32,34",Rs.,8.9,1299,10% off,Westernwear-Women
allen solly tribe,ALLEN SOLLY TRIBE14,ALLEN SOLLY TRIBE14 - Westernwear-Women,regular fit regular length cotton womens leggings - navy,"Size:28,30,32,34",Rs.,8.9,1299,10% off,Westernwear-Women
allen solly tribe,ALLEN SOLLY TRIBE15,ALLEN SOLLY TRIBE15 - Westernwear-Women,solid cotton round neck womens active wear t-shirt - black,"Size:Large,Medium,Small,X-Large",Rs.,8.9,999,10% off,Westernwear-Women
altlife,ALTLIFE1,ALTLIFE1 - Westernwear-Women,printed skinny fit cotton blend womens active wear track pants - grey,"Size:28,30,32,34,36",Rs.,999,499,50% off,Westernwear-Women
altlife,ALTLIFE2,ALTLIFE2 - Westernwear-Women,solid polyester blend ankle length womens tights - misty lilac,"Size:28,30,32,34,36",Rs.,1299,649,50% off,Westernwear-Women
altlife,ALTLIFE3,ALTLIFE3 - Westernwear-Women,printed polyester blend regular neck womens t-shirt - purple,"Size:Large,Medium,Small,X-Large,X-Small,XX-Large",Rs.,599,299,50% off,Westernwear-Women
altlife,ALTLIFE4,ALTLIFE4 - Westernwear-Women,solid cotton full length womens joggers - black,"Size:28,30,32,34,36",Rs.,999,499,50% off,Westernwear-Women
altlife,ALTLIFE5,ALTLIFE5 - Westernwear-Women,patch work cotton regular neck womens top and shorts - lilac,"Size:Large,Medium,Small,X-Large,XX-Large",Rs.,1299,649,50% off,Westernwear-Women
altlife,ALTLIFE6,ALTLIFE6 - Westernwear-Women,printed polyester blend regular neck womens t-shirt - old rose,"Size:Large,Medium,Small,X-Large,X-Small,XX-Large",Rs.,799,399,50% off,Westernwear-Women
altlife,ALTLIFE7,ALTLIFE7 - Westernwear-Women,printed cotton stretch full length womens joggers - black,"Size:28,30,32,34,36",Rs.,1299,649,50% off,Westernwear-Women
altlife,ALTLIFE8,ALTLIFE8 - Westernwear-Women,solid polyester blend ankle length womens tights - black,"Size:28,30,32,34,36",Rs.,1299,649,50% off,Westernwear-Women
altlife,ALTLIFE9,ALTLIFE9 - Westernwear-Women,printed cotton round neck womens active wear t-shirt - black,"Size:Large,Medium,Small,X-Large,X-Small,XX-Large",Rs.,399,199,50% off,Westernwear-Women
altlife,ALTLIFE10,ALTLIFE10 - Westernwear-Women,printed cotton regular neck womens t-shirt - wine,"Size:Large,Medium,Small,X-Large,X-Small,XX-Large",Rs.,499,249,50% off,Westernwear-Women
altlife,ALTLIFE11,ALTLIFE11 - Westernwear-Women,regular fit thigh length cotton womens active wear shorts - black,"Size:28,30,32,34,36",Rs.,499,249,50% off,Westernwear-Women
altlife,ALTLIFE12,ALTLIFE12 - Westernwear-Women,solid polyester blend ankle length womens tights - dark grey,"Size:28,30,32,34,36",Rs.,1299,649,50% off,Westernwear-Women
altlife,ALTLIFE13,ALTLIFE13 - Westernwear-Women,solid cotton full length womens joggers - lilac,"Size:28,30,32,34,36",Rs.,999,499,50% off,Westernwear-Women
altlife,ALTLIFE14,ALTLIFE14 - Westernwear-Women,printed polyester blend regular neck womens t-shirt - aqua,"Size:Large,Medium,Small,X-Large,X-Small,XX-Large",Rs.,599,299,50% off,Westernwear-Women
altlife,ALTLIFE15,ALTLIFE15 - Westernwear-Women,printed cotton round neck womens active wear t-shirt - black,"Size:Large,Medium,Small,X-Large,X-Small,XX-Large",Rs.,399,199,50% off,Westernwear-Women
altlife,ALTLIFE16,ALTLIFE16 - Westernwear-Women,printed regular viscose blend womens active wear t-shirt - anthra melange,"Size:Large,Medium,Small,X-Large,X-Small,XX-Large",Rs.,599,299,50% off,Westernwear-Women
altlife,ALTLIFE17,ALTLIFE17 - Westernwear-Women,printed cotton round neck womens active wear t-shirt - ocean,"Size:Large,Medium,Small,X-Large,X-Small",Rs.,399,199,50% off,Westernwear-Women
altlife,ALTLIFE18,ALTLIFE18 - Westernwear-Women,printed cotton regular neck womens t-shirt - lime green,"Size:Large,Medium,Small,X-Large,X-Small,XX-Large",Rs.,499,249,50% off,Westernwear-Women
altlife,ALTLIFE19,ALTLIFE19 - Westernwear-Women,regular fit thigh length cotton womens active wear shorts - yellow,"Size:28,30,32,34,36",Rs.,499,249,50% off,Westernwear-Women
altlife,ALTLIFE20,ALTLIFE20 - Westernwear-Women,solid skinny fit cotton blend womens active wear tights - blush,"Size:28,30,32,34,36",Rs.,999,499,50% off,Westernwear-Women
altlife,ALTLIFE21,ALTLIFE21 - Westernwear-Women,printed cotton regular neck womens regular dress - black,"Size:Large,Medium,Small,X-Large,X-Small,XX-Large",Rs.,999,499,50% off,Westernwear-Women
altlife,ALTLIFE22,ALTLIFE22 - Westernwear-Women,solid cotton round neck womens active wear t-shirt - black,"Size:Large,Medium,Small,X-Large,X-Small,XX-Large",Rs.,399,199,50% off,Westernwear-Women
altlife,ALTLIFE23,ALTLIFE23 - Westernwear-Women,printed cotton regular neck womens t-shirt - lime green,"Size:Large,Medium,Small,X-Large,X-Small,XX-Large",Rs.,499,249,50% off,Westernwear-Women
altlife,ALTLIFE24,ALTLIFE24 - Westernwear-Women,solid skinny fit womens active wear tights - black,"Size:28,30,32,34,36",Rs.,999,499,50% off,Westernwear-Women
altlife,ALTLIFE25,ALTLIFE25 - Westernwear-Women,solid cotton round neck womens active wear t-shirt - lilac,"Size:Large,Medium,Small,X-Large,X-Small,XX-Large",Rs.,399,199,50% off,Westernwear-Women
altlife,ALTLIFE26,ALTLIFE26 - Westernwear-Women,printed polyester blend regular neck womens t-shirt - black,"Size:Large,Medium,Small,X-Large,X-Small,XX-Large",Rs.,599,299,50% off,Westernwear-Women
altlife,ALTLIFE27,ALTLIFE27 - Westernwear-Women,printed polyester blend regular neck womens t-shirt - black,"Size:Large,Medium,Small,X-Large,X-Small,XX-Large",Rs.,599,299,50% off,Westernwear-Women
altlife,ALTLIFE28,ALTLIFE28 - Westernwear-Women,solid polyester blend ankle length womens tights - wine,"Size:28,30,32,34,36",Rs.,1299,649,50% off,Westernwear-Women
altlife,ALTLIFE29,ALTLIFE29 - Westernwear-Women,regular fit thigh length cotton womens active wear shorts - black,"Size:28,30,32,34,36",Rs.,499,249,50% off,Westernwear-Women
altlife,ALTLIFE30,ALTLIFE30 - Westernwear-Women,solid polyester blend ankle length womens tights - old rose,"Size:28,30,32,34,36",Rs.,1299,649,50% off,Westernwear-Women
altlife,ALTLIFE31,ALTLIFE31 - Westernwear-Women,printed cotton round neck womens active wear t-shirt - berry,"Size:Large,Medium,Small,X-Large,X-Small,XX-Large",Rs.,399,199,50% off,Westernwear-Women
altlife,ALTLIFE32,ALTLIFE32 - Westernwear-Women,printed cotton round neck womens active wear t-shirt - fuschia,"Size:Large,Medium,Small,X-Large,X-Small,XX-Large",Rs.,399,199,50% off,Westernwear-Women
altlife,ALTLIFE33,ALTLIFE33 - Westernwear-Women,printed cotton regular neck womens t-shirt - white,"Size:Large,Medium,Small,X-Large,X-Small,XX-Large",Rs.,599,299,50% off,Westernwear-Women
altlife,ALTLIFE34,ALTLIFE34 - Westernwear-Women,printed cotton round neck womens active wear t-shirt - anthra,"Size:Large,Medium,Small,X-Large,X-Small",Rs.,399,199,50% off,Westernwear-Women
altlife,ALTLIFE35,ALTLIFE35 - Westernwear-Women,solid skinny fit cotton blend womens active wear tights - black,"Size:28,30,32,34,36",Rs.,999,499,50% off,Westernwear-Women
altlife,ALTLIFE36,ALTLIFE36 - Westernwear-Women,printed polyester blend regular neck womens t-shirt - purple,"Size:Large,Medium,Small,X-Large,X-Small,XX-Large",Rs.,599,299,50% off,Westernwear-Women
altlife,ALTLIFE37,ALTLIFE37 - Westernwear-Women,printed cotton round neck womens active wear t-shirt - mustard,"Size:Large,Medium,Small,X-Large,X-Small,XX-Large",Rs.,399,199,50% off,Westernwear-Women
altlife,ALTLIFE38,ALTLIFE38 - Westernwear-Women,solid cotton full length womens joggers - wine,"Size:28,30,32,34,36",Rs.,999,499,50% off,Westernwear-Women
altlife,ALTLIFE39,ALTLIFE39 - Westernwear-Women,regular fit thigh length cotton womens active wear shorts - blush,"Size:28,30,32,34,36",Rs.,499,249,50% off,Westernwear-Women
altlife,ALTLIFE40,ALTLIFE40 - Westernwear-Women,solid cotton stretch full length womens joggers - wine,"Size:28,30,32,34,36",Rs.,1299,649,50% off,Westernwear-Women
altlife,ALTLIFE41,ALTLIFE41 - Westernwear-Women,colour block cotton regular neck womens t-shirt - white,"Size:Large,Medium,Small,X-Large,X-Small,XX-Large",Rs.,499,249,50% off,Westernwear-Women
altlife,ALTLIFE42,ALTLIFE42 - Westernwear-Women,regular fit thigh length cotton womens active wear shorts - lime green,"Size:28,30,32,34,36",Rs.,499,249,50% off,Westernwear-Women
altlife,ALTLIFE43,ALTLIFE43 - Westernwear-Women,printed polyester blend regular neck womens t-shirt - grey,"Size:Large,Medium,Small,X-Large,X-Small,XX-Large",Rs.,599,299,50% off,Westernwear-Women
altlife,ALTLIFE44,ALTLIFE44 - Westernwear-Women,printed cotton stretch regular neck womens sweatshirt - black,"Size:Large,Medium,Small,X-Large,X-Small",Rs.,1299,649,50% off,Westernwear-Women
altlife,ALTLIFE45,ALTLIFE45 - Westernwear-Women,printed polyester blend regular neck womens t-shirt - old rose,"Size:Large,Medium,Small,X-Large,X-Small,XX-Large",Rs.,599,299,50% off,Westernwear-Women
altlife,ALTLIFE46,ALTLIFE46 - Westernwear-Women,printed cotton regular neck womens top and shorts - anthra melange,"Size:Large,Medium,Small,X-Large,XX-Large",Rs.,1299,649,50% off,Westernwear-Women
altlife,ALTLIFE47,ALTLIFE47 - Westernwear-Women,printed cotton blend ankle length womens active wear tights - black,"Size:28,30,32,34,36",Rs.,999,499,50% off,Westernwear-Women
altlife,ALTLIFE48,ALTLIFE48 - Westernwear-Women,solid cotton full length womens joggers - sage,"Size:28,30,32,34,36",Rs.,999,499,50% off,Westernwear-Women
altlife,ALTLIFE49,ALTLIFE49 - Westernwear-Women,solid polyester blend ankle length womens active wear joggers - blush,"Size:28,30,32,34,36",Rs.,1299,649,50% off,Westernwear-Women
altlife,ALTLIFE50,ALTLIFE50 - Westernwear-Women,solid cotton stretch full length womens joggers - dusty pink,"Size:28,30,32,34,36",Rs.,1299,649,50% off,Westernwear-Women
altlife,ALTLIFE51,ALTLIFE51 - Westernwear-Women,solid cotton regular neck womens t-shirt - black,"Size:Large,Medium,Small,X-Large,X-Small,XX-Large",Rs.,499,249,50% off,Westernwear-Women
altlife,ALTLIFE52,ALTLIFE52 - Westernwear-Women,solid polyester blend womens active wear bralette - misty lilac,"Size:Large,Medium,Small,X-Large,X-Small",Rs.,899,449,50% off,Westernwear-Women
altlife,ALTLIFE53,ALTLIFE53 - Westernwear-Women,solid polyester regular neck womens t-shirt - black,"Size:Large,Medium,Small,X-Large,X-Small,XX-Large",Rs.,699,349,50% off,Westernwear-Women
altlife,ALTLIFE54,ALTLIFE54 - Westernwear-Women,solid cotton regular neck womens t-shirt - black,"Size:Large,Medium,Small,X-Large,X-Small,XX-Large",Rs.,599,299,50% off,Westernwear-Women
altlife,ALTLIFE55,ALTLIFE55 - Westernwear-Women,printed cotton blend regular neck womens t-shirt - green,"Size:Large,Medium,Small,X-Large,X-Small,XX-Large",Rs.,499,249,50% off,Westernwear-Women
altlife,ALTLIFE56,ALTLIFE56 - Westernwear-Women,printed cotton regular neck womens t-shirt - orange,"Size:Large,Medium,Small,X-Large,X-Small,XX-Large",Rs.,499,249,50% off,Westernwear-Women
altlife,ALTLIFE57,ALTLIFE57 - Westernwear-Women,regular fit thigh length cotton womens active wear shorts - blush,"Size:28,30,32,34,36",Rs.,499,249,50% off,Westernwear-Women
altlife,ALTLIFE58,ALTLIFE58 - Westernwear-Women,printed cotton round neck womens active wear t-shirt - plum,"Size:Large,Medium,Small,X-Large,X-Small,XX-Large",Rs.,399,199,50% off,Westernwear-Women
altlife,ALTLIFE59,ALTLIFE59 - Westernwear-Women,printed cotton regular neck womens t-shirt - orange,"Size:Large,Medium,Small,X-Large,X-Small,XX-Large",Rs.,499,249,50% off,Westernwear-Women
altlife,ALTLIFE60,ALTLIFE60 - Westernwear-Women,printed cotton regular neck womens top and shorts - royal blue,"Size:Large,Medium,Small,X-Large,XX-Large",Rs.,1299,649,50% off,Westernwear-Women
altlife,ALTLIFE61,ALTLIFE61 - Westernwear-Women,printed cotton regular neck womens top and shorts - black,"Size:Large,Medium,Small,X-Large,XX-Large",Rs.,1299,649,50% off,Westernwear-Women
altlife,ALTLIFE62,ALTLIFE62 - Westernwear-Women,solid polyester blend womens active wear bralette - black,"Size:Large,Medium,Small,X-Large,X-Small",Rs.,899,449,50% off,Westernwear-Women
altlife,ALTLIFE63,ALTLIFE63 - Westernwear-Women,printed viscose blend regular neck womens t-shirt - lime green,"Size:Large,Medium,Small,X-Large,X-Small,XX-Large",Rs.,599,299,50% off,Westernwear-Women
altlife,ALTLIFE64,ALTLIFE64 - Westernwear-Women,printed cotton regular neck womens t-shirt - olive,"Size:Large,Medium,Small,X-Large,X-Small,XX-Large",Rs.,499,249,50% off,Westernwear-Women
altlife,ALTLIFE65,ALTLIFE65 - Westernwear-Women,printed viscose blend regular neck womens t-shirt - blush,"Size:Large,Medium,Small,X-Large,X-Small,XX-Large",Rs.,599,299,50% off,Westernwear-Women
altlife,ALTLIFE66,ALTLIFE66 - Westernwear-Women,solid skinny fit cotton blend womens active wear tights - black,"Size:28,30,32,34,36",Rs.,1299,649,50% off,Westernwear-Women
altlife,ALTLIFE67,ALTLIFE67 - Westernwear-Women,solid cotton full length womens joggers - blush,"Size:28,30,32,34,36",Rs.,999,499,50% off,Westernwear-Women
altlife,ALTLIFE68,ALTLIFE68 - Westernwear-Women,solid skinny fit cotton blend womens active wear tights - black,"Size:28,30,32,34,36",Rs.,1299,649,50% off,Westernwear-Women
altlife,ALTLIFE69,ALTLIFE69 - Westernwear-Women,regular fit thigh length cotton womens active wear shorts - lilac,"Size:28,30,32,34,36",Rs.,499,249,50% off,Westernwear-Women
altlife,ALTLIFE70,ALTLIFE70 - Westernwear-Women,solid cotton regular neck womens westernwear top - black,"Size:Large,Medium,Small,X-Large,X-Small,XX-Large",Rs.,599,299,50% off,Westernwear-Women
altlife,ALTLIFE71,ALTLIFE71 - Westernwear-Women,solid polyester blend womens active wear bralette - wine,"Size:Large,Medium,Small,X-Large,X-Small",Rs.,899,449,50% off,Westernwear-Women
altlife,ALTLIFE72,ALTLIFE72 - Westernwear-Women,printed cotton regular neck womens t-shirt - grey melange,"Size:Large,Medium,Small,X-Large,X-Small,XX-Large",Rs.,499,249,50% off,Westernwear-Women
altlife,ALTLIFE73,ALTLIFE73 - Westernwear-Women,regular fit thigh length cotton womens active wear shorts - grey melange,"Size:28,30,32,34,36",Rs.,499,249,50% off,Westernwear-Women
altlife,ALTLIFE74,ALTLIFE74 - Westernwear-Women,printed cotton round neck womens active wear t-shirt - aubergine,"Size:Large,Medium,Small,X-Large,X-Small,XX-Large",Rs.,399,199,50% off,Westernwear-Women
altlife,ALTLIFE75,ALTLIFE75 - Westernwear-Women,solid cotton round neck womens active wear t-shirt - white,"Size:Large,Medium,Small,X-Large,X-Small,XX-Large",Rs.,399,199,50% off,Westernwear-Women
altlife,ALTLIFE76,ALTLIFE76 - Westernwear-Women,solid cotton regular neck womens t-shirt - blush,"Size:Large,Medium,Small,X-Large,X-Small,XX-Large",Rs.,599,299,50% off,Westernwear-Women
altlife,ALTLIFE77,ALTLIFE77 - Westernwear-Women,solid cotton stretch full length womens joggers - black,"Size:28,30,32,34,36",Rs.,1299,649,50% off,Westernwear-Women
altlife,ALTLIFE78,ALTLIFE78 - Westernwear-Women,printed cotton regular neck womens t-shirt - black,"Size:Large,Medium,Small,X-Large,X-Small,XX-Large",Rs.,499,249,50% off,Westernwear-Women
altlife,ALTLIFE79,ALTLIFE79 - Westernwear-Women,regular fit thigh length cotton womens active wear shorts - red,"Size:28,30,32,34,36",Rs.,499,249,50% off,Westernwear-Women
altlife,ALTLIFE80,ALTLIFE80 - Westernwear-Women,solid cotton ankle length womens active wear joggers - grey melange,"Size:28,30,32,34,36",Rs.,899,449,50% off,Westernwear-Women
altlife,ALTLIFE81,ALTLIFE81 - Westernwear-Women,solid cotton stretch regular neck womens t-shirt - black,"Size:Large,Medium,Small,X-Large,X-Small,XX-Large",Rs.,799,399,50% off,Westernwear-Women
altlife,ALTLIFE82,ALTLIFE82 - Westernwear-Women,printed cotton round neck womens active wear t-shirt - black,"Size:Large,Medium,Small,X-Large,X-Small,XX-Large",Rs.,399,199,50% off,Westernwear-Women
altlife,ALTLIFE83,ALTLIFE83 - Westernwear-Women,solid cotton ankle length womens active wear joggers - berry,"Size:28,30,32,34,36",Rs.,899,449,50% off,Westernwear-Women
altlife,ALTLIFE84,ALTLIFE84 - Westernwear-Women,printed regular fit womens active wear dress - nude,"Size:Large,Medium,Small,X-Large,X-Small,XX-Large",Rs.,999,499,50% off,Westernwear-Women
altlife,ALTLIFE85,ALTLIFE85 - Westernwear-Women,colour block cotton regular neck womens t-shirt - white,"Size:Large,Medium,Small,X-Large,X-Small,XX-Large",Rs.,599,299,50% off,Westernwear-Women
altlife,ALTLIFE86,ALTLIFE86 - Westernwear-Women,solid polyester blend womens active wear bralette - old rose,"Size:Large,Medium,Small,X-Large,X-Small",Rs.,899,449,50% off,Westernwear-Women
altlife,ALTLIFE87,ALTLIFE87 - Westernwear-Women,printed skinny fit cotton stretch womens active wear tights - black,"Size:28,30,32,34,36",Rs.,1299,649,50% off,Westernwear-Women
altlife,ALTLIFE88,ALTLIFE88 - Westernwear-Women,jacquard polyester regular neck womens t-shirt - black,"Size:Large,Medium,Small,X-Large,X-Small,XX-Large",Rs.,799,399,50% off,Westernwear-Women
altlife,ALTLIFE89,ALTLIFE89 - Westernwear-Women,printed cotton stretch regular neck womens sweatshirt - dusty pink,"Size:Large,Medium,Small,X-Large,X-Small",Rs.,1299,649,50% off,Westernwear-Women
altlife,ALTLIFE90,ALTLIFE90 - Westernwear-Women,colour block cotton regular neck womens t-shirt - white,"Size:Large,Medium,Small,X-Large,X-Small,XX-Large",Rs.,499,249,50% off,Westernwear-Women
altlife,ALTLIFE91,ALTLIFE91 - Westernwear-Women,printed cotton round neck womens active wear t-shirt - black,"Size:Large,Medium,Small,X-Large,X-Small,XX-Large",Rs.,399,199,50% off,Westernwear-Women
altlife,ALTLIFE92,ALTLIFE92 - Westernwear-Women,printed skinny fit cotton blend womens active wear tights - black,"Size:28,30,32,34,36",Rs.,999,499,50% off,Westernwear-Women
altlife,ALTLIFE93,ALTLIFE93 - Westernwear-Women,printed cotton round neck womens active wear t-shirt - plum,"Size:Large,Medium,Small,X-Large,X-Small,XX-Large",Rs.,399,199,50% off,Westernwear-Women
altlife,ALTLIFE94,ALTLIFE94 - Westernwear-Women,solid cotton stretch full length womens joggers - lilac,"Size:28,30,32,34,36",Rs.,1299,649,50% off,Westernwear-Women
altlife,ALTLIFE95,ALTLIFE95 - Westernwear-Women,solid relaxed fit cotton stretch womens active wear joggers - nude,"Size:28,30,32,34,36",Rs.,1299,649,50% off,Westernwear-Women
altlife,ALTLIFE96,ALTLIFE96 - Westernwear-Women,printed cotton blend regular neck womens t-shirt - navy,"Size:Large,Medium,Small,X-Large,X-Small,XX-Large",Rs.,499,249,50% off,Westernwear-Women
altlife,ALTLIFE97,ALTLIFE97 - Westernwear-Women,printed cotton round neck womens active wear t-shirt - aubergine,"Size:Large,Medium,Small,X-Large,X-Small,XX-Large",Rs.,399,199,50% off,Westernwear-Women
altlife,ALTLIFE98,ALTLIFE98 - Westernwear-Women,solid polyester blend womens active wear bralette - off white,"Size:Large,Medium,Small,X-Large,X-Small",Rs.,899,449,50% off,Westernwear-Women
altlife,ALTLIFE99,ALTLIFE99 - Westernwear-Women,printed cotton regular neck womens t-shirt - grey melange,"Size:Large,Medium,Small,X-Large,X-Small,XX-Large",Rs.,499,249,50% off,Westernwear-Women
altlife,ALTLIFE100,ALTLIFE100 - Westernwear-Women,regular fit thigh length cotton womens active wear shorts - grey melange,"Size:28,30,32,34,36",Rs.,499,249,50% off,Westernwear-Women
altlife,ALTLIFE101,ALTLIFE101 - Westernwear-Women,solid cotton stretch full length womens joggers - rust,"Size:28,30,32,34,36",Rs.,1299,649,50% off,Westernwear-Women
altlife,ALTLIFE102,ALTLIFE102 - Westernwear-Women,printed viscose blend regular neck womens t-shirt - black,"Size:Large,Medium,Small,X-Large,X-Small,XX-Large",Rs.,599,299,50% off,Westernwear-Women
altlife,ALTLIFE103,ALTLIFE103 - Westernwear-Women,printed cotton stretch regular neck womens sweatshirt - wine,"Size:Large,Medium,Small,X-Large,X-Small",Rs.,1299,649,50% off,Westernwear-Women
altlife,ALTLIFE104,ALTLIFE104 - Westernwear-Women,stripes sleeveless cotton womens full length jumpsuit - multi,Size:X-Large,Rs.,1499,749,50% off,Westernwear-Women
altlife,ALTLIFE105,ALTLIFE105 - Westernwear-Women,printed cotton round neck womens active wear t-shirt - lilac,"Size:Large,Medium,Small,X-Large,X-Small,XX-Large",Rs.,399,199,50% off,Westernwear-Women
altlife,ALTLIFE106,ALTLIFE106 - Westernwear-Women,regular fit thigh length cotton womens active wear shorts - turquoise,"Size:28,30,32,34,36",Rs.,499,249,50% off,Westernwear-Women
altlife,ALTLIFE107,ALTLIFE107 - Westernwear-Women,printed cotton blend ankle length womens active wear tights - black,"Size:28,30,32,34,36",Rs.,999,499,50% off,Westernwear-Women
altlife,ALTLIFE108,ALTLIFE108 - Westernwear-Women,printed cotton regular neck womens t-shirt - turquoise,"Size:Large,Medium,Small,X-Large,X-Small,XX-Large",Rs.,499,249,50% off,Westernwear-Women
altlife,ALTLIFE109,ALTLIFE109 - Westernwear-Women,color block skinny fit cotton stretch womens active wear tights - black,"Size:28,30,32,34,36",Rs.,999,499,50% off,Westernwear-Women
altlife,ALTLIFE110,ALTLIFE110 - Westernwear-Women,printed cotton regular neck womens t-shirt - wine,"Size:Large,Medium,Small,X-Large,X-Small,XX-Large",Rs.,499,249,50% off,Westernwear-Women
altlife,ALTLIFE111,ALTLIFE111 - Westernwear-Women,color block skinny fit cotton stretch womens active wear tights - black,"Size:28,30,32,34,36",Rs.,999,499,50% off,Westernwear-Women
altlife,ALTLIFE112,ALTLIFE112 - Westernwear-Women,solid cotton regular neck womens t-shirt - turquoise,"Size:Large,Medium,Small,X-Large,X-Small,XX-Large",Rs.,599,299,50% off,Westernwear-Women
altlife,ALTLIFE113,ALTLIFE113 - Westernwear-Women,solid cotton regular neck womens westernwear top - pink,"Size:Large,Medium,Small,X-Large,X-Small,XX-Large",Rs.,599,299,50% off,Westernwear-Women
altlife,ALTLIFE114,ALTLIFE114 - Westernwear-Women,printed cotton regular neck womens t-shirt - lime green,"Size:Large,Medium,Small,X-Large,X-Small,XX-Large",Rs.,499,249,50% off,Westernwear-Women
altlife,ALTLIFE115,ALTLIFE115 - Westernwear-Women,printed cotton regular neck womens t-shirt - lilac,"Size:Large,Medium,Small,X-Large,X-Small,XX-Large",Rs.,499,249,50% off,Westernwear-Women
altlife,ALTLIFE116,ALTLIFE116 - Westernwear-Women,solid cotton thigh length womens active wear shorts - old rose,"Size:28,30,32,34,36",Rs.,499,249,50% off,Westernwear-Women
altlife,ALTLIFE117,ALTLIFE117 - Westernwear-Women,solid polyester blend ankle length womens tights - off white,"Size:28,30,32,34,36",Rs.,1299,649,50% off,Westernwear-Women
altlife,ALTLIFE118,ALTLIFE118 - Westernwear-Women,solid cotton regular neck womens t-shirt - lilac,"Size:Large,Medium,Small,X-Large,X-Small,XX-Large",Rs.,599,299,50% off,Westernwear-Women
altlife,ALTLIFE119,ALTLIFE119 - Westernwear-Women,printed cotton round neck womens active wear t-shirt - navy,"Size:Large,Medium,Small,X-Large,X-Small,XX-Large",Rs.,399,199,50% off,Westernwear-Women
altlife,ALTLIFE120,ALTLIFE120 - Westernwear-Women,printed cotton regular neck womens t-shirt - black,"Size:Large,Medium,Small,X-Large,X-Small,XX-Large",Rs.,499,249,50% off,Westernwear-Women
altlife,ALTLIFE121,ALTLIFE121 - Westernwear-Women,printed cotton round neck womens active wear t-shirt - ecru,"Size:Large,Medium,Small,X-Large,X-Small,XX-Large",Rs.,399,199,50% off,Westernwear-Women
altlife,ALTLIFE122,ALTLIFE122 - Westernwear-Women,solid cotton regular neck womens t-shirt - grey melange,"Size:Large,Medium,Small,X-Large,X-Small,XX-Large",Rs.,499,249,50% off,Westernwear-Women
altlife,ALTLIFE123,ALTLIFE123 - Westernwear-Women,solid regular fit womens active wear tops - nude,"Size:Large,Medium,Small,X-Large,X-Small,XX-Large",Rs.,799,399,50% off,Westernwear-Women
altlife,ALTLIFE124,ALTLIFE124 - Westernwear-Women,printed polyester blend regular neck womens t-shirt - aqua,"Size:Large,Medium,Small,X-Large,X-Small,XX-Large",Rs.,599,299,50% off,Westernwear-Women
altlife,ALTLIFE125,ALTLIFE125 - Westernwear-Women,solid polyester blend womens active wear bralette - dark grey,"Size:Large,Medium,Small,X-Large,X-Small",Rs.,899,449,50% off,Westernwear-Women
altlife,ALTLIFE126,ALTLIFE126 - Westernwear-Women,printed cotton round neck womens active wear t-shirt - red,"Size:Large,Medium,Small,X-Large,X-Small,XX-Large",Rs.,399,199,50% off,Westernwear-Women
altlife,ALTLIFE127,ALTLIFE127 - Westernwear-Women,printed cotton regular neck womens t-shirt - mustard,"Size:Large,Medium,Small,X-Large,X-Small,XX-Large",Rs.,399,199,50% off,Westernwear-Women
altlife,ALTLIFE128,ALTLIFE128 - Westernwear-Women,solid polyester blend ankle length womens active wear joggers - olive,"Size:28,30,32,34,36",Rs.,1299,649,50% off,Westernwear-Women
altlife,ALTLIFE129,ALTLIFE129 - Westernwear-Women,printed cotton blend regular neck womens t-shirt - dusty pink,"Size:Large,Medium,Small,X-Large,X-Small,XX-Large",Rs.,499,249,50% off,Westernwear-Women
altlife,ALTLIFE130,ALTLIFE130 - Westernwear-Women,printed cotton regular neck womens t-shirt - white,"Size:Large,Medium,Small,X-Large,X-Small,XX-Large",Rs.,499,249,50% off,Westernwear-Women
altlife,ALTLIFE131,ALTLIFE131 - Westernwear-Women,jacquard polyester regular neck womens t-shirt - dusty pink,"Size:Large,Medium,Small,X-Large,X-Small,XX-Large",Rs.,799,399,50% off,Westernwear-Women
altlife,ALTLIFE132,ALTLIFE132 - Westernwear-Women,colour block cotton regular neck womens t-shirt - white,"Size:Large,Medium,Small,X-Large,X-Small,XX-Large",Rs.,599,299,50% off,Westernwear-Women
altlife,ALTLIFE133,ALTLIFE133 - Westernwear-Women,printed cotton blend regular neck womens t-shirt - black,"Size:Large,Medium,Small,X-Large,X-Small,XX-Large",Rs.,499,249,50% off,Westernwear-Women
altlife,ALTLIFE134,ALTLIFE134 - Westernwear-Women,printed cotton blend ankle length womens active wear tights - anthra melange,"Size:28,30,32,34,36",Rs.,999,499,50% off,Westernwear-Women
altlife,ALTLIFE135,ALTLIFE135 - Westernwear-Women,printed cotton round neck womens active wear t-shirt - lilac,"Size:Large,Medium,Small,X-Large,X-Small,XX-Large",Rs.,599,299,50% off,Westernwear-Women
altlife,ALTLIFE136,ALTLIFE136 - Westernwear-Women,printed viscose blend regular neck womens t-shirt - black,"Size:Large,Medium,Small,X-Large,X-Small,XX-Large",Rs.,599,299,50% off,Westernwear-Women
altlife,ALTLIFE137,ALTLIFE137 - Westernwear-Women,printed cotton blend ankle length womens active wear tights - black,"Size:28,30,32,34,36",Rs.,999,499,50% off,Westernwear-Women
altlife,ALTLIFE138,ALTLIFE138 - Westernwear-Women,printed relaxed fit viscose blend womens active wear t-shirt - nude,"Size:Large,Medium,Small,X-Large,X-Small,XX-Large",Rs.,599,299,50% off,Westernwear-Women
altlife,ALTLIFE139,ALTLIFE139 - Westernwear-Women,printed cotton blend regular neck womens t-shirt - lilac,"Size:Large,Medium,Small,X-Large,X-Small,XX-Large",Rs.,499,249,50% off,Westernwear-Women
altlife,ALTLIFE140,ALTLIFE140 - Westernwear-Women,regular fit thigh length cotton womens active wear shorts - bubblegum,"Size:28,30,32,34,36",Rs.,0.9,499,10% off,Westernwear-Women
altlife,ALTLIFE141,ALTLIFE141 - Westernwear-Women,solid cotton thigh length womens active wear shorts - fuschia,"Size:28,30,32,34,36",Rs.,499,249,50% off,Westernwear-Women
altlife,ALTLIFE142,ALTLIFE142 - Westernwear-Women,printed cotton round neck womens active wear t-shirt - white,"Size:Large,Medium,Small,X-Large,X-Small,XX-Large",Rs.,399,199,50% off,Westernwear-Women
altlife,ALTLIFE143,ALTLIFE143 - Westernwear-Women,printed cotton blend regular neck womens t-shirt - ecru,"Size:Large,Medium,Small,X-Large,X-Small,XX-Large",Rs.,499,249,50% off,Westernwear-Women
altlife,ALTLIFE144,ALTLIFE144 - Westernwear-Women,solid cotton regular neck womens westernwear top - butter,"Size:Large,Medium,Small,X-Large,X-Small,XX-Large",Rs.,599,299,50% off,Westernwear-Women
altlife,ALTLIFE145,ALTLIFE145 - Westernwear-Women,regular fit thigh length cotton womens active wear shorts - powder blue,"Size:28,30,32,34,36",Rs.,0.9,499,10% off,Westernwear-Women
altlife,ALTLIFE146,ALTLIFE146 - Westernwear-Women,regular fit thigh length cotton womens active wear shorts - lilac,"Size:28,30,32,34,36",Rs.,0.9,499,10% off,Westernwear-Women
altlife,ALTLIFE147,ALTLIFE147 - Westernwear-Women,colour block cotton regular neck womens t-shirt - blush,"Size:Large,Medium,Small,X-Large,X-Small,XX-Large",Rs.,499,249,50% off,Westernwear-Women
altlife,ALTLIFE148,ALTLIFE148 - Westernwear-Women,solid cotton stretch regular neck womens t-shirt - rust,"Size:Large,Medium,Small,X-Large,X-Small,XX-Large",Rs.,799,399,50% off,Westernwear-Women
altlife,ALTLIFE149,ALTLIFE149 - Westernwear-Women,regular fit thigh length cotton womens active wear shorts - mint,"Size:28,30,32,34,36",Rs.,0.9,499,10% off,Westernwear-Women
altlife,ALTLIFE150,ALTLIFE150 - Westernwear-Women,printed cotton regular neck womens t-shirt - aqua,"Size:Large,Medium,Small,X-Large,X-Small,XX-Large",Rs.,499,249,50% off,Westernwear-Women
altlife,ALTLIFE151,ALTLIFE151 - Westernwear-Women,regular fit thigh length cotton womens active wear shorts - black,"Size:28,30,32,34,36",Rs.,0.9,499,10% off,Westernwear-Women
altlife,ALTLIFE152,ALTLIFE152 - Westernwear-Women,printed viscose blend regular neck womens t-shirt - black,"Size:Large,Medium,Small,X-Large,X-Small,XX-Large",Rs.,599,299,50% off,Westernwear-Women
altlife,ALTLIFE153,ALTLIFE153 - Westernwear-Women,printed cotton regular neck womens t-shirt - turquoise,"Size:Large,Medium,Small,X-Large,X-Small,XX-Large",Rs.,499,249,50% off,Westernwear-Women
altlife,ALTLIFE154,ALTLIFE154 - Westernwear-Women,printed cotton stretch regular neck womens sweatshirt - lilac,"Size:Large,Medium,Small,X-Large,X-Small",Rs.,1299,649,50% off,Westernwear-Women
altlife,ALTLIFE155,ALTLIFE155 - Westernwear-Women,printed cotton regular neck womens t-shirt - blush,"Size:Large,Medium,Small,X-Large,X-Small,XX-Large",Rs.,499,249,50% off,Westernwear-Women
altlife,ALTLIFE156,ALTLIFE156 - Westernwear-Women,printed cotton regular neck womens t-shirt - lilac,"Size:Large,Medium,Small,X-Large,X-Small,XX-Large",Rs.,499,249,50% off,Westernwear-Women
altlife,ALTLIFE157,ALTLIFE157 - Westernwear-Women,colour block cotton regular neck womens t-shirt - royal blue,"Size:Large,Medium,Small,X-Large,X-Small,XX-Large",Rs.,599,299,50% off,Westernwear-Women
altlife,ALTLIFE158,ALTLIFE158 - Westernwear-Women,printed cotton regular neck womens t-shirt - grey melange,"Size:Large,Medium,Small,X-Large,X-Small,XX-Large",Rs.,499,249,50% off,Westernwear-Women
altlife,ALTLIFE159,ALTLIFE159 - Westernwear-Women,printed cotton regular neck womens t-shirt - navy,"Size:Large,Medium,Small,X-Large,X-Small,XX-Large",Rs.,499,249,50% off,Westernwear-Women
altlife,ALTLIFE160,ALTLIFE160 - Westernwear-Women,printed cotton regular neck womens t-shirt - wine,"Size:Large,Medium,Small,X-Large,X-Small,XX-Large",Rs.,499,249,50% off,Westernwear-Women
altlife,ALTLIFE161,ALTLIFE161 - Westernwear-Women,printed polyester regular neck womens t-shirt - black,"Size:Large,Medium,Small,X-Large,X-Small,XX-Large",Rs.,0.9,799,10% off,Westernwear-Women
amante,AMANTE1,AMANTE1 - Lingerie&Nightwear-Women,womens solid demi cup bra - natural,"Size:32-B,32-C,34-D,36-B,36-C,36-D,38-B,38-C",Rs.,1295,647,50% off,Lingerie&Nightwear-Women
amante,AMANTE2,AMANTE2 - Lingerie&Nightwear-Women,womens solid non wired non padded push up bra - natural,"Size:32-B,32-C,34-B,34-C,36-B,36-C,38-B,38-C",Rs.,695,347,50% off,Lingerie&Nightwear-Women
amante,AMANTE3,AMANTE3 - Lingerie&Nightwear-Women,womens solid full coverage bra - purple,"Size:32-B,32-C,32-D,34-B,34-C,34-D,36-B,38-C,38-D,40-C",Rs.,695,417,40% off,Lingerie&Nightwear-Women
amante,AMANTE4,AMANTE4 - Lingerie&Nightwear-Women,non-wired fixed strap non padded womens t-shirt bra - air force,"Size:Large,Medium,X-Large",Rs.,9.5,1645,10% off,Lingerie&Nightwear-Women
amante,AMANTE5,AMANTE5 - Lingerie&Nightwear-Women,womens solid padded wired t-shirt bra - black,"Size:32-B,32-C,32-D,34-B,34-D,34-DD,36-B,36-C,36-D,36-DD,38-C,38-D,40-C,40-D",Rs.,995,597,40% off,Lingerie&Nightwear-Women
amante,AMANTE6,AMANTE6 - Lingerie&Nightwear-Women,womens non padded non wired lace bra - black,"Size:34-B,34-C,34-D,36-B,36-C,36-D,38-B,38-C,38-D,40-C,40-D",Rs.,945,567,40% off,Lingerie&Nightwear-Women
amante,AMANTE7,AMANTE7 - Lingerie&Nightwear-Women,non-wired regular strap non-padded womens minimiser bra - black,"Size:34-C,34-D,34-DD,36-C,36-D,36-DD,38-C,38-D,38-DD,40-C,40-D,40-DD",Rs.,4.5,995,10% off,Lingerie&Nightwear-Women
amante,AMANTE8,AMANTE8 - Lingerie&Nightwear-Women,womens solid bikini briefs - natural,"Size:Large,Medium,Small,X-Large",Rs.,545,299,45% off,Lingerie&Nightwear-Women
amante,AMANTE9,AMANTE9 - Lingerie&Nightwear-Women,printed cotton high rise womens regular panty - anthra,"Size:Small,XX-Large",Rs.,0.5,645,10% off,Lingerie&Nightwear-Women
amante,AMANTE10,AMANTE10 - Lingerie&Nightwear-Women,solid cotton womens camisole - black,"Size:Large,Medium,Small,X-Large",Rs.,0.5,295,10% off,Lingerie&Nightwear-Women
amante,AMANTE11,AMANTE11 - Lingerie&Nightwear-Women,non-wired fixed strap non padded womens t-shirt bra - black,"Size:Large,Medium,Small,X-Large",Rs.,4.5,1595,10% off,Lingerie&Nightwear-Women
amante,AMANTE12,AMANTE12 - Lingerie&Nightwear-Women,non-wired fixed strap non padded womens t-shirt bra - purple,"Size:Large,Medium,Small,X-Large",Rs.,4.5,1595,10% off,Lingerie&Nightwear-Women
amante,AMANTE13,AMANTE13 - Lingerie&Nightwear-Women,non-wired regular strap padded womens t-shirt bra - apple green,"Size:32-B,32-C,32-D,34-B,34-C,34-D,36-B,36-C,36-D,38-B,38-C,38-D",Rs.,0.5,895,10% off,Lingerie&Nightwear-Women
amante,AMANTE14,AMANTE14 - Lingerie&Nightwear-Women,womens lace non padded non wired full coverage bra - chalk pink,"Size:34-C,34-D,34-DD,36-C,36-D,36-DD,38-C,38-D,38-DD,40-C,40-D,40-DD,42-C,42-D",Rs.,4.5,1495,10% off,Lingerie&Nightwear-Women
amante,AMANTE15,AMANTE15 - Lingerie&Nightwear-Women,womens solid padded wired t-shirt bra - sand,"Size:32-B,32-C,32-D,34-B,34-C,34-D,36-B,36-C,36-D,38-B,38-C,38-D,40-C,40-D",Rs.,895,626,30% off,Lingerie&Nightwear-Women
amante,AMANTE16,AMANTE16 - Lingerie&Nightwear-Women,womens printed bikini briefs pack of 3 - blue,Size:Small,Rs.,0.5,495,10% off,Lingerie&Nightwear-Women
amante,AMANTE17,AMANTE17 - Lingerie&Nightwear-Women,blended night wear womens t-shirt bra - black,"Size:32-B,32-C,32-D,34-B,34-C,34-D,36-B,36-C,36-D,38-B,38-C,38-D,40-C,40-D",Rs.,845,591,30% off,Lingerie&Nightwear-Women
amante,AMANTE18,AMANTE18 - Lingerie&Nightwear-Women,womens non padded non wired lace bra - sand,"Size:34-B,34-C,34-D,36-B,36-C,36-D,38-B,38-C,38-D,40-C,40-D",Rs.,945,567,40% off,Lingerie&Nightwear-Women
amante,AMANTE19,AMANTE19 - Lingerie&Nightwear-Women,womens solid padded non wired t-shirt bra - persian blue,"Size:32-B,32-C,32-D,34-B,34-C,34-D,36-B,36-C,36-D,38-C,38-D,40-C,40-D",Rs.,1045,731,30% off,Lingerie&Nightwear-Women
amante,AMANTE20,AMANTE20 - Lingerie&Nightwear-Women,womens lightly padded wirefree seamless comfort t-shirt bra - dusty pink,"Size:32-B,32-C,32-D,34-B,34-C,34-D,36-B,36-C,36-D,38-C,38-D,40-C,40-D",Rs.,895,626,30% off,Lingerie&Nightwear-Women
amante,AMANTE21,AMANTE21 - Lingerie&Nightwear-Women,womens solid padded non wired sports bra - feather grey,"Size:Large,Medium,Small,X-Large",Rs.,995,696,30% off,Lingerie&Nightwear-Women
amante,AMANTE22,AMANTE22 - Lingerie&Nightwear-Women,non-wired fixed strap non padded womens t-shirt bra - brown,"Size:Large,Medium,X-Large",Rs.,9.5,1645,10% off,Lingerie&Nightwear-Women
amante,AMANTE23,AMANTE23 - Lingerie&Nightwear-Women,non-wired fixed strap non padded womens t-shirt bra - brown,"Size:Large,Medium,Small,X-Large",Rs.,4.5,1595,10% off,Lingerie&Nightwear-Women
amante,AMANTE24,AMANTE24 - Lingerie&Nightwear-Women,womens solid non padded non wired full coverage bra - feather grey,"Size:Large,Medium,Small",Rs.,1045,731,30% off,Lingerie&Nightwear-Women
amante,AMANTE25,AMANTE25 - Lingerie&Nightwear-Women,womens solid medium coverage bra - sand,"Size:32-B,32-C,34-B,36-C,36-D,38-C",Rs.,1045,940,10% off,Lingerie&Nightwear-Women
amante,AMANTE26,AMANTE26 - Lingerie&Nightwear-Women,cotton blend intimatewear womens boy shorts panty - sand,"Size:Large,Medium,Small,X-Large",Rs.,0.5,325,10% off,Lingerie&Nightwear-Women
amante,AMANTE27,AMANTE27 - Lingerie&Nightwear-Women,non-wired regular strap non-padded womens everyday bra - black,"Size:32-B,32-C,32-D,34-B,34-C,34-D,36-B,36-C,36-D,38-C,38-D,40-C,40-D",Rs.,0.5,595,10% off,Lingerie&Nightwear-Women
amante,AMANTE28,AMANTE28 - Lingerie&Nightwear-Women,solid cotton womens camisole - black,"Size:Large,Medium,Small,X-Large",Rs.,0.5,375,10% off,Lingerie&Nightwear-Women
amante,AMANTE29,AMANTE29 - Lingerie&Nightwear-Women,womens solid bikini briefs - denim black,"Size:Large,Medium,Small,X-Large",Rs.,545,299,45% off,Lingerie&Nightwear-Women
amante,AMANTE30,AMANTE30 - Lingerie&Nightwear-Women,womens solid bikini briefs - grey,"Size:Large,Medium,Small,X-Large",Rs.,545,299,45% off,Lingerie&Nightwear-Women
amante,AMANTE31,AMANTE31 - Lingerie&Nightwear-Women,womens solid padded non wired t-shirt bra - black,"Size:32-B,32-C,34-B,34-C,34-D,36-B,36-C,36-D,38-B,38-C",Rs.,9.5,1045,10% off,Lingerie&Nightwear-Women
amante,AMANTE32,AMANTE32 - Lingerie&Nightwear-Women,printed cotton low rise womens hipster panty - blackout,"Size:Large,Medium,Small,XX-Large",Rs.,0.5,595,10% off,Lingerie&Nightwear-Women
amante,AMANTE33,AMANTE33 - Lingerie&Nightwear-Women,solid cotton high rise womens regular panty - black rinse,"Size:Large,Medium,Small,XX-Large",Rs.,0.5,695,10% off,Lingerie&Nightwear-Women
amante,AMANTE34,AMANTE34 - Lingerie&Nightwear-Women,non-wired fixed strap non padded womens t-shirt bra - air force,"Size:Large,Medium,Small,X-Large",Rs.,4.5,1595,10% off,Lingerie&Nightwear-Women
amante,AMANTE35,AMANTE35 - Lingerie&Nightwear-Women,womens solid t-shirt bra - blue,"Size:36-B,36-C",Rs.,995,497,50% off,Lingerie&Nightwear-Women
amante,AMANTE36,AMANTE36 - Lingerie&Nightwear-Women,womens solid non padded non wired full coverage bra - white,Size:32-D,Rs.,0.5,695,10% off,Lingerie&Nightwear-Women
amante,AMANTE37,AMANTE37 - Lingerie&Nightwear-Women,womens solid padded wired t-shirt bra - natural,"Size:32-B,32-C,32-D,34-B,34-D,34-DD,36-B,36-C,36-D,36-DD,38-C,38-D,40-C,40-D",Rs.,995,597,40% off,Lingerie&Nightwear-Women
amante,AMANTE38,AMANTE38 - Lingerie&Nightwear-Women,non-wired fixed strap non padded womens t-shirt bra - midnight,"Size:Large,Medium,Small,X-Large",Rs.,4.5,1595,10% off,Lingerie&Nightwear-Women
amante,AMANTE39,AMANTE39 - Lingerie&Nightwear-Women,womens lightly padded wirefree seamless comfort t-shirt bra - natural,"Size:32-B,32-C,32-D,34-B,34-C,34-D,36-B,36-C,36-D,38-C,38-D,40-C,40-D",Rs.,0.5,895,10% off,Lingerie&Nightwear-Women
amante,AMANTE40,AMANTE40 - Lingerie&Nightwear-Women,womens solid bikini briefs pack of 3 - off white,"Size:Large,Small,X-Large",Rs.,0.5,545,10% off,Lingerie&Nightwear-Women
amante,AMANTE41,AMANTE41 - Lingerie&Nightwear-Women,womens solid bikini briefs - pack of 3 - sand,"Size:Small,X-Large",Rs.,0.5,545,10% off,Lingerie&Nightwear-Women
amante,AMANTE42,AMANTE42 - Lingerie&Nightwear-Women,non-wired regular strap non-padded womens everyday bra - black,"Size:32-B,32-C,32-D,34-B,34-C,34-D,34-DD,36-B,36-C,36-D,36-DD,38-C,38-D,38-DD,40-C,40-D",Rs.,0.5,795,10% off,Lingerie&Nightwear-Women
amante,AMANTE43,AMANTE43 - Lingerie&Nightwear-Women,womens solid padded wired t-shirt bra - dave grey,"Size:32-B,32-C,32-D,34-B,34-C,34-D,36-B,36-C,36-D,38-C,38-D,40-C,40-D",Rs.,4.5,1195,10% off,Lingerie&Nightwear-Women
amante,AMANTE44,AMANTE44 - Lingerie&Nightwear-Women,womens lightly padded wirefree seamless comfort t-shirt bra - white,"Size:32-B,32-C,32-D,34-B,34-C,34-D,36-B,36-C,36-D,38-C,38-D,40-C,40-D",Rs.,895,626,30% off,Lingerie&Nightwear-Women
amante,AMANTE45,AMANTE45 - Lingerie&Nightwear-Women,womens floral print padded non wired t-shirt bra - pink,"Size:32-B,32-C,32-D,34-B,34-C,34-D,36-B,36-C,36-D,38-C,38-D,40-C,40-D",Rs.,9.5,1045,10% off,Lingerie&Nightwear-Women
amante,AMANTE46,AMANTE46 - Lingerie&Nightwear-Women,womens solid padded wired t-shirt bra - black,"Size:32-B,32-C,32-D,34-B,34-C,34-D,36-B,36-C,36-D,38-B,38-C,38-D,40-C,40-D",Rs.,895,626,30% off,Lingerie&Nightwear-Women
amante,AMANTE47,AMANTE47 - Lingerie&Nightwear-Women,blended night wear womens t-shirt bra - white,"Size:32-B,32-C,32-D,34-B,34-C,34-D,36-B,36-C,36-D,38-B,38-C,38-D,40-C,40-D",Rs.,845,591,30% off,Lingerie&Nightwear-Women
amante,AMANTE48,AMANTE48 - Lingerie&Nightwear-Women,solid modal womens camisole - black,"Size:Large,Medium,Small,X-Large",Rs.,0.5,445,10% off,Lingerie&Nightwear-Women
amante,AMANTE49,AMANTE49 - Lingerie&Nightwear-Women,womens solid non padded non wired sports bra - ice blue,"Size:Large,X-Large",Rs.,1145,572,50% off,Lingerie&Nightwear-Women
amante,AMANTE50,AMANTE50 - Lingerie&Nightwear-Women,womens solid padded wired t-shirt bra - coral,"Size:32-B,32-C,32-D,34-B,34-C,34-D,36-B,36-C,36-D,38-B,38-C,38-D,40-C,40-D",Rs.,895,626,30% off,Lingerie&Nightwear-Women
amante,AMANTE51,AMANTE51 - Lingerie&Nightwear-Women,wired regular strap padded womens t-shirt bra - black,"Size:32-B,32-C,32-D,34-B,34-C,34-D,36-B,36-C,36-D,38-C,38-D,40-C,40-D",Rs.,9.5,1045,10% off,Lingerie&Nightwear-Women
amante,AMANTE52,AMANTE52 - Lingerie&Nightwear-Women,non-wired fixed strap non padded womens t-shirt bra - black,"Size:Large,Medium,X-Large",Rs.,9.5,1645,10% off,Lingerie&Nightwear-Women
amante,AMANTE53,AMANTE53 - Lingerie&Nightwear-Women,womens solid padded underwired t-shirt bra - white,"Size:32-B,32-C,32-D,34-C,36-B,36-C,36-D,38-C,38-D,40-C,40-D",Rs.,9.5,1045,10% off,Lingerie&Nightwear-Women
amante,AMANTE54,AMANTE54 - Lingerie&Nightwear-Women,womens solid bikini briefs - dave grey,"Size:Large,Medium,Small",Rs.,0.5,495,10% off,Lingerie&Nightwear-Women
amante,AMANTE55,AMANTE55 - Lingerie&Nightwear-Women,non-wired regular strap padded womens t-shirt bra - muted wine,"Size:32-B,32-C,32-D,34-B,34-C,34-D,34-DD,36-B,36-C,36-D,36-DD,38-C,38-D,38-DD",Rs.,9.5,1145,10% off,Lingerie&Nightwear-Women
amante,AMANTE56,AMANTE56 - Lingerie&Nightwear-Women,womens printed padded non wired push up bra - coral,"Size:32-C,36-B,36-C,36-D",Rs.,1045,731,30% off,Lingerie&Nightwear-Women
amante,AMANTE57,AMANTE57 - Lingerie&Nightwear-Women,womens printed hipster briefs - black,"Size:Small,X-Large",Rs.,495,247,50% off,Lingerie&Nightwear-Women
amante,AMANTE58,AMANTE58 - Lingerie&Nightwear-Women,womens printed bikini briefs - pack of 3 - mixed neutrals,Size:Small,Rs.,0.5,495,10% off,Lingerie&Nightwear-Women
amante,AMANTE59,AMANTE59 - Lingerie&Nightwear-Women,womens lace bikini briefs - ecru,"Size:Large,Medium,Small,X-Large",Rs.,545,381,30% off,Lingerie&Nightwear-Women
amante,AMANTE60,AMANTE60 - Lingerie&Nightwear-Women,printed cotton low rise womens boy shorts - blasted green,"Size:Large,Medium,Small,XX-Large",Rs.,0.5,545,10% off,Lingerie&Nightwear-Women
amante,AMANTE61,AMANTE61 - Lingerie&Nightwear-Women,womens solid padded non wired sports bra - black,"Size:Large,Medium,Small,X-Large",Rs.,995,696,30% off,Lingerie&Nightwear-Women
amante,AMANTE62,AMANTE62 - Lingerie&Nightwear-Women,womens lace non padded non wired full coverage bra - black,"Size:34-C,34-D,34-DD,36-C,36-D,36-DD,38-C,38-D,38-DD,40-C,40-D,40-DD,42-C,42-D",Rs.,4.5,1495,10% off,Lingerie&Nightwear-Women
amante,AMANTE63,AMANTE63 - Lingerie&Nightwear-Women,womens solid bikini briefs - black,"Size:Large,Medium,Small,X-Large",Rs.,495,346,30% off,Lingerie&Nightwear-Women
amante,AMANTE64,AMANTE64 - Lingerie&Nightwear-Women,womens solid non padded non wired full coverage bra - raspberry,Size:32-D,Rs.,0.5,695,10% off,Lingerie&Nightwear-Women
amante,AMANTE65,AMANTE65 - Lingerie&Nightwear-Women,womens printed medium coverage bra - red,"Size:32-C,36-B,36-C,36-D,38-B,38-C",Rs.,1045,627,40% off,Lingerie&Nightwear-Women
amante,AMANTE66,AMANTE66 - Lingerie&Nightwear-Women,womens solid padded wired t-shirt bra - natural,"Size:32-D,40-C,40-D",Rs.,1045,627,40% off,Lingerie&Nightwear-Women
amante,AMANTE67,AMANTE67 - Lingerie&Nightwear-Women,womens dot pattern padded non wired t-shirt bra - black,"Size:34-B,34-C,34-D,36-B,36-D",Rs.,1045,731,30% off,Lingerie&Nightwear-Women
amante,AMANTE68,AMANTE68 - Lingerie&Nightwear-Women,womens solid non wired padded t-shirt bra - black,Size:32-D,Rs.,1045,940,10% off,Lingerie&Nightwear-Women
amante,AMANTE69,AMANTE69 - Lingerie&Nightwear-Women,womens solid minimiser bra - natural,"Size:34-DD,36-DD,38-DD",Rs.,4.5,1295,10% off,Lingerie&Nightwear-Women
amante,AMANTE70,AMANTE70 - Lingerie&Nightwear-Women,womens solid padded wired t-shirt bra - natural,"Size:32-B,32-C,34-B,34-C,34-D,36-B,36-C,36-D,38-B,38-C",Rs.,1045,627,40% off,Lingerie&Nightwear-Women
amante,AMANTE71,AMANTE71 - Lingerie&Nightwear-Women,womens printed bra - pink,"Size:32-C,34-D,36-B,36-C,36-D,38-B,38-C",Rs.,1045,627,40% off,Lingerie&Nightwear-Women
amante,AMANTE72,AMANTE72 - Lingerie&Nightwear-Women,wired regular strap padded womens t-shirt bra - blue midstone,"Size:32-B,32-C,32-D,34-B,34-C,34-D,36-B,36-C,36-D,38-C,38-D",Rs.,4.5,1595,10% off,Lingerie&Nightwear-Women
amante,AMANTE73,AMANTE73 - Lingerie&Nightwear-Women,non wired removable straps non padded womens every day bra - natural,"Size:32-B,32-C,32-D,34-B,34-C,36-B,36-C,36-D,38-B,38-C,38-D,40-C,40-D",Rs.,695,417,40% off,Lingerie&Nightwear-Women
amante,AMANTE74,AMANTE74 - Lingerie&Nightwear-Women,womens lace non padded non wired beginners bra - rose,"Size:Large,Medium",Rs.,1395,697,50% off,Lingerie&Nightwear-Women
amante,AMANTE75,AMANTE75 - Lingerie&Nightwear-Women,womens solid minimiser bra - black,Size:34-DD,Rs.,4.5,1295,10% off,Lingerie&Nightwear-Women
amante,AMANTE76,AMANTE76 - Lingerie&Nightwear-Women,printed cotton mid rise womens hipster panty - allum,Size:Small,Rs.,0.5,545,10% off,Lingerie&Nightwear-Women
amante,AMANTE77,AMANTE77 - Lingerie&Nightwear-Women,womens basic bra - natural,Size:40-D,Rs.,0.5,845,10% off,Lingerie&Nightwear-Women
amante,AMANTE78,AMANTE78 - Lingerie&Nightwear-Women,womens solid padded non wired t-shirt bra - mid blue,"Size:32-C,32-D,36-B,36-C,36-D,38-C,38-D",Rs.,1495,897,40% off,Lingerie&Nightwear-Women
amante,AMANTE79,AMANTE79 - Lingerie&Nightwear-Women,abstract cotton low rise womens hipster panty - blue mix light,"Size:Large,Medium,Small,XX-Large",Rs.,9.5,945,10% off,Lingerie&Nightwear-Women
amante,AMANTE80,AMANTE80 - Lingerie&Nightwear-Women,womens solid medium coverage bra - black,"Size:38-B,40-C,40-D",Rs.,745,372,50% off,Lingerie&Nightwear-Women
amante,AMANTE81,AMANTE81 - Lingerie&Nightwear-Women,womens solid non padded non wired full coverage bra - natural,Size:32-D,Rs.,0.5,695,10% off,Lingerie&Nightwear-Women
amante,AMANTE82,AMANTE82 - Lingerie&Nightwear-Women,womens solid padded wired t-shirt bra - black,"Size:32-D,40-C,40-D",Rs.,1045,627,40% off,Lingerie&Nightwear-Women
amante,AMANTE83,AMANTE83 - Lingerie&Nightwear-Women,womens basic bra - black,"Size:32-D,34-D,34-DD,36-D,36-DD,38-D,38-DD,40-D",Rs.,1295,906,30% off,Lingerie&Nightwear-Women
amante,AMANTE84,AMANTE84 - Lingerie&Nightwear-Women,womens basic bra - natural,"Size:32-D,34-D,34-DD,36-D,36-DD,38-D,38-DD,40-D",Rs.,1295,906,30% off,Lingerie&Nightwear-Women
amante,AMANTE85,AMANTE85 - Lingerie&Nightwear-Women,womens solid lace padded non wired bralette - turquoise,"Size:Large,Small",Rs.,1195,597,50% off,Lingerie&Nightwear-Women
amante,AMANTE86,AMANTE86 - Lingerie&Nightwear-Women,non-wired regular strap non-padded womens everyday bra - black,"Size:32-B,32-C,32-D,34-DD,36-DD,38-DD,40-C,40-D",Rs.,0.5,695,10% off,Lingerie&Nightwear-Women
amante,AMANTE87,AMANTE87 - Lingerie&Nightwear-Women,womens lace padded non wired t-shirt bra - sand,"Size:32-D,36-B,36-C",Rs.,1695,1017,40% off,Lingerie&Nightwear-Women
amante,AMANTE88,AMANTE88 - Lingerie&Nightwear-Women,womens solid non padded non wired full coverage bra - white,"Size:34-B,34-C,34-D,36-B,36-C,36-D,38-B,38-C,38-D",Rs.,695,556,20% off,Lingerie&Nightwear-Women
amante,AMANTE89,AMANTE89 - Lingerie&Nightwear-Women,womens solid padded non wired t-shirt bra - black,"Size:32-B,32-C,32-D,34-B,34-C,34-D,36-B,36-C,36-D,38-C,38-D,40-C,40-D",Rs.,1045,731,30% off,Lingerie&Nightwear-Women
amante,AMANTE90,AMANTE90 - Lingerie&Nightwear-Women,womens non padded non wired full coverage bra - white,"Size:32-B,32-C,34-B,36-B,36-C,36-D,38-B",Rs.,645,451,30% off,Lingerie&Nightwear-Women
amante,AMANTE91,AMANTE91 - Lingerie&Nightwear-Women,womens solid bikini briefs - natural,"Size:Small,X-Large",Rs.,545,381,30% off,Lingerie&Nightwear-Women
amante,AMANTE92,AMANTE92 - Lingerie&Nightwear-Women,womens solid padded wired t-shirt bra - black,"Size:32-B,32-C,34-B,34-C,34-D,36-B,36-C,36-D,38-B,38-C",Rs.,1045,627,40% off,Lingerie&Nightwear-Women
amante,AMANTE93,AMANTE93 - Lingerie&Nightwear-Women,non wired fixed straps lightly padded womens t-shirt bra - grey melange,"Size:32-B,32-C,32-D,34-B,34-C,34-D,36-B,36-C,36-D,38-B,38-C,38-D,40-C,40-D",Rs.,0.5,845,10% off,Lingerie&Nightwear-Women
amante,AMANTE94,AMANTE94 - Lingerie&Nightwear-Women,womens solid padded non wired t-shirt bra - pink,"Size:32-C,32-D,36-B,36-C,36-D,38-C,38-D",Rs.,1495,897,40% off,Lingerie&Nightwear-Women
amante,AMANTE95,AMANTE95 - Lingerie&Nightwear-Women,womens solid padded wired t-shirt bra - turquoise,"Size:32-B,32-C,32-D,34-B,34-D,34-DD,36-B,36-C,36-D,36-DD,38-C,38-D,40-C,40-D",Rs.,995,597,40% off,Lingerie&Nightwear-Women
amante,AMANTE96,AMANTE96 - Lingerie&Nightwear-Women,womens solid boy leg briefs - royal blue,"Size:Large,Small,X-Large",Rs.,545,299,45% off,Lingerie&Nightwear-Women
amante,AMANTE97,AMANTE97 - Lingerie&Nightwear-Women,women cotton padded wired bra - natural,"Size:38-B,38-C",Rs.,745,521,30% off,Lingerie&Nightwear-Women
amante,AMANTE98,AMANTE98 - Lingerie&Nightwear-Women,womens solid non wired padded t-shirt bra - off white,Size:32-D,Rs.,1045,940,10% off,Lingerie&Nightwear-Women
amante,AMANTE99,AMANTE99 - Lingerie&Nightwear-Women,womens printed padded underwired push up bra - multi,"Size:36-B,36-C",Rs.,1495,747,50% off,Lingerie&Nightwear-Women
amante,AMANTE100,AMANTE100 - Lingerie&Nightwear-Women,womens solid padded wired t-shirt bra - red,"Size:32-B,32-C,34-B,34-C,34-D,36-B,36-C,36-D,38-B,38-C",Rs.,1045,627,40% off,Lingerie&Nightwear-Women
amante,AMANTE101,AMANTE101 - Lingerie&Nightwear-Women,womens solid padded wired t-shirt bra - chalk pink,Size:36-C,Rs.,1595,797,50% off,Lingerie&Nightwear-Women
amante,AMANTE102,AMANTE102 - Lingerie&Nightwear-Women,womens solid bikini briefs - white,"Size:Large,Medium,Small,X-Large",Rs.,495,346,30% off,Lingerie&Nightwear-Women
amante,AMANTE103,AMANTE103 - Lingerie&Nightwear-Women,solid cotton high rise womens regular panty - acid wash,Size:Small,Rs.,0.5,595,10% off,Lingerie&Nightwear-Women
amante,AMANTE104,AMANTE104 - Lingerie&Nightwear-Women,non wired fixed straps non padded womens every day bra - natural,Size:34-D,Rs.,645,387,40% off,Lingerie&Nightwear-Women
amante,AMANTE105,AMANTE105 - Lingerie&Nightwear-Women,womens solid non padded non wired full coverage bra - natural,"Size:34-B,34-C,34-D,36-B,36-C,36-D,38-B,38-C,38-D",Rs.,695,556,20% off,Lingerie&Nightwear-Women
amante,AMANTE106,AMANTE106 - Lingerie&Nightwear-Women,womens solid underwired padded push up bra - cream,"Size:32-B,32-C,32-D,34-B,34-C,34-D,36-B,36-C,36-D,38-B,38-C,38-D",Rs.,1245,871,30% off,Lingerie&Nightwear-Women
amante,AMANTE107,AMANTE107 - Lingerie&Nightwear-Women,womens solid hipster briefs pack of 3 - off white,Size:Small,Rs.,0.5,695,10% off,Lingerie&Nightwear-Women
amante,AMANTE108,AMANTE108 - Lingerie&Nightwear-Women,womens solid medium coverage bra - strawberry pink,"Size:34-C,34-D,36-C,36-D,36-DD,38-C,38-D,38-DD,40-C,40-D",Rs.,9.5,1245,10% off,Lingerie&Nightwear-Women
amante,AMANTE109,AMANTE109 - Lingerie&Nightwear-Women,womens solid padded non wired t-shirt bra - off white,"Size:32-B,32-C,34-B,34-C,34-D,36-B,36-C,36-D,38-B,38-C",Rs.,9.5,1045,10% off,Lingerie&Nightwear-Women
amante,AMANTE110,AMANTE110 - Lingerie&Nightwear-Women,womens basic bra - raspberry,"Size:34-D,36-D,38-D",Rs.,0.5,695,10% off,Lingerie&Nightwear-Women
amante,AMANTE111,AMANTE111 - Lingerie&Nightwear-Women,womens printed sports bra - black,"Size:Large,Medium,Small,X-Large",Rs.,1695,1356,20% off,Lingerie&Nightwear-Women
amante,AMANTE112,AMANTE112 - Lingerie&Nightwear-Women,womens lace padded wired t-shirt bra - rose,"Size:32-C,32-D,34-D,36-B,36-D",Rs.,1795,897,50% off,Lingerie&Nightwear-Women
amante,AMANTE113,AMANTE113 - Lingerie&Nightwear-Women,womens printed brief - navy,Size:Small,Rs.,445,311,30% off,Lingerie&Nightwear-Women
amante,AMANTE114,AMANTE114 - Lingerie&Nightwear-Women,non wired fixed straps non padded womens every day bra - black,"Size:34-B,34-C,36-B,36-C,38-B",Rs.,895,537,40% off,Lingerie&Nightwear-Women
amante,AMANTE115,AMANTE115 - Lingerie&Nightwear-Women,womens solid hipster briefs pack of 2 - black,Size:X-Large,Rs.,0.5,545,10% off,Lingerie&Nightwear-Women
amante,AMANTE116,AMANTE116 - Lingerie&Nightwear-Women,womens printed sports bra - blue,"Size:Large,Medium,Small,X-Large",Rs.,1695,1356,20% off,Lingerie&Nightwear-Women
amante,AMANTE117,AMANTE117 - Lingerie&Nightwear-Women,womens solid medium coverage bra - red,"Size:32-D,38-B,38-C,38-D,40-C,40-D",Rs.,1295,518,60% off,Lingerie&Nightwear-Women
amante,AMANTE118,AMANTE118 - Lingerie&Nightwear-Women,womens solid bikini briefs - natural,"Size:Large,Medium,Small,X-Large",Rs.,495,346,30% off,Lingerie&Nightwear-Women
amante,AMANTE119,AMANTE119 - Lingerie&Nightwear-Women,women solid hipster brief pack of 3 - red,Size:Small,Rs.,0.5,595,10% off,Lingerie&Nightwear-Women
amante,AMANTE120,AMANTE120 - Lingerie&Nightwear-Women,womens basic bra - white,"Size:34-D,36-D,38-D",Rs.,0.5,695,10% off,Lingerie&Nightwear-Women
amante,AMANTE121,AMANTE121 - Lingerie&Nightwear-Women,womens solid padded non wired sports bra - denim stonewash regular,"Size:Large,Small,X-Large",Rs.,1695,1017,40% off,Lingerie&Nightwear-Women
amante,AMANTE122,AMANTE122 - Lingerie&Nightwear-Women,womens foliage and floral printed bikini briefs pack of 3 - mixed brights,Size:Small,Rs.,0.5,595,10% off,Lingerie&Nightwear-Women
amante,AMANTE123,AMANTE123 - Lingerie&Nightwear-Women,modal regular fit womens casual camisole - natural,Size:Small,Rs.,0.5,395,10% off,Lingerie&Nightwear-Women
amante,AMANTE124,AMANTE124 - Lingerie&Nightwear-Women,womens solid padded non wired t-shirt bra - light blue,"Size:Large,X-Large",Rs.,1295,647,50% off,Lingerie&Nightwear-Women
amante,AMANTE125,AMANTE125 - Lingerie&Nightwear-Women,non wired fixed straps non padded womens every day bra - natural,"Size:34-B,34-C,36-B,36-C,38-B",Rs.,895,537,40% off,Lingerie&Nightwear-Women
amante,AMANTE126,AMANTE126 - Lingerie&Nightwear-Women,womens solid bikini briefs - black,"Size:Large,Medium,Small",Rs.,545,299,45% off,Lingerie&Nightwear-Women
amante,AMANTE127,AMANTE127 - Lingerie&Nightwear-Women,womens solid bikini briefs - butter,"Size:Large,X-Large",Rs.,545,272,50% off,Lingerie&Nightwear-Women
amante,AMANTE128,AMANTE128 - Lingerie&Nightwear-Women,womens floral print padded wired t-shirt bra - aqua,Size:36-B,Rs.,1395,558,60% off,Lingerie&Nightwear-Women
amante,AMANTE129,AMANTE129 - Lingerie&Nightwear-Women,non wired removable straps non padded womens every day bra - feather grey,"Size:32-B,32-C,32-D,34-B,34-C,36-B,36-C,36-D,38-B,38-C,38-D,40-C,40-D",Rs.,695,417,40% off,Lingerie&Nightwear-Women
amante,AMANTE130,AMANTE130 - Lingerie&Nightwear-Women,womens solid medium coverage bra - blue mix dark,"Size:32-D,38-B,38-C,38-D,40-C,40-D",Rs.,1295,518,60% off,Lingerie&Nightwear-Women
amante,AMANTE131,AMANTE131 - Lingerie&Nightwear-Women,womens non padded non wired full coverage bra - natural,"Size:32-B,32-C,34-B,36-B,36-C,36-D,38-B",Rs.,645,451,30% off,Lingerie&Nightwear-Women
amante,AMANTE132,AMANTE132 - Lingerie&Nightwear-Women,womens solid non padded non wired full coverage bra - black,"Size:34-B,34-C,34-D,36-B,36-C,36-D,38-B,38-C,38-D",Rs.,695,556,20% off,Lingerie&Nightwear-Women
amante,AMANTE133,AMANTE133 - Lingerie&Nightwear-Women,cotton blend intimatewear womens t-shirt bra - natural,Size:40-DD,Rs.,4.5,1295,10% off,Lingerie&Nightwear-Women
amante,AMANTE134,AMANTE134 - Lingerie&Nightwear-Women,non-wired regular strap padded womens t-shirt bra - almond,Size:38-B,Rs.,0.5,895,10% off,Lingerie&Nightwear-Women
amante,AMANTE135,AMANTE135 - Lingerie&Nightwear-Women,womens solid padded non wired t-shirt bra - mulberry,"Size:32-D,36-B,36-D",Rs.,1495,747,50% off,Lingerie&Nightwear-Women
amante,AMANTE136,AMANTE136 - Lingerie&Nightwear-Women,womens solid seamless boy leg briefs - natural,"Size:Large,Small",Rs.,0.5,595,10% off,Lingerie&Nightwear-Women
amante,AMANTE137,AMANTE137 - Lingerie&Nightwear-Women,womens lace bikini briefs - rose,Size:X-Large,Rs.,445,311,30% off,Lingerie&Nightwear-Women
amante,AMANTE138,AMANTE138 - Lingerie&Nightwear-Women,solid modal womens camisole - black,"Size:Large,X-Large",Rs.,0.5,445,10% off,Lingerie&Nightwear-Women
amante,AMANTE139,AMANTE139 - Lingerie&Nightwear-Women,cotton womens saree shapewear - black,"Size:Large,Medium",Rs.,4.5,1295,10% off,Lingerie&Nightwear-Women
amante,AMANTE140,AMANTE140 - Lingerie&Nightwear-Women,blended intimatewear womens bikini briefs - mixed neutrals,"Size:Large,Small,X-Large",Rs.,0.5,895,10% off,Lingerie&Nightwear-Women
amante,AMANTE141,AMANTE141 - Lingerie&Nightwear-Women,womens solid hipster briefs - pack of 3 - fawn,"Size:Small,X-Large",Rs.,0.5,595,10% off,Lingerie&Nightwear-Women
amante,AMANTE142,AMANTE142 - Lingerie&Nightwear-Women,womens printed padded non wired t-shirt bra - black,"Size:32-D,38-D",Rs.,1195,717,40% off,Lingerie&Nightwear-Women
amante,AMANTE143,AMANTE143 - Lingerie&Nightwear-Women,women solid hipster brief pack of 3 - cranberry,Size:Small,Rs.,0.5,595,10% off,Lingerie&Nightwear-Women
amante,AMANTE144,AMANTE144 - Lingerie&Nightwear-Women,womens solid padded non wired t-shirt bra - pink mix,"Size:32-B,32-C,32-D,34-B,34-C,34-D,36-B,36-C,36-D,38-C,38-D,40-C,40-D",Rs.,1045,731,30% off,Lingerie&Nightwear-Women
amante,AMANTE145,AMANTE145 - Lingerie&Nightwear-Women,modal regular fit womens casual camisole - natural,"Size:Small,X-Large",Rs.,0.5,395,10% off,Lingerie&Nightwear-Women
amante,AMANTE146,AMANTE146 - Lingerie&Nightwear-Women,womens solid hipster briefs - pack of 3 - sand,"Size:Small,X-Large",Rs.,0.5,595,10% off,Lingerie&Nightwear-Women
amante,AMANTE147,AMANTE147 - Lingerie&Nightwear-Women,womens printed medium coverage bra - white,Size:32-D,Rs.,1045,627,40% off,Lingerie&Nightwear-Women
amante,AMANTE148,AMANTE148 - Lingerie&Nightwear-Women,womens side support shaper wirefree cotton comfort bra - dusty pink,"Size:34-B,34-C,34-D,36-B,36-C,36-D,38-C,38-D",Rs.,0.5,695,10% off,Lingerie&Nightwear-Women
amante,AMANTE149,AMANTE149 - Lingerie&Nightwear-Women,blended intimatewear womens bikini briefs - old rose,"Size:Large,X-Large",Rs.,0.5,545,10% off,Lingerie&Nightwear-Women
amante,AMANTE150,AMANTE150 - Lingerie&Nightwear-Women,womens printed brief - rose,Size:Small,Rs.,495,272,45% off,Lingerie&Nightwear-Women
amante,AMANTE151,AMANTE151 - Lingerie&Nightwear-Women,women solid hipster briefs pack of 2 - tan,"Size:Large,X-Large",Rs.,0.5,545,10% off,Lingerie&Nightwear-Women
amante,AMANTE152,AMANTE152 - Lingerie&Nightwear-Women,womens solid bikini briefs - yellow,"Size:Large,Medium,Small",Rs.,545,299,45% off,Lingerie&Nightwear-Women
amante,AMANTE153,AMANTE153 - Lingerie&Nightwear-Women,womens solid bikini briefs - black,"Size:Small,X-Large",Rs.,545,381,30% off,Lingerie&Nightwear-Women
amante,AMANTE154,AMANTE154 - Lingerie&Nightwear-Women,womens printed bikini briefs - pack of 3 - brick,"Size:Large,Small",Rs.,0.5,545,10% off,Lingerie&Nightwear-Women
amante,AMANTE155,AMANTE155 - Lingerie&Nightwear-Women,non wired fixed straps non padded womens every day bra - black,"Size:32-C,34-D,36-B,36-C,36-D,38-B,38-C",Rs.,595,416,30% off,Lingerie&Nightwear-Women
amante,AMANTE156,AMANTE156 - Lingerie&Nightwear-Women,womens dot pattern padded non wired t-shirt bra - rose,"Size:34-B,34-C,34-D,36-B,36-D",Rs.,1045,731,30% off,Lingerie&Nightwear-Women
amante,AMANTE157,AMANTE157 - Lingerie&Nightwear-Women,womens printed padded non wired push up bra - midnight,"Size:32-C,36-B,36-C,36-D",Rs.,1045,731,30% off,Lingerie&Nightwear-Women
amante,AMANTE158,AMANTE158 - Lingerie&Nightwear-Women,blended intimatewear womens bikini briefs - mixed darks,"Size:Large,Small,X-Large",Rs.,0.5,895,10% off,Lingerie&Nightwear-Women
amante,AMANTE159,AMANTE159 - Lingerie&Nightwear-Women,womens solid padded non wired t-shirt bra - turquoise,"Size:32-D,36-B,36-D",Rs.,1495,747,50% off,Lingerie&Nightwear-Women
amante,AMANTE160,AMANTE160 - Lingerie&Nightwear-Women,womens padded non wired t-shirt bra - black,"Size:38-C,38-D,40-D",Rs.,1295,647,50% off,Lingerie&Nightwear-Women
amante,AMANTE161,AMANTE161 - Lingerie&Nightwear-Women,womens padded non wired t-shirt bra - natural,"Size:38-C,38-D,40-D",Rs.,1295,647,50% off,Lingerie&Nightwear-Women
amante,AMANTE162,AMANTE162 - Lingerie&Nightwear-Women,womens solid padded wired shimmer push up bra - pink,Size:38-C,Rs.,1495,747,50% off,Lingerie&Nightwear-Women
amante,AMANTE163,AMANTE163 - Lingerie&Nightwear-Women,womens printed hipster briefs - coral,Size:Small,Rs.,495,272,45% off,Lingerie&Nightwear-Women
amante,AMANTE164,AMANTE164 - Lingerie&Nightwear-Women,womens solid padded wired t-shirt bra - pink,"Size:32-B,32-C,32-D,34-B,34-C,34-D,36-B,36-C,36-D,38-C,38-D,40-C,40-D",Rs.,4.5,1195,10% off,Lingerie&Nightwear-Women
amante,AMANTE165,AMANTE165 - Lingerie&Nightwear-Women,solid nylon low rise womens bikini panty - purple,"Size:Large,Medium,Small,X-Large",Rs.,0.5,495,10% off,Lingerie&Nightwear-Women
amante,AMANTE166,AMANTE166 - Lingerie&Nightwear-Women,womens solid underwired padded push up bra - black,"Size:32-B,32-C,32-D,34-B,34-C,34-D,36-B,36-C,36-D,38-B,38-C,38-D",Rs.,1245,871,30% off,Lingerie&Nightwear-Women
amante,AMANTE167,AMANTE167 - Lingerie&Nightwear-Women,womens printed bikini briefs - pack of 3 - mixed brights,Size:X-Large,Rs.,0.5,545,10% off,Lingerie&Nightwear-Women
amante,AMANTE168,AMANTE168 - Lingerie&Nightwear-Women,womens non padded non wired full coverage bra - white,Size:36-D,Rs.,4.5,1195,10% off,Lingerie&Nightwear-Women
amante,AMANTE169,AMANTE169 - Lingerie&Nightwear-Women,womens solid underwired padded push up bra - ink blue,"Size:32-B,32-C,32-D,34-B,34-C,34-D,36-B,36-C,36-D,38-B,38-C,38-D",Rs.,1245,871,30% off,Lingerie&Nightwear-Women
amante,AMANTE170,AMANTE170 - Lingerie&Nightwear-Women,womens lace non wired padded full coverage bra - black mix,"Size:32-C,36-B",Rs.,1895,1137,40% off,Lingerie&Nightwear-Women
amante,AMANTE171,AMANTE171 - Lingerie&Nightwear-Women,printed cotton low rise womens bikini panty - blackout,"Size:Large,Medium,Small,XX-Large",Rs.,0.5,545,10% off,Lingerie&Nightwear-Women
amante,AMANTE172,AMANTE172 - Lingerie&Nightwear-Women,non-wired regular strap padded womens t-shirt bra - baby pink,Size:38-B,Rs.,9.5,945,10% off,Lingerie&Nightwear-Women
amante,AMANTE173,AMANTE173 - Lingerie&Nightwear-Women,womens solid padded non wired t-shirt bra - black,"Size:32-C,34-D,36-B,36-C,36-D,38-B,38-C",Rs.,0.5,845,10% off,Lingerie&Nightwear-Women
amante,AMANTE174,AMANTE174 - Lingerie&Nightwear-Women,womens solid padded non wired t-shirt bra - mixed pastels,Size:32-D,Rs.,1395,697,50% off,Lingerie&Nightwear-Women
amante,AMANTE175,AMANTE175 - Lingerie&Nightwear-Women,womens solid non padded non wired full coverage bra - white,"Size:34-C,34-D,34-DD,36-C,36-D,36-DD,38-C,38-D,38-DD,40-C,40-D,40-DD",Rs.,4.5,1295,10% off,Lingerie&Nightwear-Women
amante,AMANTE176,AMANTE176 - Lingerie&Nightwear-Women,printed cotton high rise womens regular panty - blackout,"Size:Large,Medium,Small,XX-Large",Rs.,0.5,695,10% off,Lingerie&Nightwear-Women
amante,AMANTE177,AMANTE177 - Lingerie&Nightwear-Women,womens lace non padded non wired full coverage bra - black,"Size:34-B,34-C,36-B,36-C,40-C",Rs.,795,556,30% off,Lingerie&Nightwear-Women
amante,AMANTE178,AMANTE178 - Lingerie&Nightwear-Women,womens lightly padded wirefree seamless comfort t-shirt bra - mint,"Size:32-B,32-C,32-D,34-B,34-C,34-D,36-B,36-C,36-D,38-C,38-D,40-C,40-D",Rs.,895,626,30% off,Lingerie&Nightwear-Women
amante,AMANTE179,AMANTE179 - Lingerie&Nightwear-Women,polyester intimatewear womens t-shirt bra - old rose,Size:40-C,Rs.,4.5,1295,10% off,Lingerie&Nightwear-Women
amante,AMANTE180,AMANTE180 - Lingerie&Nightwear-Women,blended intimatewear womens bikini briefs - chalk pink,"Size:Large,X-Large",Rs.,0.5,545,10% off,Lingerie&Nightwear-Women
amante,AMANTE181,AMANTE181 - Lingerie&Nightwear-Women,womens solid non padded non wired full coverage bra - blue,"Size:34-B,34-C,34-D,36-B,36-C,36-D,38-B,38-C,38-D",Rs.,695,556,20% off,Lingerie&Nightwear-Women
amante,AMANTE182,AMANTE182 - Lingerie&Nightwear-Women,womens lace wired padded push up bra - blue mix dark,Size:32-D,Rs.,1295,777,40% off,Lingerie&Nightwear-Women
amante,AMANTE183,AMANTE183 - Lingerie&Nightwear-Women,womens solid non padded non wired full coverage bra - crimson,"Size:34-B,34-C,34-D,36-B,36-C,36-D,38-B,38-C,38-D",Rs.,695,556,20% off,Lingerie&Nightwear-Women
amante,AMANTE184,AMANTE184 - Lingerie&Nightwear-Women,printed cotton low rise womens boy shorts - grape,"Size:Large,Medium,Small,X-Large",Rs.,0.5,545,10% off,Lingerie&Nightwear-Women
amante,AMANTE185,AMANTE185 - Lingerie&Nightwear-Women,womens solid padded non wired sports bra - black,Size:Small,Rs.,1695,1186,30% off,Lingerie&Nightwear-Women
amante,AMANTE186,AMANTE186 - Lingerie&Nightwear-Women,womens printed padded non wired t-shirt bra - mustard,"Size:32-D,36-C,36-D,38-C,38-D,40-C,40-D",Rs.,895,626,30% off,Lingerie&Nightwear-Women
amante,AMANTE187,AMANTE187 - Lingerie&Nightwear-Women,womens floral print padded wired t-shirt bra - apricot,Size:38-C,Rs.,1395,697,50% off,Lingerie&Nightwear-Women
amante,AMANTE188,AMANTE188 - Lingerie&Nightwear-Women,non wired fixed straps non padded womens every day bra - mastic white,"Size:34-B,34-C,36-B,36-C,38-B",Rs.,895,537,40% off,Lingerie&Nightwear-Women
amante,AMANTE189,AMANTE189 - Lingerie&Nightwear-Women,cotton blend intimatewear womens bikini briefs - sand,Size:Large,Rs.,0.5,375,10% off,Lingerie&Nightwear-Women
amante,AMANTE190,AMANTE190 - Lingerie&Nightwear-Women,womens solid padded non wired t-shirt bra - natural,"Size:32-C,34-D,36-B,36-C,36-D,38-B,38-C",Rs.,0.5,845,10% off,Lingerie&Nightwear-Women
amante,AMANTE191,AMANTE191 - Lingerie&Nightwear-Women,womens solid hipster briefs - pack of 3 - tomato,Size:Small,Rs.,0.5,695,10% off,Lingerie&Nightwear-Women
amante,AMANTE192,AMANTE192 - Lingerie&Nightwear-Women,womens foliage and floral printed bikini briefs pack of 3 - mixed pastels,Size:Small,Rs.,0.5,595,10% off,Lingerie&Nightwear-Women
amante,AMANTE193,AMANTE193 - Lingerie&Nightwear-Women,womens lace non wired padded full coverage bra - stone,"Size:32-C,36-B",Rs.,1895,1137,40% off,Lingerie&Nightwear-Women
amazfit,AMAZFIT1,AMAZFIT1 - Watches-Women,unisex 45 mm gtr 3 black dial silicone amoled smart watch - a1971,Nan,Rs.,98.9,13999,10% off,Watches-Women
amazfit,AMAZFIT2,AMAZFIT2 - Watches-Women,unisex 42 mm gts 3 rose gold dial silicone amoled smart watch - a2035,Nan,Rs.,98.9,13999,10% off,Watches-Women
amazfit,AMAZFIT3,AMAZFIT3 - Watches-Women,unisex 42 mm gts 3 white dial silicone amoled smart watch - a2035,Nan,Rs.,98.9,13999,10% off,Watches-Women
amazfit,AMAZFIT4,AMAZFIT4 - Watches-Women,unisex 42 mm gts 3 black dial silicone amoled smart watch - a2035,Nan,Rs.,98.9,13999,10% off,Watches-Women
amazfit,AMAZFIT5,AMAZFIT5 - Watches-Women,unisex 45 mm gtr 3 grey dial silicone amoled smart watch - a1971,Nan,Rs.,98.9,13999,10% off,Watches-Women
amazfit,AMAZFIT6,AMAZFIT6 - Watches-Women,unisex 47 mm gtr2e grey dial silicone amoled smart watch - a2023,Nan,Rs.,98.9,9999,10% off,Watches-Women
amazfit,AMAZFIT7,AMAZFIT7 - Watches-Women,unisex 41 mm gts2 mini green dial silicone amoled smart watch - a2018,Nan,Rs.,8.9,6999,10% off,Watches-Women
amazfit,AMAZFIT8,AMAZFIT8 - Watches-Women,unisex 41 mm gts2 mini black dial silicone amoled smart watch - a2018,Nan,Rs.,8.9,6999,10% off,Watches-Women
amazfit,AMAZFIT9,AMAZFIT9 - Watches-Women,unisex 41 mm bip u pro pink dial silicone lcd smart watch - a2008,Nan,Rs.,8.9,4999,10% off,Watches-Women
amazfit,AMAZFIT10,AMAZFIT10 - Watches-Women,mens 47 mm t-rex pro grey dial silicone amoled smart watch - a2013,Nan,Rs.,98.9,12999,10% off,Watches-Women
amazfit,AMAZFIT11,AMAZFIT11 - Watches-Women,mens 47 mm t-rex pro blue dial silicone amoled smart watch - a2013,Nan,Rs.,98.9,12999,10% off,Watches-Women
amazfit,AMAZFIT12,AMAZFIT12 - Watches-Women,unisex 41 mm bip u green dial silicone lcd smart watch - a2017,Nan,Rs.,8.9,3499,10% off,Watches-Women
amazfit,AMAZFIT13,AMAZFIT13 - Watches-Women,unisex 41 mm bip u pink dial silicone lcd smart watch - a2017,Nan,Rs.,8.9,3499,10% off,Watches-Women
amazfit,AMAZFIT14,AMAZFIT14 - Watches-Women,unisex 41 mm bip u pro black dial silicone lcd smart watch - a2008,Nan,Rs.,8.9,4999,10% off,Watches-Women
amazfit,AMAZFIT15,AMAZFIT15 - Watches-Women,unisex 41 mm bip u black dial silicone lcd smart watch - a2017,Nan,Rs.,8.9,3499,10% off,Watches-Women
amazfit,AMAZFIT16,AMAZFIT16 - Watches-Women,unisex 43 mm gts2e green dial silicone amoled smart watch - a2021,Nan,Rs.,98.9,9999,10% off,Watches-Women
amukti,AMUKTI1,AMUKTI1 - Indianwear-Women,floral mandarin regular fit womens tunic - white,Size:Medium,Rs.,699,489,30% off,Indianwear-Women
amukti,AMUKTI2,AMUKTI2 - Indianwear-Women,floral viscose rayon mandarin collar womens straight kurta - red,"Size:Large,Medium,Small,X-Large,XX-Large,XXX-Large",Rs.,1299,909,30% off,Indianwear-Women
amukti,AMUKTI3,AMUKTI3 - Indianwear-Women,floral viscose rayon mandarin collar womens straight kurta - black,"Size:4X-Large,Large,Medium,Small,X-Large,XX-Large,XXX-Large",Rs.,1299,909,30% off,Indianwear-Women
amukti,AMUKTI4,AMUKTI4 - Indianwear-Women,solid rayon womens kurta - yellow,Size:Large,Rs.,999,499,50% off,Indianwear-Women
amukti,AMUKTI5,AMUKTI5 - Indianwear-Women,floral mandarin regular fit womens kurti - black,"Size:Large,Medium,Small,X-Large,XX-Large,XXX-Large",Rs.,1299,909,30% off,Indianwear-Women
amukti,AMUKTI6,AMUKTI6 - Indianwear-Women,floral mandarin regular fit womens kurti - white,"Size:Large,Medium,Small,XX-Large,XXX-Large",Rs.,1299,909,30% off,Indianwear-Women
amukti,AMUKTI7,AMUKTI7 - Indianwear-Women,floral mandarin regular fit womens kurti - maroon,"Size:4X-Large,Small,XXX-Large",Rs.,1299,909,30% off,Indianwear-Women
amukti,AMUKTI8,AMUKTI8 - Indianwear-Women,a-line rayon womens kurta - yellow,"Size:Small,XX-Large",Rs.,999,499,50% off,Indianwear-Women
amukti,AMUKTI9,AMUKTI9 - Indianwear-Women,stripes mandarin regular fit womens kurti - white,Size:Large,Rs.,1299,909,30% off,Indianwear-Women
amukti,AMUKTI10,AMUKTI10 - Indianwear-Women,ankle length rayon womens kurta - blue,"Size:XX-Large,XXX-Large",Rs.,1049,524,50% off,Indianwear-Women
amukti,AMUKTI11,AMUKTI11 - Indianwear-Women,pleated rayon womens kurta - black,"Size:Small,X-Large,XX-Large,XXX-Large",Rs.,1499,749,50% off,Indianwear-Women
amukti,AMUKTI12,AMUKTI12 - Indianwear-Women,floral cotton mandarin collar womens straight kurta - green,"Size:Large,X-Large",Rs.,1299,909,30% off,Indianwear-Women
amukti,AMUKTI13,AMUKTI13 - Indianwear-Women,solid mandarin regular fit womens kurti - natural,"Size:X-Large,X-Small",Rs.,1049,734,30% off,Indianwear-Women
amukti,AMUKTI14,AMUKTI14 - Indianwear-Women,floral mandarin regular fit womens kurti - blue,"Size:Small,XXX-Large",Rs.,1299,909,30% off,Indianwear-Women
amukti,AMUKTI15,AMUKTI15 - Indianwear-Women,stripes mandarin regular fit womens kurti - red,"Size:Large,Medium,Small,X-Large",Rs.,1299,909,30% off,Indianwear-Women
amukti,AMUKTI16,AMUKTI16 - Indianwear-Women,floral mandarin regular fit womens kurti - white,Size:XX-Large,Rs.,1299,909,30% off,Indianwear-Women
amukti,AMUKTI17,AMUKTI17 - Indianwear-Women,pleated rayon womens kurta - indigo,"Size:X-Large,XX-Large",Rs.,999,499,50% off,Indianwear-Women
amukti,AMUKTI18,AMUKTI18 - Indianwear-Women,pleated rayon womens kurta - navy,"Size:Large,Medium,Small,X-Large,XX-Large,XXX-Large",Rs.,1499,749,50% off,Indianwear-Women
amukti,AMUKTI19,AMUKTI19 - Indianwear-Women,ankle length rayon womens kurta - white,Size:Small,Rs.,1299,649,50% off,Indianwear-Women
amukti,AMUKTI20,AMUKTI20 - Indianwear-Women,stripes cotton mandarin collar womens straight kurta - blue,"Size:X-Large,XX-Large",Rs.,1299,909,30% off,Indianwear-Women
amukti,AMUKTI21,AMUKTI21 - Indianwear-Women,a-line rayon womens kurta - ivory,"Size:Large,Medium,Small,X-Large",Rs.,999,499,50% off,Indianwear-Women
amukti,AMUKTI22,AMUKTI22 - Indianwear-Women,printed rayon womens kurta - white,"Size:Medium,Small,XX-Large",Rs.,1599,799,50% off,Indianwear-Women
amukti,AMUKTI23,AMUKTI23 - Indianwear-Women,a-line rayon womens kurta - cream,"Size:Large,X-Large",Rs.,999,499,50% off,Indianwear-Women
amukti,AMUKTI24,AMUKTI24 - Indianwear-Women,polka dots mandarin regular fit womens kurti - black,"Size:Large,Medium,Small,XX-Large,XXX-Large",Rs.,1299,909,30% off,Indianwear-Women
amukti,AMUKTI25,AMUKTI25 - Indianwear-Women,printed rayon womens kurta - white,"Size:X-Large,XX-Large",Rs.,1599,799,50% off,Indianwear-Women
amukti,AMUKTI26,AMUKTI26 - Indianwear-Women,floral mandarin regular fit womens kurti - blue,"Size:Small,X-Large,XXX-Large",Rs.,1299,909,30% off,Indianwear-Women
amukti,AMUKTI27,AMUKTI27 - Indianwear-Women,floral round neck regular fit womens kurti - black,Size:XXX-Large,Rs.,1299,909,30% off,Indianwear-Women
amukti,AMUKTI28,AMUKTI28 - Indianwear-Women,floral mandarin regular fit womens kurti - natural,"Size:Large,Medium,Small,X-Large,XX-Large,XXX-Large",Rs.,1299,909,30% off,Indianwear-Women
amukti,AMUKTI29,AMUKTI29 - Indianwear-Women,floral mandarin regular fit womens kurti - green,"Size:4X-Large,Small",Rs.,1299,909,30% off,Indianwear-Women
amukti,AMUKTI30,AMUKTI30 - Indianwear-Women,solid mandarin regular fit womens kurti - green,"Size:Large,Medium",Rs.,1049,734,30% off,Indianwear-Women
amukti,AMUKTI31,AMUKTI31 - Indianwear-Women,polka dots mandarin regular fit womens kurti - pink,"Size:Large,Medium,Small,XX-Large,XXX-Large",Rs.,1299,909,30% off,Indianwear-Women
amukti,AMUKTI32,AMUKTI32 - Indianwear-Women,ankle length cotton womens kurta - pink,"Size:Medium,X-Large",Rs.,1999,999,50% off,Indianwear-Women
amukti,AMUKTI33,AMUKTI33 - Indianwear-Women,embroidered cotton womens kurta - pink,"Size:Medium,Small,XXX-Large",Rs.,2999,1499,50% off,Indianwear-Women
amukti,AMUKTI34,AMUKTI34 - Indianwear-Women,floral cotton mandarin collar womens straight kurta - grey,"Size:Large,XX-Large",Rs.,1299,909,30% off,Indianwear-Women
amukti,AMUKTI35,AMUKTI35 - Indianwear-Women,floral mandarin regular fit womens kurti - pink,"Size:Medium,Small,XX-Large,XXX-Large",Rs.,1299,909,30% off,Indianwear-Women
amukti,AMUKTI36,AMUKTI36 - Indianwear-Women,ankle length rayon womens kurta - black,"Size:Large,Medium,Small,X-Large,XX-Large",Rs.,1499,749,50% off,Indianwear-Women
amukti,AMUKTI37,AMUKTI37 - Indianwear-Women,printed rayon womens kurta - white,"Size:Large,Medium",Rs.,1599,799,50% off,Indianwear-Women
amukti,AMUKTI38,AMUKTI38 - Indianwear-Women,floral v neck regular fit womens kurti - maroon,Size:XX-Large,Rs.,1299,909,30% off,Indianwear-Women
amukti,AMUKTI39,AMUKTI39 - Indianwear-Women,solid rayon womens kurta - blue,"Size:Medium,Small",Rs.,1599,799,50% off,Indianwear-Women
amukti,AMUKTI40,AMUKTI40 - Indianwear-Women,floral viscose rayon mandarin collar womens straight kurta - brown,"Size:Large,Medium,Small,XX-Large,XXX-Large",Rs.,1299,909,30% off,Indianwear-Women
amukti,AMUKTI41,AMUKTI41 - Indianwear-Women,floral round neck regular fit womens kurti - maroon,Size:XXX-Large,Rs.,1299,909,30% off,Indianwear-Women
amukti,AMUKTI42,AMUKTI42 - Indianwear-Women,pleated rayon womens kurta - black,Size:XX-Large,Rs.,999,499,50% off,Indianwear-Women
amukti,AMUKTI43,AMUKTI43 - Indianwear-Women,printed rayon womens kurta - multi,Size:Small,Rs.,1049,524,50% off,Indianwear-Women
amukti,AMUKTI44,AMUKTI44 - Indianwear-Women,lace rayon womens kurta - green,"Size:Large,Medium,Small,XX-Large",Rs.,1299,649,50% off,Indianwear-Women
amukti,AMUKTI45,AMUKTI45 - Indianwear-Women,embroidered rayon womens kurta - grey,Size:Small,Rs.,1299,649,50% off,Indianwear-Women
amukti,AMUKTI46,AMUKTI46 - Indianwear-Women,solid mandarin regular fit womens kurti - olive,Size:X-Large,Rs.,1049,734,30% off,Indianwear-Women
amukti,AMUKTI47,AMUKTI47 - Indianwear-Women,ankle length cotton womens kurta - green,Size:Small,Rs.,1999,999,50% off,Indianwear-Women
amukti,AMUKTI48,AMUKTI48 - Indianwear-Women,floral cotton mandarin collar womens straight kurta - white,"Size:Small,XXX-Large",Rs.,1299,909,30% off,Indianwear-Women
amukti,AMUKTI49,AMUKTI49 - Indianwear-Women,pleated rayon womens kurta - yellow,Size:XX-Large,Rs.,1299,649,50% off,Indianwear-Women
amukti,AMUKTI50,AMUKTI50 - Indianwear-Women,floral round neck regular fit womens kurti - navy,"Size:4X-Large,Large,X-Large,XX-Large,XXX-Large",Rs.,1299,909,30% off,Indianwear-Women
amukti,AMUKTI51,AMUKTI51 - Indianwear-Women,womens black essential kurta - black,Size:X-Large,Rs.,999,499,50% off,Indianwear-Women
amukti,AMUKTI52,AMUKTI52 - Indianwear-Women,printed rayon womens kurta - navy,"Size:Small,X-Large",Rs.,1299,649,50% off,Indianwear-Women
amukti,AMUKTI53,AMUKTI53 - Indianwear-Women,lace rayon womens kurta - grey,"Size:Large,Medium,Small,XX-Large",Rs.,1299,649,50% off,Indianwear-Women
amukti,AMUKTI54,AMUKTI54 - Indianwear-Women,womens grey melange embroidered kurta - grey,"Size:Medium,X-Large",Rs.,1599,799,50% off,Indianwear-Women
amukti,AMUKTI55,AMUKTI55 - Indianwear-Women,printed rayon womens kurta - red,Size:Small,Rs.,1499,749,50% off,Indianwear-Women
amukti,AMUKTI56,AMUKTI56 - Indianwear-Women,solid rayon womens kurta - emerald,Size:Medium,Rs.,1499,749,50% off,Indianwear-Women
amukti,AMUKTI57,AMUKTI57 - Indianwear-Women,printed rayon womens kurta - off white,"Size:X-Large,XX-Large,XXX-Large",Rs.,1499,749,50% off,Indianwear-Women
amukti,AMUKTI58,AMUKTI58 - Indianwear-Women,embroidered cotton womens kurta - natural,Size:Large,Rs.,1999,999,50% off,Indianwear-Women
amukti,AMUKTI59,AMUKTI59 - Indianwear-Women,a-line rayon womens kurta - blue,Size:XX-Large,Rs.,999,499,50% off,Indianwear-Women
amukti,AMUKTI60,AMUKTI60 - Indianwear-Women,embroidered cotton mandarin collar womens straight kurta - black,"Size:Large,Medium,Small,XXX-Large",Rs.,1699,1189,30% off,Indianwear-Women
amukti,AMUKTI61,AMUKTI61 - Indianwear-Women,printed rayon womens kurta - natural,Size:XX-Large,Rs.,1499,749,50% off,Indianwear-Women
amukti,AMUKTI62,AMUKTI62 - Indianwear-Women,printed cotton womens kurta - natural,"Size:Medium,XX-Large",Rs.,1999,999,50% off,Indianwear-Women
amukti,AMUKTI63,AMUKTI63 - Indianwear-Women,solid rayon womens kurta - cream,"Size:Medium,Small",Rs.,999,499,50% off,Indianwear-Women
amukti,AMUKTI64,AMUKTI64 - Indianwear-Women,ankle length rayon womens kurta - grey,Size:XX-Large,Rs.,1599,799,50% off,Indianwear-Women
amukti,AMUKTI65,AMUKTI65 - Indianwear-Women,ankle length rayon womens kurta - orange,Size:X-Large,Rs.,1499,749,50% off,Indianwear-Women
amukti,AMUKTI66,AMUKTI66 - Indianwear-Women,ankle length rayon womens kurta - pink,Size:Large,Rs.,1599,799,50% off,Indianwear-Women
amukti,AMUKTI67,AMUKTI67 - Indianwear-Women,womens pink flower printed kurta - pink,Size:Small,Rs.,1299,649,50% off,Indianwear-Women
amukti,AMUKTI68,AMUKTI68 - Indianwear-Women,embroidered cotton mandarin collar womens straight kurta - blue,"Size:Medium,Small,XX-Large,XXX-Large",Rs.,1799,1259,30% off,Indianwear-Women
amukti,AMUKTI69,AMUKTI69 - Indianwear-Women,a-line rayon womens kurta - cream,"Size:Large,Medium,Small,X-Large",Rs.,999,499,50% off,Indianwear-Women
amukti,AMUKTI70,AMUKTI70 - Indianwear-Women,printed rayon womens kurta - ivory,Size:Small,Rs.,1599,799,50% off,Indianwear-Women
amukti,AMUKTI71,AMUKTI71 - Indianwear-Women,geometric cotton mandarin collar womens straight kurta - orange,Size:Small,Rs.,1299,909,30% off,Indianwear-Women
amukti,AMUKTI72,AMUKTI72 - Indianwear-Women,embroidered cotton womens kurta - white,Size:X-Large,Rs.,2499,1249,50% off,Indianwear-Women
amukti,AMUKTI73,AMUKTI73 - Indianwear-Women,womens white check printed kurta - white,Size:XX-Large,Rs.,1599,799,50% off,Indianwear-Women
amukti,AMUKTI74,AMUKTI74 - Indianwear-Women,printed rayon womens kurta - black,Size:Small,Rs.,1499,749,50% off,Indianwear-Women
amukti,AMUKTI75,AMUKTI75 - Indianwear-Women,solid rayon womens kurta - mustard,"Size:Medium,X-Large",Rs.,1049,524,50% off,Indianwear-Women
amukti,AMUKTI76,AMUKTI76 - Indianwear-Women,floral cotton mandarin collar womens straight kurta - natural,"Size:X-Large,XXX-Large",Rs.,1299,909,30% off,Indianwear-Women
amukti,AMUKTI77,AMUKTI77 - Indianwear-Women,bandhani cotton mandarin collar womens straight kurta - pink,"Size:X-Large,XX-Large",Rs.,1299,909,30% off,Indianwear-Women
amukti,AMUKTI78,AMUKTI78 - Indianwear-Women,geometric cotton mandarin collar womens straight kurta - black,"Size:Small,XX-Large",Rs.,1499,1049,30% off,Indianwear-Women
amukti,AMUKTI79,AMUKTI79 - Indianwear-Women,striped rayon womens kurta - grey,"Size:X-Large,XX-Large",Rs.,1499,749,50% off,Indianwear-Women
amukti,AMUKTI80,AMUKTI80 - Indianwear-Women,printed cotton womens kurta - orange,"Size:Medium,XX-Large",Rs.,1999,999,50% off,Indianwear-Women
amukti,AMUKTI81,AMUKTI81 - Indianwear-Women,ankle length rayon womens kurta - navy,Size:Medium,Rs.,1499,749,50% off,Indianwear-Women
amukti,AMUKTI82,AMUKTI82 - Indianwear-Women,embroidered rayon womens kurta - black,"Size:X-Large,XX-Large",Rs.,1299,649,50% off,Indianwear-Women
amukti,AMUKTI83,AMUKTI83 - Indianwear-Women,embroidered cotton womens kurta - ivory,"Size:Large,X-Large",Rs.,1999,999,50% off,Indianwear-Women
amukti,AMUKTI84,AMUKTI84 - Indianwear-Women,printed cotton womens kurta - green,Size:XX-Large,Rs.,1999,999,50% off,Indianwear-Women
amukti,AMUKTI85,AMUKTI85 - Indianwear-Women,stripes cotton mandarin collar womens straight kurta - blue,Size:XXX-Large,Rs.,1499,1049,30% off,Indianwear-Women
amukti,AMUKTI86,AMUKTI86 - Indianwear-Women,solid rayon womens kurta - red,Size:Small,Rs.,1299,649,50% off,Indianwear-Women
amukti,AMUKTI87,AMUKTI87 - Indianwear-Women,printed rayon womens kurta - black,Size:Small,Rs.,1499,749,50% off,Indianwear-Women
amukti,AMUKTI88,AMUKTI88 - Indianwear-Women,printed cotton womens kurta - brown,Size:Medium,Rs.,1999,999,50% off,Indianwear-Women
amukti,AMUKTI89,AMUKTI89 - Indianwear-Women,ankle length rayon womens kurta - khaki,Size:Medium,Rs.,1599,799,50% off,Indianwear-Women
amukti,AMUKTI90,AMUKTI90 - Indianwear-Women,ankle length rayon womens kurta - red,"Size:Large,X-Large",Rs.,1499,749,50% off,Indianwear-Women
amukti,AMUKTI91,AMUKTI91 - Indianwear-Women,embroidered rayon womens kurta - blue,"Size:X-Large,XX-Large",Rs.,1499,749,50% off,Indianwear-Women
amukti,AMUKTI92,AMUKTI92 - Indianwear-Women,embroidered rayon womens kurta - maroon,"Size:Small,X-Large",Rs.,1699,849,50% off,Indianwear-Women
amukti,AMUKTI93,AMUKTI93 - Indianwear-Women,printed cotton womens kurta - red,Size:XX-Large,Rs.,1999,999,50% off,Indianwear-Women
and,AND1,AND1 - Westernwear-Women,polka dots boat neck viscose womens regular dresses - pink,"Size:8,10,12,14,16,18",Rs.,2899,2319,20% off,Westernwear-Women
and,AND2,AND2 - Westernwear-Women,solid polyester square neck womens flared dress - sage,"Size:10,12,14,16,18",Rs.,2699,2159,20% off,Westernwear-Women
and,AND3,AND3 - Westernwear-Women,solid polyester v neck womens regular dress - wine,"Size:8,18",Rs.,2899,2319,20% off,Westernwear-Women
and,AND4,AND4 - Westernwear-Women,solid boat neck polyester womens straight dresses - multi,"Size:6,8,10,12,14,16",Rs.,2499,1999,20% off,Westernwear-Women
and,AND5,AND5 - Westernwear-Women,floral polyester v neck womens straight top - powder blue,"Size:8,10,12,14,16,18",Rs.,8.9,2099,10% off,Westernwear-Women
and,AND6,AND6 - Westernwear-Women,solid cotton collar neck womens top - rose,"Size:8,10,12,14,18",Rs.,1799,899,50% off,Westernwear-Women
and,AND7,AND7 - Westernwear-Women,solid round neck polyester womens straight top - black,"Size:8,10,12,14",Rs.,2699,2159,20% off,Westernwear-Women
and,AND8,AND8 - Westernwear-Women,floral square neck polyester womens flared gown - sage,"Size:8,10,12,14,16",Rs.,3499,2799,20% off,Westernwear-Women
and,AND9,AND9 - Westernwear-Women,solid polyester v neck womens regular top - wine,"Size:8,10,12,14,16,18",Rs.,1899,1519,20% off,Westernwear-Women
and,AND10,AND10 - Westernwear-Women,floral linen round neck womens straight dress - pink mix,"Size:8,10,12,14,16",Rs.,3899,3119,20% off,Westernwear-Women
and,AND11,AND11 - Westernwear-Women,solid polyester v neck womens regular dress - peach,"Size:8,10,12,14,16,18",Rs.,2299,1149,50% off,Westernwear-Women
and,AND12,AND12 - Westernwear-Women,solid round neck polyester womens straight top - yellow,"Size:8,10,12,14,16,18",Rs.,1699,1359,20% off,Westernwear-Women
and,AND13,AND13 - Westernwear-Women,solid collar neck linen womens straight dresses - wine,"Size:8,10,12,14,16,18",Rs.,3299,2639,20% off,Westernwear-Women
and,AND14,AND14 - Westernwear-Women,floral polyester round neck womens straight top - sage,"Size:8,10,12,14,16,18",Rs.,2099,1679,20% off,Westernwear-Women
and,AND15,AND15 - Westernwear-Women,floral polyester v neck womens flared top - black,"Size:8,10,14,16,18",Rs.,1999,1599,20% off,Westernwear-Women
and,AND16,AND16 - Westernwear-Women,solid round neck polyester womens flared gown - pink mix,"Size:6,8,10,12,14,16",Rs.,4299,3439,20% off,Westernwear-Women
and,AND17,AND17 - Westernwear-Women,solid cotton collar neck womens straight top - white,"Size:8,10,12,14,16,18",Rs.,1899,1519,20% off,Westernwear-Women
and,AND18,AND18 - Westernwear-Women,solid polyester crew neck womens top - teal,"Size:8,10,14,18",Rs.,2699,1754,35% off,Westernwear-Women
and,AND19,AND19 - Westernwear-Women,solid polyester square neck womens flared gown - powder blue,"Size:8,10,12,14,16",Rs.,4899,3919,20% off,Westernwear-Women
and,AND20,AND20 - Westernwear-Women,embroidered polyester square neck womens top - magenta,Size:12,Rs.,1899,759,60% off,Westernwear-Women
and,AND21,AND21 - Westernwear-Women,solid 3/4 sleeves polyester womens regular jumpsuit - light blue,"Size:8,10,12,14,16",Rs.,3899,3119,20% off,Westernwear-Women
and,AND22,AND22 - Westernwear-Women,solid v neck polyester womens flared dresses - pink,"Size:8,10,12,14,16",Rs.,2499,1999,20% off,Westernwear-Women
and,AND23,AND23 - Westernwear-Women,floral round neck polyester womens regular dress - white,"Size:8,10,12,14",Rs.,2899,2319,20% off,Westernwear-Women
and,AND24,AND24 - Westernwear-Women,foil viscose square neck womens flared dress - gold,Size:12,Rs.,2699,2429,10% off,Westernwear-Women
and,AND25,AND25 - Westernwear-Women,printed collar neck linen womens straight jumpsuits - pink,"Size:6,8,10,12,14,16",Rs.,8.9,3899,10% off,Westernwear-Women
and,AND26,AND26 - Westernwear-Women,floral polyester square neck womens regular dress - white,"Size:8,10,14,16,18",Rs.,2899,2319,20% off,Westernwear-Women
and,AND27,AND27 - Westernwear-Women,solid half sleeves linen womens regular length jumpsuit - pink mix,"Size:6,8,10,12,16",Rs.,5299,4239,20% off,Westernwear-Women
and,AND28,AND28 - Westernwear-Women,solid cotton round neck womens straight top - black,"Size:6,8,10,12,14,16",Rs.,1899,1519,20% off,Westernwear-Women
and,AND29,AND29 - Westernwear-Women,floral polyester round neck womens straight top - multi,"Size:8,10,12,14,16,18",Rs.,2099,1679,20% off,Westernwear-Women
and,AND30,AND30 - Westernwear-Women,solid polyester v neck womens straight top - gold,"Size:8,10,12,14,16,18",Rs.,2099,1679,20% off,Westernwear-Women
and,AND31,AND31 - Westernwear-Women,solid cotton round neck womens dress - maroon,"Size:8,10,12,14,16",Rs.,2899,2609,10% off,Westernwear-Women
and,AND32,AND32 - Westernwear-Women,geometric v neck linen womens straight jumpsuits - white,"Size:8,10,12,14,16",Rs.,3699,2959,20% off,Westernwear-Women
and,AND33,AND33 - Westernwear-Women,printed round neck polyester womens straight top - multi,"Size:8,10,12,14,16,18",Rs.,1599,1279,20% off,Westernwear-Women
and,AND34,AND34 - Westernwear-Women,solid polyester v neck womens flared gown - navy,Size:10,Rs.,3699,2959,20% off,Westernwear-Women
and,AND35,AND35 - Westernwear-Women,floral round neck polyester womens regular top - white,"Size:8,10,12,14,16",Rs.,2099,1679,20% off,Westernwear-Women
and,AND36,AND36 - Westernwear-Women,floral square neck polyester womens regular dresses - white,"Size:8,10,12,14,16,18",Rs.,3899,3119,20% off,Westernwear-Women
and,AND37,AND37 - Westernwear-Women,solid viscose collar neck womens regular dress - black,"Size:8,10,12,14,16,18",Rs.,2899,1884,35% off,Westernwear-Women
and,AND38,AND38 - Westernwear-Women,solid polyester collar neck womens straight top - pink,"Size:8,10,12,14,16,18",Rs.,1899,1519,20% off,Westernwear-Women
and,AND39,AND39 - Westernwear-Women,self design  viscose womens gown - pink,"Size:8,10,12,14,16,18",Rs.,3899,3119,20% off,Westernwear-Women
and,AND40,AND40 - Westernwear-Women,solid round neck polyester womens flared dresses - navy,"Size:8,10,12,14,16,18",Rs.,3099,2479,20% off,Westernwear-Women
and,AND41,AND41 - Westernwear-Women,solid round neck polyester womens straight top - pink,"Size:10,12",Rs.,2099,1679,20% off,Westernwear-Women
and,AND42,AND42 - Westernwear-Women,solid polyester round neck womens straight top - red,"Size:8,10,12,14,16,18",Rs.,1699,1359,20% off,Westernwear-Women
and,AND43,AND43 - Westernwear-Women,solid linen v neck womens regular top - blue,"Size:8,10,12,14,16",Rs.,2099,1679,20% off,Westernwear-Women
and,AND44,AND44 - Westernwear-Women,printed polyester v neck womens regular dress - gold,"Size:8,10,12,14,16,18",Rs.,3899,3119,20% off,Westernwear-Women
and,AND45,AND45 - Westernwear-Women,floral linen square neck womens straight dress - multi,"Size:8,10,12,14,16,18",Rs.,3099,2479,20% off,Westernwear-Women
and,AND46,AND46 - Westernwear-Women,solid polyester regular fit womens pants - black,"Size:28,30,32,36,38",Rs.,2199,1979,10% off,Westernwear-Women
and,AND47,AND47 - Westernwear-Women,solid polyester collar neck womens top - brown,"Size:10,12,14,16",Rs.,1899,1234,35% off,Westernwear-Women
and,AND48,AND48 - Westernwear-Women,regular fit polyester womens formal pants - natural,"Size:26,28,30,32,34",Rs.,8.9,2499,10% off,Westernwear-Women
and,AND49,AND49 - Westernwear-Women,jacquard polyester round neck womens work wear jacket - black mix,"Size:8,10,14",Rs.,1999,999,50% off,Westernwear-Women
and,AND50,AND50 - Westernwear-Women,floral linen square neck womens straight top - pink,"Size:8,10,12,14,16,18",Rs.,2299,1839,20% off,Westernwear-Women
and,AND51,AND51 - Westernwear-Women,printed viscose round neck womens top - blue mix light,"Size:8,10,12,14,16,18",Rs.,2899,1449,50% off,Westernwear-Women
and,AND52,AND52 - Westernwear-Women,solid polyester round neck womens flared dress - powder blue,"Size:8,10,12,14,16,18",Rs.,3099,2479,20% off,Westernwear-Women
and,AND53,AND53 - Westernwear-Women,solid polyester round neck womens straight top - sage,"Size:8,10,12,14,16,18",Rs.,1899,1519,20% off,Westernwear-Women
and,AND54,AND54 - Westernwear-Women,solid polyester round neck womens straight top - cream,"Size:8,10,12,14,16,18",Rs.,1899,1234,35% off,Westernwear-Women
and,AND55,AND55 - Westernwear-Women,floral linen v neck womens flared dress - pink,"Size:8,10,12,14,16,18",Rs.,3499,2799,20% off,Westernwear-Women
and,AND56,AND56 - Westernwear-Women,foil polyester square neck womens top - aqua,"Size:14,16,18",Rs.,1799,1619,10% off,Westernwear-Women
and,AND57,AND57 - Westernwear-Women,solid polyester square neck womens flared gown - red,"Size:6,8,10,12,14,16",Rs.,8.9,3099,10% off,Westernwear-Women
and,AND58,AND58 - Westernwear-Women,floral round neck polyester womens straight jumpsuits - multi,"Size:8,10,12,14,16",Rs.,8.9,3499,10% off,Westernwear-Women
and,AND59,AND59 - Westernwear-Women,solid polyester v neck womens regular gown - red,"Size:8,12,14,16,18",Rs.,2899,2319,20% off,Westernwear-Women
and,AND60,AND60 - Westernwear-Women,floral polyester v neck womens regular dress - teal,"Size:8,10,12,16,18",Rs.,2499,1249,50% off,Westernwear-Women
and,AND61,AND61 - Westernwear-Women,floral round neck polyester womens midi dress - powder blue,"Size:8,10,12,14,16,18",Rs.,8.9,3099,10% off,Westernwear-Women
and,AND62,AND62 - Westernwear-Women,solid cotton round neck womens regular dress - black,"Size:6,8,10,12,14,16",Rs.,2499,1999,20% off,Westernwear-Women
and,AND63,AND63 - Westernwear-Women,solid acrylic boat neck womens straight top - pink,"Size:8,10,12,14,16,18",Rs.,3099,1549,50% off,Westernwear-Women
and,AND64,AND64 - Westernwear-Women,solid polyester collar neck womens straight top - blue,"Size:8,10,12,14,16,18",Rs.,2099,1679,20% off,Westernwear-Women
and,AND65,AND65 - Westernwear-Women,floral polyester square neck womens straight dress - sage,"Size:8,10,12,14,16",Rs.,3099,2479,20% off,Westernwear-Women
and,AND66,AND66 - Westernwear-Women,floral polyester v neck womens flared dress - yellow,"Size:10,18",Rs.,3099,2479,20% off,Westernwear-Women
and,AND67,AND67 - Westernwear-Women,solid v-neck polyester womens regular dress - rose,Size:8,Rs.,2499,1999,20% off,Westernwear-Women
and,AND68,AND68 - Westernwear-Women,floral linen square neck womens straight top - pink mix,"Size:6,8,12,14,16",Rs.,1399,1119,20% off,Westernwear-Women
and,AND69,AND69 - Westernwear-Women,solid polyester round neck womens regular dress - red,"Size:8,10,12",Rs.,3099,1549,50% off,Westernwear-Women
and,AND70,AND70 - Westernwear-Women,solid full sleeves acrylic womens regular jacket - black,Size:18,Rs.,4899,2449,50% off,Westernwear-Women
and,AND71,AND71 - Westernwear-Women,floral linen square neck womens straight top - pink mix,"Size:8,10",Rs.,2099,1679,20% off,Westernwear-Women
and,AND72,AND72 - Westernwear-Women,solid cotton round neck womens regular dress - green,"Size:8,10",Rs.,2899,2609,10% off,Westernwear-Women
and,AND73,AND73 - Westernwear-Women,floral polyester v neck womens straight dress - powder blue,"Size:8,10,12,14,16,18",Rs.,3099,2479,20% off,Westernwear-Women
and,AND74,AND74 - Westernwear-Women,solid polyester collar neck womens top - natural,"Size:8,10,12,14,16,18",Rs.,1799,899,50% off,Westernwear-Women
and,AND75,AND75 - Westernwear-Women,floral polyester round neck womens regular top - multi,"Size:8,10,12,14,16,18",Rs.,2499,1999,20% off,Westernwear-Women
and,AND76,AND76 - Westernwear-Women,floral polyester square neck womens straight dress - cream,"Size:8,10,12,14,16",Rs.,2699,2159,20% off,Westernwear-Women
and,AND77,AND77 - Westernwear-Women,solid square neck polyester womens midi dress - red,"Size:8,10,12,14,16,18",Rs.,8.9,2899,10% off,Westernwear-Women
and,AND78,AND78 - Westernwear-Women,solid viscose round neck womens regular top - yellow,"Size:8,10,12,14,16,18",Rs.,1899,1519,20% off,Westernwear-Women
and,AND79,AND79 - Westernwear-Women,womens regular fit striped top - light blue,"Size:8,12",Rs.,1999,799,60% off,Westernwear-Women
and,AND80,AND80 - Westernwear-Women,solid viscose round neck womens straight top - lilac,"Size:8,10,12,14,16,18",Rs.,2099,1679,20% off,Westernwear-Women
and,AND81,AND81 - Westernwear-Women,solid cotton round neck womens dress - black,"Size:10,12,14,16",Rs.,8.9,2499,10% off,Westernwear-Women
and,AND82,AND82 - Westernwear-Women,solid polyester round neck womens flared dress - yellow,"Size:8,10,12,14,16,18",Rs.,2499,1999,20% off,Westernwear-Women
and,AND83,AND83 - Westernwear-Women,polka dots viscose round neck womens flared top - pink,"Size:6,8,10,12,14,16",Rs.,1699,1359,20% off,Westernwear-Women
and,AND84,AND84 - Westernwear-Women,striped round neck womens woven top - blue,"Size:8,10,12,14,16,18",Rs.,1999,999,50% off,Westernwear-Women
and,AND85,AND85 - Westernwear-Women,floral v-neck polyester womens flared dress - multi,"Size:8,10,12,14,16",Rs.,3499,2799,20% off,Westernwear-Women
and,AND86,AND86 - Westernwear-Women,womens regular fit checked top - blue,"Size:8,10,12,14,16,18",Rs.,1699,679,60% off,Westernwear-Women
and,AND87,AND87 - Westernwear-Women,solid linen collar neck womens straight top - orange,"Size:8,10,12,14,16,18",Rs.,2099,1679,20% off,Westernwear-Women
and,AND88,AND88 - Westernwear-Women,floral polyester round neck womens straight top - yellow,"Size:8,18",Rs.,2099,1679,20% off,Westernwear-Women
and,AND89,AND89 - Westernwear-Women,solid linen round neck womens straight dress - red,"Size:8,10,12,14,16",Rs.,3499,2799,20% off,Westernwear-Women
and,AND90,AND90 - Westernwear-Women,flared fit cotton womens casual pants - white,"Size:26,28,30,32,34,36",Rs.,8.9,2799,10% off,Westernwear-Women
and,AND91,AND91 - Westernwear-Women,solid polyester v neck womens straight top - pink mix,"Size:8,10,12,14,16,18",Rs.,2499,1249,50% off,Westernwear-Women
and,AND92,AND92 - Westernwear-Women,solid viscose collar neck womens straight top - yellow,"Size:8,10,12,14,16,18",Rs.,2299,1839,20% off,Westernwear-Women
and,AND93,AND93 - Westernwear-Women,solid viscose round neck womens straight top - emerald,Size:16,Rs.,1999,999,50% off,Westernwear-Women
and,AND94,AND94 - Westernwear-Women,solid full sleeves polyester womens regular jacket - black,"Size:8,12,16,18",Rs.,4299,2149,50% off,Westernwear-Women
and,AND95,AND95 - Westernwear-Women,floral polyester boat neck womens flared dress - white,"Size:8,10,12,14,16,18",Rs.,2699,2159,20% off,Westernwear-Women
and,AND96,AND96 - Westernwear-Women,floral polyester square neck womens flared gown - multi,"Size:8,10,12,14,16,18",Rs.,4099,3279,20% off,Westernwear-Women
and,AND97,AND97 - Westernwear-Women,floral viscose square neck womens flared dress - purple,"Size:8,10,12,14,16,18",Rs.,2999,1949,35% off,Westernwear-Women
and,AND98,AND98 - Westernwear-Women,solid v-neck viscose womens workwear dress - blue mix light,"Size:8,10,12,14,16,18",Rs.,2799,1399,50% off,Westernwear-Women
and,AND99,AND99 - Westernwear-Women,solid linen v- neck women wrap top - blue mix light,"Size:8,10,12,14,16",Rs.,1699,849,50% off,Westernwear-Women
and,AND100,AND100 - Westernwear-Women,solid polyester collar neck womens regular gown - teal,"Size:6,8,10,12,14,16",Rs.,4099,3279,20% off,Westernwear-Women
and,AND101,AND101 - Westernwear-Women,solid polyester collar neck womens straight dress - multi,"Size:8,10,14",Rs.,2899,1449,50% off,Westernwear-Women
and,AND102,AND102 - Westernwear-Women,solid polyester boat neck womens regular top - red,"Size:8,10",Rs.,1699,1359,20% off,Westernwear-Women
and,AND103,AND103 - Westernwear-Women,floral polyester v neck womens regular dress - navy,Size:8,Rs.,3499,2799,20% off,Westernwear-Women
and,AND104,AND104 - Westernwear-Women,solid full sleeves polyester womens knee length jacket - olive,"Size:8,10",Rs.,2699,1349,50% off,Westernwear-Women
and,AND105,AND105 - Westernwear-Women,solid viscose v neck womens straight top - blue mix light,Size:18,Rs.,2199,1099,50% off,Westernwear-Women
and,AND106,AND106 - Westernwear-Women,womens solid v-neck top - pink mix,Size:8,Rs.,1499,599,60% off,Westernwear-Women
and,AND107,AND107 - Westernwear-Women,dyed square neck polyester womens flared dresses - lilac,"Size:8,10,12,14,16,18",Rs.,3499,2799,20% off,Westernwear-Women
and,AND108,AND108 - Westernwear-Women,solid polyester round neck womens top - black,"Size:8,10,14,16,18",Rs.,1699,1189,30% off,Westernwear-Women
and,AND109,AND109 - Westernwear-Women,womens shirt type fit v neck floral printed ruffled top - light blue,"Size:14,16",Rs.,999,499,50% off,Westernwear-Women
and,AND110,AND110 - Westernwear-Women,floral polyester round neck womens straight top - white,"Size:8,10,12,14,18",Rs.,1899,1519,20% off,Westernwear-Women
and,AND111,AND111 - Westernwear-Women,floral polyester collar neck womens straight dress - emerald,Size:16,Rs.,2699,2159,20% off,Westernwear-Women
and,AND112,AND112 - Westernwear-Women,printed cotton v neck womens casual jacket - mid blue,"Size:8,10,12",Rs.,2899,1449,50% off,Westernwear-Women
and,AND113,AND113 - Westernwear-Women,solid polyester v neck womens flared dress - sage,"Size:8,10,12,14,16,18",Rs.,4299,3439,20% off,Westernwear-Women
and,AND114,AND114 - Westernwear-Women,solid polyester v neck womens flared dress - peach,"Size:8,10,12,14,16",Rs.,3099,2479,20% off,Westernwear-Women
and,AND115,AND115 - Westernwear-Women,floral 3/4 sleeves linen womens calf length jumpsuit - powder blue,"Size:6,8,10,12,14,16",Rs.,3699,2959,20% off,Westernwear-Women
and,AND116,AND116 - Westernwear-Women,solid polyester collar neck womens straight dress - peach,"Size:8,10,12,14,16,18",Rs.,2699,2159,20% off,Westernwear-Women
and,AND117,AND117 - Westernwear-Women,floral polyester round neck womens flared dress - white,Size:10,Rs.,3099,2479,20% off,Westernwear-Women
and,AND118,AND118 - Westernwear-Women,graphic viscose y neck womens top - olive,Size:8,Rs.,1899,1709,10% off,Westernwear-Women
and,AND119,AND119 - Westernwear-Women,printed cotton collar neck womens top - light blue,"Size:8,10,12,14,16",Rs.,2499,1249,50% off,Westernwear-Women
and,AND120,AND120 - Westernwear-Women,solid round neck polyester womens straight top - red,"Size:8,10,12,14,18",Rs.,1899,1519,20% off,Westernwear-Women
and,AND121,AND121 - Westernwear-Women,solid polyester v neck womens regular top - wine,Size:10,Rs.,1699,1359,20% off,Westernwear-Women
and,AND122,AND122 - Westernwear-Women,solid viscose round neck womens straight top - orange,"Size:8,10,12,14,16",Rs.,2699,1349,50% off,Westernwear-Women
and,AND123,AND123 - Westernwear-Women,womens stripes casual wear jumpsuit - natural,Size:18,Rs.,3499,1399,60% off,Westernwear-Women
and,AND124,AND124 - Westernwear-Women,solid square neck linen womens flared dress - orange,"Size:8,10,12,14,16,18",Rs.,2699,2159,20% off,Westernwear-Women
and,AND125,AND125 - Westernwear-Women,floral linen square neck womens flared top - pink,"Size:8,12,16",Rs.,2099,1679,20% off,Westernwear-Women
and,AND126,AND126 - Westernwear-Women,solid regular fit rayon womens work wear trousers - navy,"Size:26,28,30,32,34,36",Rs.,8.9,2099,10% off,Westernwear-Women
and,AND127,AND127 - Westernwear-Women,women v-neck floral fit and flare gown - lemon,Size:8,Rs.,2799,1119,60% off,Westernwear-Women
and,AND128,AND128 - Westernwear-Women,floral polyester square neck womens straight dress - yellow,"Size:6,12,14,16",Rs.,2899,2319,20% off,Westernwear-Women
and,AND129,AND129 - Westernwear-Women,solid polyester v neck womens straight top - pink,"Size:8,10,12,14,16,18",Rs.,2299,1839,20% off,Westernwear-Women
and,AND130,AND130 - Westernwear-Women,floral round neck polyester womens straight gown - multi,"Size:8,10,12,14,16",Rs.,3699,2959,20% off,Westernwear-Women
and,AND131,AND131 - Westernwear-Women,solid polyester round neck womens top - white,"Size:8,10,12,14,16,18",Rs.,2099,1679,20% off,Westernwear-Women
and,AND132,AND132 - Westernwear-Women,solid tencel collar neck womens top - pink,"Size:8,10,12,14,18",Rs.,1899,1329,30% off,Westernwear-Women
and,AND133,AND133 - Westernwear-Women,solid viscose collar neck womens straight top - white,"Size:8,10,12,14,16,18",Rs.,2299,1839,20% off,Westernwear-Women
and,AND134,AND134 - Westernwear-Women,solid straight fit polyester womens trousers - black,"Size:26,28,30,32,34,36",Rs.,8.9,2499,10% off,Westernwear-Women
and,AND135,AND135 - Westernwear-Women,floral square neck polyester womens gown - white,"Size:8,10,12,14,16",Rs.,8.9,5499,10% off,Westernwear-Women
and,AND136,AND136 - Westernwear-Women,printed nylon v neck womens casual jacket - cream,Size:8,Rs.,5499,2749,50% off,Westernwear-Women
and,AND137,AND137 - Westernwear-Women,solid cotton round neck womens regular dress - lilac,"Size:8,10,12,14,18",Rs.,2699,2429,10% off,Westernwear-Women
and,AND138,AND138 - Westernwear-Women,floral polyester v neck womens regular top - blue,"Size:8,10,12,14,16,18",Rs.,2099,1679,20% off,Westernwear-Women
and,AND139,AND139 - Westernwear-Women,solid polyester round neck womens regular top - blush,"Size:8,10,12,14,16,18",Rs.,1899,1519,20% off,Westernwear-Women
and,AND140,AND140 - Westernwear-Women,floral cotton square neck womens straight top - lemon,"Size:8,10,12,14,16,18",Rs.,1699,1359,20% off,Westernwear-Women
and,AND141,AND141 - Westernwear-Women,solid collar neck linen womens maxi dress - black,"Size:8,10,12,14,16",Rs.,8.9,3299,10% off,Westernwear-Women
and,AND142,AND142 - Westernwear-Women,checks viscose shirt collar womens a-line top - navy,"Size:8,10",Rs.,1699,849,50% off,Westernwear-Women
and,AND143,AND143 - Westernwear-Women,solid collar neck linen womens straight jumpsuits - lemon,"Size:6,8,10,12,14",Rs.,8.9,4899,10% off,Westernwear-Women
and,AND144,AND144 - Westernwear-Women,solid polyester square neck womens dress - black,"Size:12,14,16",Rs.,2299,2069,10% off,Westernwear-Women
and,AND145,AND145 - Westernwear-Women,floral polyester square neck womens straight top - white,"Size:6,8,10,12,14,16",Rs.,1299,1039,20% off,Westernwear-Women
and,AND146,AND146 - Westernwear-Women,floral three quarter sleeves linen womens full length jumpsuit - powder blue,"Size:6,8,10,12,14,16,18",Rs.,3699,2959,20% off,Westernwear-Women
and,AND147,AND147 - Westernwear-Women,printed polyester v neck womens regular dress - black,"Size:8,12",Rs.,2699,1889,30% off,Westernwear-Women
and,AND148,AND148 - Westernwear-Women,womens regular fit solid jumpsuit - light olive,"Size:8,14",Rs.,2499,999,60% off,Westernwear-Women
and,AND149,AND149 - Westernwear-Women,polka dots viscose collar neck womens regular top - yellow,"Size:8,10,12,14",Rs.,1899,1519,20% off,Westernwear-Women
and,AND150,AND150 - Westernwear-Women,solid polyester v neck womens straight dress - pink,"Size:8,10,12,14,16,18",Rs.,2299,1839,20% off,Westernwear-Women
and,AND151,AND151 - Westernwear-Women,floral polyester round neck womens top - white,"Size:8,10,14",Rs.,2099,1469,30% off,Westernwear-Women
and,AND152,AND152 - Westernwear-Women,floral square neck viscose womens flared dress - sage,Size:8,Rs.,2899,1449,50% off,Westernwear-Women
and,AND153,AND153 - Westernwear-Women,solid cotton round neck womens regular gown - black,"Size:8,10,12,14,16",Rs.,3499,2799,20% off,Westernwear-Women
and,AND154,AND154 - Westernwear-Women,solid polyester round neck womens regular gown - emerald,Size:10,Rs.,5299,3444,35% off,Westernwear-Women
and,AND155,AND155 - Westernwear-Women,stripes linen round neck womens a-line top - pink,Size:8,Rs.,1799,899,50% off,Westernwear-Women
and,AND156,AND156 - Westernwear-Women,solid round neck polyester womens straight top - lemon,"Size:8,10,12,14,16,18",Rs.,1399,1119,20% off,Westernwear-Women
and,AND157,AND157 - Westernwear-Women,solid half sleeves polyester womens full length jumpsuit - navy,"Size:8,10,12,14,16",Rs.,3099,2479,20% off,Westernwear-Women
and,AND158,AND158 - Westernwear-Women,geometric linen collar neck womens straight top - white,"Size:8,10,12,14,16",Rs.,2099,1679,20% off,Westernwear-Women
and,AND159,AND159 - Westernwear-Women,solid cotton round neck womens dress - navy,"Size:8,10,12,14,16,18",Rs.,3899,3509,10% off,Westernwear-Women
and,AND160,AND160 - Westernwear-Women,solid viscose v neck womens straight top - sage,"Size:6,8,10,12,14,16",Rs.,1899,1519,20% off,Westernwear-Women
and,AND161,AND161 - Westernwear-Women,checks round neck polyester womens jacket - grey,Size:16,Rs.,3799,1899,50% off,Westernwear-Women
and,AND162,AND162 - Westernwear-Women,solid cotton round neck womens regular dress - rosewood,"Size:8,16",Rs.,3299,1649,50% off,Westernwear-Women
and,AND163,AND163 - Westernwear-Women,solid cotton round neck womens dress - green,"Size:8,10,12",Rs.,3099,2789,10% off,Westernwear-Women
and,AND164,AND164 - Westernwear-Women,solid round neck polyester womens regular dresses - red,"Size:8,10,12,14,16,18",Rs.,2499,1999,20% off,Westernwear-Women
and,AND165,AND165 - Westernwear-Women,solid polyester round neck women straight tops - blue mix light,"Size:8,10,12,14,16",Rs.,1299,649,50% off,Westernwear-Women
and,AND166,AND166 - Westernwear-Women,solid polyester v neck womens flared gown - teal,"Size:8,10,12,14",Rs.,3999,3199,20% off,Westernwear-Women
and,AND167,AND167 - Westernwear-Women,womens fit and flare mandarin collar floral printed skater dress - blue,Size:8,Rs.,2499,999,60% off,Westernwear-Women
and,AND168,AND168 - Westernwear-Women,womens linen skirts - natural,"Size:34,36",Rs.,1999,799,60% off,Westernwear-Women
and,AND169,AND169 - Westernwear-Women,floral comfort linen womens fusion wear trousers - multi,"Size:26,28,34",Rs.,2499,1999,20% off,Westernwear-Women
and,AND170,AND170 - Westernwear-Women,solid cotton round neck womens regular dress - pink,"Size:8,10,12,14,16",Rs.,2299,2069,10% off,Westernwear-Women
and,AND171,AND171 - Westernwear-Women,solid v neck polyester womens flared gown - peach,"Size:8,10,12,14,16",Rs.,3099,2479,20% off,Westernwear-Women
and,AND172,AND172 - Westernwear-Women,solid v neck polyester womens midi dress - lilac,"Size:8,10,12,14,16,18",Rs.,2699,2159,20% off,Westernwear-Women
and,AND173,AND173 - Westernwear-Women,solid polyester round neck womens straight top - wine,"Size:14,16,18",Rs.,2899,1449,50% off,Westernwear-Women
and,AND174,AND174 - Westernwear-Women,solid round neck polyester women flared dress - emerald,"Size:8,10,12,14,16",Rs.,3099,2479,20% off,Westernwear-Women
and,AND175,AND175 - Westernwear-Women,floral polyester round neck womens straight top - mint,"Size:8,10,12,14,16,18",Rs.,2299,1839,20% off,Westernwear-Women
and,AND176,AND176 - Westernwear-Women,womens shirt type fit round neck self printed top - orange,"Size:8,16",Rs.,1799,899,50% off,Westernwear-Women
and,AND177,AND177 - Westernwear-Women,self pattern polyester v neck womens regular fit top - aqua,"Size:8,10,12,14,16",Rs.,1299,649,50% off,Westernwear-Women
and,AND178,AND178 - Westernwear-Women,solid polyester square neck women a line tops - wine,"Size:8,10,12,14,16,18",Rs.,1199,839,30% off,Westernwear-Women
and,AND179,AND179 - Westernwear-Women,floral cotton square neck womens a-line top - light blue,Size:8,Rs.,1999,999,50% off,Westernwear-Women
and,AND180,AND180 - Westernwear-Women,solid polyester round neck womens top - peach,"Size:8,10,12,14,16,18",Rs.,1999,1599,20% off,Westernwear-Women
and,AND181,AND181 - Westernwear-Women,solid polyester collar neck womens top - natural,"Size:8,10,12,14,16,18",Rs.,1899,1519,20% off,Westernwear-Women
and,AND182,AND182 - Westernwear-Women,floral v neck cotton womens flared dresses - ecru,"Size:8,10,12,14,16,18",Rs.,2299,1839,20% off,Westernwear-Women
and,AND183,AND183 - Westernwear-Women,printed polyester v-neck womens peplum top - lilac,"Size:8,10,12,14,16",Rs.,1699,1359,20% off,Westernwear-Women
and,AND184,AND184 - Westernwear-Women,solid acrylic round neck womens straight dress - blue mix light,"Size:8,10,12,14,16,18",Rs.,3499,1749,50% off,Westernwear-Women
and,AND185,AND185 - Westernwear-Women,womens regular fit solid skirt - brown,Size:32,Rs.,2499,999,60% off,Westernwear-Women
and,AND186,AND186 - Westernwear-Women,floral square neck linen womens straight dress - blue,"Size:8,10,12,14,16,18",Rs.,3499,2799,20% off,Westernwear-Women
and,AND187,AND187 - Westernwear-Women,solid polyester tie up neck� womens regular dress - peach,"Size:8,10,12,14,16,18",Rs.,8.9,2699,10% off,Westernwear-Women
and,AND188,AND188 - Westernwear-Women,solid rayon collar neck womens straight dress - pink,"Size:8,10,12,14,16,18",Rs.,3299,2639,20% off,Westernwear-Women
and,AND189,AND189 - Westernwear-Women,solid regular fit rayon womens work wear trousers - black,"Size:26,28,30,32,34,36",Rs.,8.9,2099,10% off,Westernwear-Women
and,AND190,AND190 - Westernwear-Women,solid acrylic v neck womens straight top - yellow,"Size:8,10,12,14,16,18",Rs.,2699,1349,50% off,Westernwear-Women
and,AND191,AND191 - Westernwear-Women,solid v-neck polyester womens evening dress - black,"Size:8,10,12,14,16,18",Rs.,1999,999,50% off,Westernwear-Women
and,AND192,AND192 - Westernwear-Women,printed viscose high neck womens top - white,"Size:8,10,12,14,16,18",Rs.,2699,1349,50% off,Westernwear-Women
and,AND193,AND193 - Westernwear-Women,solid polyester square neck womens straight dress - teal,"Size:8,10,14,16",Rs.,3099,1549,50% off,Westernwear-Women
and,AND194,AND194 - Westernwear-Women,solid polyester collar neck womens straight top - wine,"Size:8,10,12,14,16",Rs.,1899,1519,20% off,Westernwear-Women
and,AND195,AND195 - Westernwear-Women,tapered three quarter length linen womens fusion wear shorts - wine,"Size:26,28,30,32",Rs.,8.9,2099,10% off,Westernwear-Women
and,AND196,AND196 - Westernwear-Women,floral polyester v-neck womens fit and flare top - blue mix light,"Size:8,14",Rs.,2099,1049,50% off,Westernwear-Women
and,AND197,AND197 - Westernwear-Women,printed viscose v neck womens top - pink mix,"Size:8,10,12,14,16,18",Rs.,2199,1099,50% off,Westernwear-Women
and,AND198,AND198 - Westernwear-Women,solid collar neck viscose womens straight top - blue,"Size:8,10,12,14,16,18",Rs.,1399,1119,20% off,Westernwear-Women
and,AND199,AND199 - Westernwear-Women,floral polyester square neck womens straight dress - multi,"Size:8,10,14",Rs.,2499,1249,50% off,Westernwear-Women
and,AND200,AND200 - Westernwear-Women,solid square neck cotton womens midi dress - pink,"Size:8,10,12,14,16",Rs.,8.9,3499,10% off,Westernwear-Women
and,AND201,AND201 - Westernwear-Women,solid tapered polyester womens work wear trousers - blue,"Size:26,28,30,32,34,36",Rs.,8.9,2099,10% off,Westernwear-Women
and,AND202,AND202 - Westernwear-Women,solid viscose round neck womens straight top - wine,"Size:8,10,12,14,16,18",Rs.,2499,1249,50% off,Westernwear-Women
and,AND203,AND203 - Westernwear-Women,solid polyester v neck womens flared dress - pink,"Size:8,10,12,14,16,18",Rs.,3299,2639,20% off,Westernwear-Women
and,AND204,AND204 - Westernwear-Women,floral full sleeves polyester womens regular jacket - black,"Size:8,10,12,14,16,18",Rs.,4199,2099,50% off,Westernwear-Women
and,AND205,AND205 - Westernwear-Women,solid v-neck womens tie-ups top - sage,"Size:8,10,12,14,16",Rs.,1499,749,50% off,Westernwear-Women
and,AND206,AND206 - Westernwear-Women,floral square neck viscose womens regular fit gown - blue mix light,Size:12,Rs.,2799,1399,50% off,Westernwear-Women
and,AND207,AND207 - Westernwear-Women,solid 3/4 sleeves polyester womens regular length jumpsuit - peach,"Size:8,10,12,14,16",Rs.,8.9,3499,10% off,Westernwear-Women
and,AND208,AND208 - Westernwear-Women,solid collar neck viscose womens midi dress - yellow,"Size:8,10,12,14,16,18",Rs.,8.9,3899,10% off,Westernwear-Women
and,AND209,AND209 - Westernwear-Women,solid acrylic round neck womens straight dress - yellow,"Size:12,14,16,18",Rs.,3499,1749,50% off,Westernwear-Women
and,AND210,AND210 - Westernwear-Women,floral polyester round neck womens straight top - blue,"Size:8,10,12,14,16,18",Rs.,1599,1279,20% off,Westernwear-Women
and,AND211,AND211 - Westernwear-Women,solid tapered fit rayon womens trousers - black,"Size:26,28,30,32,34,36",Rs.,8.9,1999,10% off,Westernwear-Women
and,AND212,AND212 - Westernwear-Women,solid polyester round neck women straight top - peach,"Size:8,10,14,16,18",Rs.,1499,749,50% off,Westernwear-Women
and,AND213,AND213 - Westernwear-Women,solid regular linen womens fusion wear trousers - pink,"Size:26,28,30,32,34,36",Rs.,8.9,2299,10% off,Westernwear-Women
and,AND214,AND214 - Westernwear-Women,floral cotton choker neck womens top - white,Size:14,Rs.,1299,649,50% off,Westernwear-Women
and,AND215,AND215 - Westernwear-Women,solid choker neck womens woven top - blue,Size:8,Rs.,1099,549,50% off,Westernwear-Women
and,AND216,AND216 - Westernwear-Women,floral round neck polyester womens straight dress - pink mix,"Size:8,10,12,14,16",Rs.,2499,1999,20% off,Westernwear-Women
and,AND217,AND217 - Westernwear-Women,solid acrylic round neck womens straight top - black,"Size:8,10,12,14,16,18",Rs.,2899,1449,50% off,Westernwear-Women
and,AND218,AND218 - Westernwear-Women,floral square neck polyester women flared dress - black,"Size:8,10,12,14,16,18",Rs.,2899,2029,30% off,Westernwear-Women
and,AND219,AND219 - Westernwear-Women,solid acrylic round neck womens straight dress - wine,"Size:8,14,16",Rs.,3299,1649,50% off,Westernwear-Women
and,AND220,AND220 - Westernwear-Women,polka dots collar neck viscose womens regular dresses - yellow,"Size:8,10,12,14,16,18",Rs.,2499,1999,20% off,Westernwear-Women
and,AND221,AND221 - Westernwear-Women,solid polyester v neck womens flared dress - black,Size:8,Rs.,2699,1889,30% off,Westernwear-Women
and,AND222,AND222 - Westernwear-Women,floral viscose collar neck womens straight top - white,"Size:8,10,12,14,16,18",Rs.,1899,1519,20% off,Westernwear-Women
and,AND223,AND223 - Westernwear-Women,floral polyester round neck womens straight top - natural,"Size:8,10",Rs.,2099,1469,30% off,Westernwear-Women
and,AND224,AND224 - Westernwear-Women,solid polyester round neck womens straight top - emerald,Size:8,Rs.,1699,1359,20% off,Westernwear-Women
and,AND225,AND225 - Westernwear-Women,floral linen round neck womens straight dress - powder blue,"Size:8,10,12,14,16,18",Rs.,3099,2479,20% off,Westernwear-Women
and,AND226,AND226 - Westernwear-Women,solid viscose v neck womens tops - lilac,"Size:8,10,12,14,16,18",Rs.,8.9,1399,10% off,Westernwear-Women
and,AND227,AND227 - Westernwear-Women,solid viscose square neck womens woven top - pink,"Size:8,10,12,14,16,18",Rs.,1699,849,50% off,Westernwear-Women
and,AND228,AND228 - Westernwear-Women,solid v-neck womens fit & flare top - rust,"Size:8,14,16",Rs.,1799,899,50% off,Westernwear-Women
and,AND229,AND229 - Westernwear-Women,solid polyester round neck womens flared top - pink,"Size:6,8,10,12,14,16",Rs.,1699,1359,20% off,Westernwear-Women
and,AND230,AND230 - Westernwear-Women,solid polyester square neck womens straight dress - wine,"Size:8,10,12,14,16",Rs.,2899,2029,30% off,Westernwear-Women
and,AND231,AND231 - Westernwear-Women,jacquard round neck polyester womens jacket - grey,Size:16,Rs.,3699,1849,50% off,Westernwear-Women
and,AND232,AND232 - Westernwear-Women,floral polyester round neck womens straight top - powder blue,"Size:6,8,10,12,14,16",Rs.,2299,1839,20% off,Westernwear-Women
and,AND233,AND233 - Westernwear-Women,solid collar neck viscose womens regular jumpsuits - navy,"Size:8,10,12,14,16",Rs.,3699,2959,20% off,Westernwear-Women
and,AND234,AND234 - Westernwear-Women,solid v-neck polyester womens evening dress - peach,"Size:8,10,12,14,16,18",Rs.,1999,999,50% off,Westernwear-Women
and,AND235,AND235 - Westernwear-Women,womens fit and flare v neck floral printed asymmetrical dress - cream,Size:8,Rs.,3499,1749,50% off,Westernwear-Women
and,AND236,AND236 - Westernwear-Women,printed viscose round neck womens pullover - black,"Size:8,12,14,16,18",Rs.,1999,999,50% off,Westernwear-Women
and,AND237,AND237 - Westernwear-Women,solid shirt collar womens casual dress - light blue,"Size:8,12,14",Rs.,3499,1749,50% off,Westernwear-Women
and,AND238,AND238 - Westernwear-Women,solid round neck womens evening dress - sage,"Size:8,10,14",Rs.,2999,1499,50% off,Westernwear-Women
and,AND239,AND239 - Westernwear-Women,solid polyester v neck womens regular top - black,"Size:6,8,10,12,14,16,18",Rs.,1599,1279,20% off,Westernwear-Women
and,AND240,AND240 - Westernwear-Women,floral viscose womens top - multi,Size:8,Rs.,1899,949,50% off,Westernwear-Women
and,AND241,AND241 - Westernwear-Women,solid half sleeves cotton womens ankle length jumpsuit - black,"Size:14,16",Rs.,3499,2799,20% off,Westernwear-Women
and,AND242,AND242 - Westernwear-Women,solid round neck cotton womens casual dress - blue,"Size:8,10,12,14,16,22",Rs.,1799,899,50% off,Westernwear-Women
and,AND243,AND243 - Westernwear-Women,solid polyester round neck womens straight top - sage,Size:10,Rs.,2099,1679,20% off,Westernwear-Women
and,AND244,AND244 - Westernwear-Women,floral polyester tie up neck womens straight top - white,"Size:8,10,18",Rs.,1899,1519,20% off,Westernwear-Women
and,AND245,AND245 - Westernwear-Women,solid rayon round neck womens straight top - sage,"Size:8,18",Rs.,1899,1329,30% off,Westernwear-Women
and,AND246,AND246 - Westernwear-Women,solid viscose boat neck womens regular top - magenta,"Size:8,10,12,14,16",Rs.,2699,1349,50% off,Westernwear-Women
and,AND247,AND247 - Westernwear-Women,solid linen v-neck womens fit & flare top - sage,"Size:8,10,12,14,16,18",Rs.,1699,849,50% off,Westernwear-Women
and,AND248,AND248 - Westernwear-Women,solid linen round neck womens straight dress - lemon,"Size:8,10,12,14,16,18",Rs.,2699,2159,20% off,Westernwear-Women
and,AND249,AND249 - Westernwear-Women,floral round neck polyester womens straight gown - pink,"Size:8,10,12,14,16",Rs.,8.9,3699,10% off,Westernwear-Women
and,AND250,AND250 - Westernwear-Women,womens round neck floral print top - pink,"Size:8,10",Rs.,1499,749,50% off,Westernwear-Women
and,AND251,AND251 - Westernwear-Women,solid straight fit cotton womens trousers - light blue,"Size:26,28,30,32,34,36",Rs.,8.9,2799,10% off,Westernwear-Women
and,AND252,AND252 - Westernwear-Women,floral round neck polyester womens casual dress - multi,"Size:10,12,14,16",Rs.,2799,1399,50% off,Westernwear-Women
and,AND253,AND253 - Westernwear-Women,floral cotton round neck womens straight top - white,"Size:8,10,12,14,16,18",Rs.,2899,1449,50% off,Westernwear-Women
and,AND254,AND254 - Westernwear-Women,floral collar neck linen womens straight dresses - multi,"Size:8,10,12,14,16,18",Rs.,8.9,3099,10% off,Westernwear-Women
and,AND255,AND255 - Westernwear-Women,floral round neck viscose womens midi dress - blue,"Size:8,10,12,14,16",Rs.,2499,1999,20% off,Westernwear-Women
and,AND256,AND256 - Westernwear-Women,printed polyester round neck womens regular gown - red,"Size:8,14,16",Rs.,3499,2449,30% off,Westernwear-Women
and,AND257,AND257 - Westernwear-Women,floral linen shirt collar womens straight top - yellow,"Size:8,10,12,14,16,18",Rs.,1799,899,50% off,Westernwear-Women
and,AND258,AND258 - Westernwear-Women,printed v-neck polyester womens a-line dress - sage,"Size:8,10,12,14,16",Rs.,2699,2159,20% off,Westernwear-Women
and,AND259,AND259 - Westernwear-Women,solid viscose round neck women regular tops - peach,"Size:8,10,12,14,16,18",Rs.,2499,1249,50% off,Westernwear-Women
and,AND260,AND260 - Westernwear-Women,printed polyester collar neck womens regular dress - navy,Size:8,Rs.,2499,1249,50% off,Westernwear-Women
and,AND261,AND261 - Westernwear-Women,stripes polyester round neck womens straight top - peach,"Size:14,16",Rs.,1999,1399,30% off,Westernwear-Women
and,AND262,AND262 - Westernwear-Women,floral viscose round neck womens regular top - white,"Size:8,10,12,14,16,18",Rs.,2099,1679,20% off,Westernwear-Women
and,AND263,AND263 - Westernwear-Women,floral viscose square neck womens woven top - pink,"Size:8,14",Rs.,1499,749,50% off,Westernwear-Women
and,AND264,AND264 - Westernwear-Women,solid v-neck viscose womens knee length dress - lilac,"Size:8,10,14",Rs.,2499,1249,50% off,Westernwear-Women
and,AND265,AND265 - Westernwear-Women,solid acrylic v- neck women regular tops - blue mix light,"Size:8,10,12,14,16,18",Rs.,2299,1149,50% off,Westernwear-Women
and,AND266,AND266 - Westernwear-Women,solid polyester square neck womens regular dress - green,"Size:8,14,16",Rs.,1899,1234,35% off,Westernwear-Women
and,AND267,AND267 - Westernwear-Women,floral round neck polyester womens straight top - sage,"Size:16,18",Rs.,1599,1279,20% off,Westernwear-Women
and,AND268,AND268 - Westernwear-Women,womens round neck solid top - flash,"Size:8,10,12",Rs.,2799,1119,60% off,Westernwear-Women
and,AND269,AND269 - Westernwear-Women,solid polyester round neck womens regular dress - black,"Size:8,10,12,14,16",Rs.,2699,2159,20% off,Westernwear-Women
and,AND270,AND270 - Westernwear-Women,solid acrylic round neck womens straight top - red,"Size:8,10,12,14,16,18",Rs.,2699,1349,50% off,Westernwear-Women
and,AND271,AND271 - Westernwear-Women,solid shirt collar womens peplum top - white,Size:16,Rs.,1699,849,50% off,Westernwear-Women
and,AND272,AND272 - Westernwear-Women,women v-neck floral fit and flare dress - yellow,Size:8,Rs.,3999,1999,50% off,Westernwear-Women
and,AND273,AND273 - Westernwear-Women,solid cotton round neck womens regular dress - black,"Size:8,10",Rs.,4099,3689,10% off,Westernwear-Women
and,AND274,AND274 - Westernwear-Women,solid shirt collar polyester womens workwear dress - navy,"Size:8,10,12,16",Rs.,2299,1149,50% off,Westernwear-Women
and,AND275,AND275 - Westernwear-Women,floral v-neck womens peplum top - blue mix light,Size:8,Rs.,1899,949,50% off,Westernwear-Women
and,AND276,AND276 - Westernwear-Women,floral polyester square neck womens peplum top - sage,Size:8,Rs.,1999,1399,30% off,Westernwear-Women
and,AND277,AND277 - Westernwear-Women,solid cotton round neck womens dress - white,"Size:8,10,12,16",Rs.,8.9,2499,10% off,Westernwear-Women
and,AND278,AND278 - Westernwear-Women,striped v-neck cotton blend womens straight dress - black mix,Size:8,Rs.,2499,1249,50% off,Westernwear-Women
and,AND279,AND279 - Westernwear-Women,floral rayon collar neck womens straight dress - white,"Size:8,10,12,14,16",Rs.,2699,2159,20% off,Westernwear-Women
and,AND280,AND280 - Westernwear-Women,striped v-neck polyester womens dress - multi,"Size:8,10,12,14,16",Rs.,2799,1399,50% off,Westernwear-Women
and,AND281,AND281 - Westernwear-Women,stripes cotton collar neck womens straight top - blue,"Size:8,10,12,14,16",Rs.,1699,1359,20% off,Westernwear-Women
and,AND282,AND282 - Westernwear-Women,solid viscose rayon mandarin collar womens straight top - sage,Size:8,Rs.,1799,899,50% off,Westernwear-Women
and,AND283,AND283 - Westernwear-Women,solid cotton round neck womens regular dress - multi,Size:10,Rs.,2799,1959,30% off,Westernwear-Women
and,AND284,AND284 - Westernwear-Women,checks round neck polyester womens flared dress - grey,"Size:8,10,12,14,16,18",Rs.,2499,1249,50% off,Westernwear-Women
and,AND285,AND285 - Westernwear-Women,floral linen v-neck womens straight top - lemon,Size:8,Rs.,1899,949,50% off,Westernwear-Women
and,AND286,AND286 - Westernwear-Women,floral polyester collar neck womens top - mint,Size:14,Rs.,1999,999,50% off,Westernwear-Women
and,AND287,AND287 - Westernwear-Women,solid polyester round neck womens straight top - navy,"Size:8,10,18",Rs.,2799,1399,50% off,Westernwear-Women
and,AND288,AND288 - Westernwear-Women,stripes v-neck womens fit & flare top - pink,Size:8,Rs.,1699,849,50% off,Westernwear-Women
and,AND289,AND289 - Westernwear-Women,self design rayon shirt collar womens woven top - blue,"Size:8,10,12,14,16",Rs.,1899,949,50% off,Westernwear-Women
and,AND290,AND290 - Westernwear-Women,solid acrylic round neck womens straight top - black,"Size:10,12,14",Rs.,3299,1649,50% off,Westernwear-Women
and,AND291,AND291 - Westernwear-Women,solid viscose womens regular jumpsuits - pink,"Size:8,10,12,14",Rs.,3099,2479,20% off,Westernwear-Women
and,AND292,AND292 - Westernwear-Women,stripes viscose collar neck womens regular top - blue mix light,"Size:8,10,12,14,16",Rs.,2099,1679,20% off,Westernwear-Women
and,AND293,AND293 - Westernwear-Women,printed viscose round neck womens top - peach,"Size:8,10,12,14,16,18",Rs.,2499,1249,50% off,Westernwear-Women
and,AND294,AND294 - Westernwear-Women,solid straight rayon women work wear trouser - blue mix light,"Size:26,28,30,32,34,36",Rs.,8.9,2299,10% off,Westernwear-Women
and,AND295,AND295 - Westernwear-Women,solid collar neck viscose womens flared dresses - yellow,"Size:8,10,12,14,16,18",Rs.,2499,1999,20% off,Westernwear-Women
and,AND296,AND296 - Westernwear-Women,polka dots round neck cotton womens shift top - blue,Size:16,Rs.,1499,749,50% off,Westernwear-Women
and,AND297,AND297 - Westernwear-Women,stripes v-neck rayon womens regular top - multi,"Size:8,10,12,14",Rs.,2099,1679,20% off,Westernwear-Women
and,AND298,AND298 - Westernwear-Women,abstract polyester v-neck womens peplum top - natural,"Size:8,10,14",Rs.,1699,849,50% off,Westernwear-Women
and,AND299,AND299 - Westernwear-Women,floral linen square neck womens straight top - white,"Size:8,10,12,14,16,18",Rs.,2299,1839,20% off,Westernwear-Women
and,AND300,AND300 - Westernwear-Women,floral off shoulder viscose womens knee length dress - red,"Size:8,10,12,14",Rs.,1799,899,50% off,Westernwear-Women
and,AND301,AND301 - Westernwear-Women,solid nylon boat neck womens straight top - black,"Size:8,10,12,14,16",Rs.,2299,1839,20% off,Westernwear-Women
and,AND302,AND302 - Westernwear-Women,solid polyester v- neck women regular top - orange,"Size:8,10,12,14,16,18",Rs.,1699,1189,30% off,Westernwear-Women
and,AND303,AND303 - Westernwear-Women,solid cotton round neck womens straight top - lilac,"Size:8,10,12,14,16,18",Rs.,1399,1119,20% off,Westernwear-Women
and,AND304,AND304 - Westernwear-Women,solid cotton round neck womens regular gown - sage,Size:12,Rs.,4499,3149,30% off,Westernwear-Women
and,AND305,AND305 - Westernwear-Women,womens regular fit striped jumpsuit - brown mix,Size:8,Rs.,2999,1499,50% off,Westernwear-Women
and,AND306,AND306 - Westernwear-Women,solid polyester round neck womens casual jacket - blue mix light,"Size:8,10,12,14",Rs.,4299,2149,50% off,Westernwear-Women
and,AND307,AND307 - Westernwear-Women,self design viscose shirt collar womens peplum top - lemon,"Size:8,14,16",Rs.,1699,849,50% off,Westernwear-Women
and,AND308,AND308 - Westernwear-Women,solid viscose v neck womens straight dress - sage,"Size:8,10,12,14,16,18",Rs.,2699,2159,20% off,Westernwear-Women
and,AND309,AND309 - Westernwear-Women,floral polyester round neck womens straight top - pink,"Size:8,10,12,14,16,18",Rs.,1599,1279,20% off,Westernwear-Women
and,AND310,AND310 - Westernwear-Women,floral polyester round neck womens fit and flare top - multi,Size:8,Rs.,1899,949,50% off,Westernwear-Women
and,AND311,AND311 - Westernwear-Women,womens regular fit solid top - marine green,Size:16,Rs.,1799,899,50% off,Westernwear-Women
and,AND312,AND312 - Westernwear-Women,solid polyester v neck womens a line top - rust,"Size:8,10",Rs.,1699,1189,30% off,Westernwear-Women
and,AND313,AND313 - Westernwear-Women,floral round neck polyester women flared gown - blue mix light,"Size:8,10",Rs.,8.9,4499,10% off,Westernwear-Women
and,AND314,AND314 - Westernwear-Women,stripes rayon square neck womens a-line set - blue,Size:8,Rs.,2699,1889,30% off,Westernwear-Women
and,AND315,AND315 - Westernwear-Women,solid v neck rayon womens straight fit midi dress - yellow,Size:8,Rs.,1799,899,50% off,Westernwear-Women
and,AND316,AND316 - Westernwear-Women,solid polyester v-neck womens top - red,Size:8,Rs.,1699,849,50% off,Westernwear-Women
and,AND317,AND317 - Westernwear-Women,solid viscose collar neck womens straight top - black,"Size:8,10",Rs.,2299,1149,50% off,Westernwear-Women
and,AND318,AND318 - Westernwear-Women,floral polyester round neck womens straight top - blue mix light,Size:8,Rs.,1999,999,50% off,Westernwear-Women
and,AND319,AND319 - Westernwear-Women,solid round neck polyester women flared gown - pink mix,"Size:8,10,12,14,16",Rs.,4999,3999,20% off,Westernwear-Women
and,AND320,AND320 - Westernwear-Women,printed polyester v-neck womens cropped top - pink,"Size:8,10,12,14,16",Rs.,1899,1519,20% off,Westernwear-Women
and,AND321,AND321 - Westernwear-Women,abstract polyester v-neck womens peplum top - blue,"Size:8,10,16",Rs.,1499,749,50% off,Westernwear-Women
and,AND322,AND322 - Westernwear-Women,solid v-neck polyester womens casual dress - black,"Size:8,10,12,14",Rs.,2699,1889,30% off,Westernwear-Women
and,AND323,AND323 - Westernwear-Women,floral round neck rayon womens shift dress - ecru,"Size:8,14,16,18",Rs.,2899,1449,50% off,Westernwear-Women
and,AND324,AND324 - Westernwear-Women,solid collar neck rayon womens regular fit top - blue,"Size:8,10",Rs.,1699,849,50% off,Westernwear-Women
and,AND325,AND325 - Westernwear-Women,solid high neck polyester womens casual dress - lilac,Size:16,Rs.,1899,949,50% off,Westernwear-Women
and,AND326,AND326 - Westernwear-Women,floral viscose boat neck womens flared dress - mint,"Size:6,8,10,12,14,16",Rs.,2099,1679,20% off,Westernwear-Women
and,AND327,AND327 - Westernwear-Women,solid polyester round neck womens straight top - cream,"Size:10,12",Rs.,1699,1359,20% off,Westernwear-Women
and,AND328,AND328 - Westernwear-Women,solid collar neck viscose womens regular fit top - cream,"Size:8,10,12,14,16,18",Rs.,2899,1449,50% off,Westernwear-Women
and,AND329,AND329 - Westernwear-Women,solid polyester v-neck womens fit and flare top - black,"Size:8,10,12",Rs.,1899,949,50% off,Westernwear-Women
and,AND330,AND330 - Westernwear-Women,solid linen shirt collar womens tie-ups top - black,"Size:14,16",Rs.,1899,949,50% off,Westernwear-Women
and,AND331,AND331 - Westernwear-Women,striped viscose shirt collar womens straight top - white,"Size:8,10,16",Rs.,1699,849,50% off,Westernwear-Women
and,AND332,AND332 - Westernwear-Women,solid full sleeves rayon womens regular jumpsuits - peach,Size:14,Rs.,4299,2149,50% off,Westernwear-Women
and,AND333,AND333 - Westernwear-Women,solid cotton round neck womens straight top - blue,"Size:8,10,12,14,16,18",Rs.,1399,1119,20% off,Westernwear-Women
and,AND334,AND334 - Westernwear-Women,womens regular fit solid trousers - navy,Size:26,Rs.,1799,899,50% off,Westernwear-Women
and,AND335,AND335 - Westernwear-Women,stripes mandarin collar womens a-line top - yellow,"Size:8,10,14",Rs.,1899,949,50% off,Westernwear-Women
and,AND336,AND336 - Westernwear-Women,solid viscose square neck women regular tops - pink mix,"Size:8,10,12,14,16,18",Rs.,2499,1249,50% off,Westernwear-Women
and,AND337,AND337 - Westernwear-Women,solid polyester boat neck womens straight top - red,"Size:8,10,12,14,16,18",Rs.,1899,1519,20% off,Westernwear-Women
and,AND338,AND338 - Westernwear-Women,solid v neck polyester womens wrap dress - black,"Size:8,10,12,14,16",Rs.,2699,2159,20% off,Westernwear-Women
and,AND339,AND339 - Westernwear-Women,solid boat neck womens a-line top - lemon,"Size:8,10,14",Rs.,1299,649,50% off,Westernwear-Women
and,AND340,AND340 - Westernwear-Women,checked square neck cotton womens evening dress - green,"Size:8,10,12,16",Rs.,1899,949,50% off,Westernwear-Women
and,AND341,AND341 - Westernwear-Women,solid cotton collar neck women regular top - mid blue,Size:16,Rs.,2499,1249,50% off,Westernwear-Women
and,AND342,AND342 - Westernwear-Women,solid v neck polyester womens midi dress - multi,"Size:6,8,10,12,14,16",Rs.,8.9,2499,10% off,Westernwear-Women
and,AND343,AND343 - Westernwear-Women,solid boat neck viscose womens regular fit top - grey,"Size:8,10,14,16,18",Rs.,2699,1349,50% off,Westernwear-Women
and,AND344,AND344 - Westernwear-Women,checks boat neck polyester womens flared dress - blue,"Size:8,10,12,14,16",Rs.,2299,1839,20% off,Westernwear-Women
and,AND345,AND345 - Westernwear-Women,solid collar neck linen womens regular dress - wine,"Size:8,10,12,14,16,18",Rs.,2899,2319,20% off,Westernwear-Women
and,AND346,AND346 - Westernwear-Women,solid choker neck womens a-line top - pink,Size:8,Rs.,1299,649,50% off,Westernwear-Women
and,AND347,AND347 - Westernwear-Women,womens fit and flare v neck printed midi dress - mullet,Size:16,Rs.,2999,1199,60% off,Westernwear-Women
and,AND348,AND348 - Westernwear-Women,printed polyester round neck womens blouson top - blue mix light,Size:8,Rs.,1799,1439,20% off,Westernwear-Women
and,AND349,AND349 - Westernwear-Women,solid v-neck womens fit & flare top - black,"Size:8,10,14,16",Rs.,1499,749,50% off,Westernwear-Women
and,AND350,AND350 - Westernwear-Women,womens sheath fit v neck check flared jumpsuit - black,"Size:14,16",Rs.,2499,999,60% off,Westernwear-Women
and,AND351,AND351 - Westernwear-Women,solid polyester round neck womens straight top - peach,"Size:8,10,12",Rs.,2499,1249,50% off,Westernwear-Women
and,AND352,AND352 - Westernwear-Women,regular calf length viscose womens fusion wear skirts - white,"Size:24,26,28,30,32",Rs.,1899,1519,20% off,Westernwear-Women
and,AND353,AND353 - Westernwear-Women,solid v- neck viscose women wrap dress - pink,"Size:8,10,12,14,16",Rs.,2499,1749,30% off,Westernwear-Women
and,AND354,AND354 - Westernwear-Women,solid polyester key hole neck womens a-line top - teal,Size:8,Rs.,1499,749,50% off,Westernwear-Women
and,AND355,AND355 - Westernwear-Women,solid cotton straight fit womens trousers - grey,"Size:26,28,30,32,34,36",Rs.,8.9,2699,10% off,Westernwear-Women
and,AND356,AND356 - Westernwear-Women,solid straight rayon women work wear trouser - black,"Size:26,28,30,32,34",Rs.,8.9,1799,10% off,Westernwear-Women
and,AND357,AND357 - Westernwear-Women,solid tie up neck polyester womens fit & flare dress - black,"Size:14,16",Rs.,1899,949,50% off,Westernwear-Women
and,AND358,AND358 - Westernwear-Women,solid polyester collar neck womens regular top - maroon,"Size:8,10,12,14,16",Rs.,1399,909,35% off,Westernwear-Women
and,AND359,AND359 - Westernwear-Women,solid cotton round neck womens straight top - powder blue,"Size:8,10,12,14,16,18",Rs.,1399,1119,20% off,Westernwear-Women
and,AND360,AND360 - Westernwear-Women,solid off shoulder viscose womens regular fit midi dress - sage,Size:14,Rs.,2399,1199,50% off,Westernwear-Women
and,AND361,AND361 - Westernwear-Women,solid chiffon round neck womens ethnic set - black,"Size:10,12,14",Rs.,3699,2589,30% off,Westernwear-Women
and,AND362,AND362 - Westernwear-Women,solid linen womens top - dark blue,"Size:8,10,12,14",Rs.,2199,1099,50% off,Westernwear-Women
and,AND363,AND363 - Westernwear-Women,floral round neck rayon womens casual dress - white,"Size:8,10,12,14,16,18",Rs.,3099,1549,50% off,Westernwear-Women
and,AND364,AND364 - Westernwear-Women,solid v- neck polyester women shift dress - emerald,"Size:8,10",Rs.,2299,1149,50% off,Westernwear-Women
and,AND365,AND365 - Westernwear-Women,solid cotton v- neck women regular top - sage,"Size:10,14",Rs.,1699,849,50% off,Westernwear-Women
and,AND366,AND366 - Westernwear-Women,solid tencel collar neck womens straight top - black,"Size:8,12",Rs.,1899,1329,30% off,Westernwear-Women
and,AND367,AND367 - Westernwear-Women,solid polyester collar neck womens straight dress - wine,"Size:8,10",Rs.,2499,1624,35% off,Westernwear-Women
and,AND368,AND368 - Westernwear-Women,solid cotton round neck womens regular dress - red,"Size:8,10,12,14",Rs.,2099,1889,10% off,Westernwear-Women
and,AND369,AND369 - Westernwear-Women,floral polyester round neck women blouson top - green,"Size:8,10,12,14,16",Rs.,1699,1189,30% off,Westernwear-Women
and,AND370,AND370 - Westernwear-Women,floral round neck polyester womens straight top - white,"Size:8,10,16",Rs.,2299,1839,20% off,Westernwear-Women
and,AND371,AND371 - Westernwear-Women,solid polyester round neck womens regular fit top - wine,Size:8,Rs.,1899,949,50% off,Westernwear-Women
and,AND372,AND372 - Westernwear-Women,solid polyester square neck womens regular gown - blue mix light,"Size:14,16",Rs.,2799,1959,30% off,Westernwear-Women
and,AND373,AND373 - Westernwear-Women,solid tie up neck polyester womens fit & flare dress - pink mix,"Size:14,16",Rs.,1899,949,50% off,Westernwear-Women
and,AND374,AND374 - Westernwear-Women,floral full sleeves viscose women calf length jumpsuits - blue,"Size:8,12,14",Rs.,3299,2144,35% off,Westernwear-Women
and,AND375,AND375 - Westernwear-Women,solid cotton round neck womens fit and flare top - pink,"Size:6,8",Rs.,1299,649,50% off,Westernwear-Women
and,AND376,AND376 - Westernwear-Women,solid round neck viscose womens straight top - yellow,"Size:6,8,10,12,14,16",Rs.,1699,1359,20% off,Westernwear-Women
and,AND377,AND377 - Westernwear-Women,solid sleeveless linen womens full length jumpsuit - black mix,"Size:8,10,12",Rs.,3499,2274,35% off,Westernwear-Women
and,AND378,AND378 - Westernwear-Women,stripes cotton square neck womens top - blue,"Size:8,10,12,14,16,18",Rs.,8.9,2299,10% off,Westernwear-Women
and,AND379,AND379 - Westernwear-Women,solid polyester collar neck womens straight top - yellow,"Size:8,10,12,14,16,18",Rs.,1099,879,20% off,Westernwear-Women
and,AND380,AND380 - Westernwear-Women,solid collar neck polyester women shift dress - pink,"Size:8,12",Rs.,2899,1449,50% off,Westernwear-Women
and,AND381,AND381 - Westernwear-Women,solid rayon shirt collar womens woven top - lemon,"Size:8,14,16",Rs.,1699,849,50% off,Westernwear-Women
and,AND382,AND382 - Westernwear-Women,solid cotton round neck womens dress - sage,"Size:8,10,12,14,16",Rs.,8.9,2499,10% off,Westernwear-Women
and,AND383,AND383 - Westernwear-Women,floral round neck rayon womens wrap dress - sage,"Size:8,12,14",Rs.,2899,1449,50% off,Westernwear-Women
and,AND384,AND384 - Westernwear-Women,floral square neck womens a-line top - white,Size:16,Rs.,1899,949,50% off,Westernwear-Women
and,AND385,AND385 - Westernwear-Women,floral linen womens straight jumpsuits - pink,"Size:6,8,10,12,14",Rs.,4899,3919,20% off,Westernwear-Women
and,AND386,AND386 - Westernwear-Women,solid viscose round neck womens cropped top - coral,"Size:8,12,14",Rs.,1699,1189,30% off,Westernwear-Women
and,AND387,AND387 - Westernwear-Women,solid viscose square neck women regular top - burgundy,"Size:8,10,16,18",Rs.,2299,1149,50% off,Westernwear-Women
and,AND388,AND388 - Westernwear-Women,solid viscose collar neck womens regular top - sage,"Size:8,10,12,14,16,18",Rs.,1899,1519,20% off,Westernwear-Women
and,AND389,AND389 - Westernwear-Women,self pattern cotton  women's casual wear pants - grey,"Size:28,30,32,34,36",Rs.,2499,1999,20% off,Westernwear-Women
and,AND390,AND390 - Westernwear-Women,solid v-neck polyester womens fit & flare dress - peach,"Size:8,10,12,14,16",Rs.,2499,1249,50% off,Westernwear-Women
and,AND391,AND391 - Westernwear-Women,striped straight fit viscose womens casual wear trousers - black mix,"Size:26,30",Rs.,1699,849,50% off,Westernwear-Women
and,AND392,AND392 - Westernwear-Women,floral polyester boat neck womens straight gown - pink mix,Size:8,Rs.,4499,3599,20% off,Westernwear-Women
and,AND393,AND393 - Westernwear-Women,womens v- neck floral top - blue,Size:16,Rs.,999,499,50% off,Westernwear-Women
and,AND394,AND394 - Westernwear-Women,self design cotton shirt collar womens woven top - light blue,"Size:8,10,12,14,16",Rs.,2299,1149,50% off,Westernwear-Women
and,AND395,AND395 - Westernwear-Women,self pattern cotton  women's casual wear pants - ice blue,"Size:28,30,32,34,36",Rs.,2499,1999,20% off,Westernwear-Women
and,AND396,AND396 - Westernwear-Women,floral round neck polyester womens jacket - cream,"Size:8,10,12,14,16,18",Rs.,4199,2099,50% off,Westernwear-Women
and,AND397,AND397 - Westernwear-Women,womens a line fit key hole neck stripe embroidered midi dress - blue,Size:8,Rs.,2799,1399,50% off,Westernwear-Women
and,AND398,AND398 - Westernwear-Women,floral polyester v-neck womens asymmetric top - pink,"Size:8,12,16",Rs.,1999,999,50% off,Westernwear-Women
and,AND399,AND399 - Westernwear-Women,floral v- neck polyester women flared dress - blue mix light,Size:8,Rs.,3499,2449,30% off,Westernwear-Women
and,AND400,AND400 - Westernwear-Women,solid cotton round neck womens dress - white,"Size:8,10,12,14,16,18",Rs.,8.9,2699,10% off,Westernwear-Women
and,AND401,AND401 - Westernwear-Women,womens notched neck striped asymmetrical dress - yellow,Size:8,Rs.,2999,1499,50% off,Westernwear-Women
and,AND402,AND402 - Westernwear-Women,solid shirt collar womens a-line top - lilac,"Size:8,10",Rs.,1699,849,50% off,Westernwear-Women
and,AND403,AND403 - Westernwear-Women,womens regular fit solid dress - natural,Size:8,Rs.,3499,1749,50% off,Westernwear-Women
and,AND404,AND404 - Westernwear-Women,self design round neck nylon womens party dress - black,"Size:8,10,18",Rs.,3799,2659,30% off,Westernwear-Women
and,AND405,AND405 - Westernwear-Women,striped shirt collar womens woven top - black mix,"Size:8,10,14",Rs.,1999,999,50% off,Westernwear-Women
and,AND406,AND406 - Westernwear-Women,solid round neck polyester womens shift dress - blue,"Size:8,10,12,14,16,18",Rs.,2499,1249,50% off,Westernwear-Women
and,AND407,AND407 - Westernwear-Women,self design cotton womens calf length dress - pink,Size:10,Rs.,2399,1199,50% off,Westernwear-Women
and,AND408,AND408 - Westernwear-Women,womens linen shirt collar dresses - navy,Size:8,Rs.,2999,1499,50% off,Westernwear-Women
and,AND409,AND409 - Westernwear-Women,floral polyester square neck womens regular fit top - multi,Size:16,Rs.,1799,899,50% off,Westernwear-Women
and,AND410,AND410 - Westernwear-Women,checked cotton boat neck womens top - coral,"Size:8,10,12,14,16,18",Rs.,1899,949,50% off,Westernwear-Women
and,AND411,AND411 - Westernwear-Women,striped square neck cotton womens crop length dress - black,"Size:8,10,12,14",Rs.,2399,1199,50% off,Westernwear-Women
and,AND412,AND412 - Westernwear-Women,self pattern cotton  women's casual wear pants - black,"Size:26,28,30,32,34,36",Rs.,2299,1379,40% off,Westernwear-Women
and,AND413,AND413 - Westernwear-Women,floral v- neck polyester women flared gown - sage,Size:8,Rs.,3099,2169,30% off,Westernwear-Women
and,AND414,AND414 - Westernwear-Women,solid polyester round neck women a line top - sage,"Size:8,10",Rs.,1899,1329,30% off,Westernwear-Women
and,AND415,AND415 - Westernwear-Women,floral round neck polyester women shift dress - grey,"Size:8,10",Rs.,3299,1649,50% off,Westernwear-Women
and,AND416,AND416 - Westernwear-Women,womens viscose rayon round neck striped dresses - black,"Size:20,22",Rs.,8.9,2999,10% off,Westernwear-Women
and,AND417,AND417 - Westernwear-Women,floral v-neck polyester womens casual dress - mint,Size:8,Rs.,3499,1749,50% off,Westernwear-Women
and,AND418,AND418 - Westernwear-Women,solid polyester collar neck womens straight top - lilac,"Size:8,10,12,14,16,18",Rs.,1099,879,20% off,Westernwear-Women
and,AND419,AND419 - Westernwear-Women,womens solid shirt collar fit and flare jacket - blue,Size:18,Rs.,2599,1299,50% off,Westernwear-Women
and,AND420,AND420 - Westernwear-Women,floral polyester v neck womens regular dress - blue,"Size:8,10,12,14,16,18",Rs.,2699,2159,20% off,Westernwear-Women
and,AND421,AND421 - Westernwear-Women,womens mandarin collar floral top - blue,Size:8,Rs.,1999,999,50% off,Westernwear-Women
and,AND422,AND422 - Westernwear-Women,womens shirt type fit v neck stripe top - pink,Size:18,Rs.,1499,749,50% off,Westernwear-Women
and,AND423,AND423 - Westernwear-Women,floral v-neck womens shift dress - blue mix light,"Size:10,12,14,16",Rs.,2499,1249,50% off,Westernwear-Women
and,AND424,AND424 - Westernwear-Women,women solid work sheath bottom - khaki,Size:26,Rs.,1999,999,50% off,Westernwear-Women
and,AND425,AND425 - Westernwear-Women,solid collar neck polyester women flared dress - red,"Size:8,16",Rs.,3099,2169,30% off,Westernwear-Women
and,AND426,AND426 - Westernwear-Women,solid polyester square neck women a line tops - black,"Size:8,10,12,14,16,18",Rs.,1199,839,30% off,Westernwear-Women
and,AND427,AND427 - Westernwear-Women,solid round neck polyester womens fit & flare dress - sage,"Size:8,10,12,14",Rs.,2199,1099,50% off,Westernwear-Women
and,AND428,AND428 - Westernwear-Women,solid round neck polyester women shift dress - purple,"Size:8,10,12,14",Rs.,2499,1249,50% off,Westernwear-Women
and,AND429,AND429 - Westernwear-Women,solid viscose v neck womens straight top - lilac,"Size:6,8,10,12,14,16",Rs.,1399,1119,20% off,Westernwear-Women
and,AND430,AND430 - Westernwear-Women,solid cotton straight fit womens fusion trousers - black,"Size:26,28,30,32,34,36",Rs.,8.9,2699,10% off,Westernwear-Women
and,AND431,AND431 - Westernwear-Women,solid cotton round neck womens regular dress - cream,"Size:8,16",Rs.,2699,2429,10% off,Westernwear-Women
and,AND432,AND432 - Westernwear-Women,self design regular fit womens casual wear trousers - mid blue,"Size:28,30,32,34",Rs.,2799,2239,20% off,Westernwear-Women
and,AND433,AND433 - Westernwear-Women,solid linen mandarin womens regular fit top - natural,Size:8,Rs.,1899,949,50% off,Westernwear-Women
and,AND434,AND434 - Westernwear-Women,striped polyester collar neck womens regular fit top - white,"Size:10,12",Rs.,1799,899,50% off,Westernwear-Women
and,AND435,AND435 - Westernwear-Women,solid linen shirt collar womens a-line top - mid blue,"Size:8,10,12,14",Rs.,2399,1199,50% off,Westernwear-Women
and,AND436,AND436 - Westernwear-Women,checks viscose square neck womens cropped top - sage,Size:14,Rs.,1699,1189,30% off,Westernwear-Women
and,AND437,AND437 - Westernwear-Women,solid mandarin collar linen womens casual dress - white,Size:14,Rs.,2699,1349,50% off,Westernwear-Women
and,AND438,AND438 - Westernwear-Women,solid straight linen womens fusion wear trousers - black,"Size:26,28,30,32,34,36",Rs.,8.9,2299,10% off,Westernwear-Women
and,AND439,AND439 - Westernwear-Women,solid v-neck viscose womens straight top - sage,"Size:8,10,12,14,16,18",Rs.,8.9,1399,10% off,Westernwear-Women
and,AND440,AND440 - Westernwear-Women,regular fit cotton womens casual pants - mid blue,"Size:26,28,30,32,34,36",Rs.,8.9,2699,10% off,Westernwear-Women
and,AND441,AND441 - Westernwear-Women,self design choker neck cotton womens calf length dress - black mix,Size:8,Rs.,3099,1549,50% off,Westernwear-Women
and,AND442,AND442 - Westernwear-Women,floral round neck linen womens straight dress - white,"Size:14,16",Rs.,3099,1549,50% off,Westernwear-Women
and,AND443,AND443 - Westernwear-Women,womens self pattern straight bottoms - black,"Size:26,30,32",Rs.,2299,1379,40% off,Westernwear-Women
and,AND444,AND444 - Westernwear-Women,solid viscose round neck womens straight dress - black,"Size:8,10,12,14",Rs.,2699,1349,50% off,Westernwear-Women
and,AND445,AND445 - Westernwear-Women,womens shirt type fit v neck stripe top - olive,Size:8,Rs.,1999,999,50% off,Westernwear-Women
and,AND446,AND446 - Westernwear-Women,solid skinny fit cotton womens trousers - black,"Size:26,28,30",Rs.,1799,899,50% off,Westernwear-Women
and,AND447,AND447 - Westernwear-Women,solid boat neck viscose womens regular fit top - ink blue,"Size:8,10,12,14,16,18",Rs.,2699,1349,50% off,Westernwear-Women
and,AND448,AND448 - Westernwear-Women,solid v- neck polyester women flared gown - wine,"Size:8,10,12,14,16",Rs.,4699,3759,20% off,Westernwear-Women
and,AND449,AND449 - Westernwear-Women,floral collar neck viscose women a line dress - multi,"Size:8,16",Rs.,2299,1149,50% off,Westernwear-Women
and,AND450,AND450 - Westernwear-Women,solid cotton round neck womens regular dress - navy,"Size:8,10,12,14",Rs.,2899,2319,20% off,Westernwear-Women
and,AND451,AND451 - Westernwear-Women,solid v-neck womens peplum top - yellow,"Size:8,10,12",Rs.,1499,749,50% off,Westernwear-Women
and,AND452,AND452 - Westernwear-Women,striped rayon round neck womens regular fit top - yellow,Size:8,Rs.,1999,999,50% off,Westernwear-Women
and,AND453,AND453 - Westernwear-Women,solid cotton round neck womens top - purple,"Size:8,10",Rs.,1899,1519,20% off,Westernwear-Women
and,AND454,AND454 - Westernwear-Women,solid viscose square neck women regular top - black,"Size:8,10,16,18",Rs.,2299,1149,50% off,Westernwear-Women
and,AND455,AND455 - Westernwear-Women,solid cotton round neck womens regular dress - multi,"Size:8,10,12,14,16,18",Rs.,2699,2429,10% off,Westernwear-Women
and,AND456,AND456 - Westernwear-Women,floral rayon square neck womens a-line top - black,"Size:10,12,14,16",Rs.,1399,699,50% off,Westernwear-Women
and,AND457,AND457 - Westernwear-Women,self pattern v neck nylon womens regular fit midi dress - navy,Size:8,Rs.,2899,1449,50% off,Westernwear-Women
and,AND458,AND458 - Westernwear-Women,solid cotton round neck womens regular dress - red,Size:8,Rs.,2499,2249,10% off,Westernwear-Women
and,AND459,AND459 - Westernwear-Women,womens regular fit striped top - red mix,"Size:14,16",Rs.,1899,949,50% off,Westernwear-Women
and,AND460,AND460 - Westernwear-Women,womens regular fit striped dress - red mix,Size:12,Rs.,2499,1249,50% off,Westernwear-Women
and,AND461,AND461 - Westernwear-Women,solid cotton round neck womens regular dress - multi,"Size:8,10,12,14,16",Rs.,2699,2429,10% off,Westernwear-Women
and,AND462,AND462 - Westernwear-Women,floral linen v-neck womens straight fit top - off white,Size:16,Rs.,1799,899,50% off,Westernwear-Women
and,AND463,AND463 - Westernwear-Women,womens stripes shirt collar dress - black,Size:8,Rs.,3299,1319,60% off,Westernwear-Women
and,AND464,AND464 - Westernwear-Women,floral polyester round neck women a line top - sage,Size:8,Rs.,1799,1259,30% off,Westernwear-Women
and,AND465,AND465 - Westernwear-Women,solid tapered polyester women work wear trouser - navy,"Size:26,28,30,32,34",Rs.,2499,1624,35% off,Westernwear-Women
and,AND466,AND466 - Westernwear-Women,floral polyester women flared dress - lilac,"Size:8,10,12,14,16",Rs.,2299,1609,30% off,Westernwear-Women
and,AND467,AND467 - Westernwear-Women,polka dots v-neck womens a-line top - blue mix light,Size:8,Rs.,1699,849,50% off,Westernwear-Women
and,AND468,AND468 - Westernwear-Women,floral round neck polyester womens evening dress - multi,Size:8,Rs.,4999,3249,35% off,Westernwear-Women
and,AND469,AND469 - Westernwear-Women,solid polyester square neck women straight tops - blue mix light,"Size:12,16",Rs.,1499,1049,30% off,Westernwear-Women
and,AND470,AND470 - Westernwear-Women,solid polyester tie up neck womens a-line top - orange,Size:8,Rs.,1699,849,50% off,Westernwear-Women
and,AND471,AND471 - Westernwear-Women,stripes shirt collar womens jacket - navy,"Size:10,16,18",Rs.,2499,1249,50% off,Westernwear-Women
and,AND472,AND472 - Westernwear-Women,solid viscose collar neck women regular top - peach,Size:8,Rs.,1899,1329,30% off,Westernwear-Women
and,AND473,AND473 - Westernwear-Women,self design v-neck womens peplum top - gold,"Size:8,10",Rs.,1799,899,50% off,Westernwear-Women
and,AND474,AND474 - Westernwear-Women,solid tapered fit rayon womens trousers - navy,"Size:26,28,30,32,34,36",Rs.,8.9,1999,10% off,Westernwear-Women
and,AND475,AND475 - Westernwear-Women,floral polyester one shoulder womens woven top - multi,Size:14,Rs.,1299,909,30% off,Westernwear-Women
and,AND476,AND476 - Westernwear-Women,womens solid embroidered mandarin collar fit and flare gown - lilac,Size:20,Rs.,8.9,4999,10% off,Westernwear-Women
and,AND477,AND477 - Westernwear-Women,solid polyester square neck womens straight top - lilac,Size:8,Rs.,1699,849,50% off,Westernwear-Women
and,AND478,AND478 - Westernwear-Women,striped viscose shirt collar womens woven top - blue,"Size:14,16",Rs.,1499,749,50% off,Westernwear-Women
and,AND479,AND479 - Westernwear-Women,solid polyester v- neck women a line tops - sage,"Size:8,10,14,16",Rs.,1699,1189,30% off,Westernwear-Women
and,AND480,AND480 - Westernwear-Women,stripes cotton collar neck womens regular top - yellow,"Size:8,10,12,14,16,18",Rs.,1899,1519,20% off,Westernwear-Women
and,AND481,AND481 - Westernwear-Women,solid straight rayon women work wear trouser - navy,"Size:26,28,30,32,34",Rs.,8.9,1799,10% off,Westernwear-Women
and,AND482,AND482 - Westernwear-Women,solid tapered polyester women work wear trouser - black mix,"Size:26,28,30,32,34,36",Rs.,2299,1609,30% off,Westernwear-Women
and,AND483,AND483 - Westernwear-Women,floral v neck polyester womens midi dress - sage,Size:8,Rs.,2199,1099,50% off,Westernwear-Women
and,AND484,AND484 - Westernwear-Women,tie and dye polyester halter neck womens regular dress - blue mix light,"Size:8,10,12,14",Rs.,2699,2159,20% off,Westernwear-Women
and,AND485,AND485 - Westernwear-Women,solid polyester shirt collar women's formal wear tops - black,Size:10,Rs.,1899,949,50% off,Westernwear-Women
and,AND486,AND486 - Westernwear-Women,floral square neck polyester womens casual dress - pink,Size:10,Rs.,2299,1609,30% off,Westernwear-Women
and,AND487,AND487 - Westernwear-Women,solid v-neck nylon womens evening dress - navy,"Size:8,10,12",Rs.,2999,1499,50% off,Westernwear-Women
and,AND488,AND488 - Westernwear-Women,floral square neck rayon womens workwear dress - emerald,"Size:8,10",Rs.,2699,1889,30% off,Westernwear-Women
and,AND489,AND489 - Westernwear-Women,solid cotton choker neck womens a-line top - white,"Size:8,10",Rs.,1299,909,30% off,Westernwear-Women
and,AND490,AND490 - Westernwear-Women,stripes collar neck cotton womens regular fit top - light blue,Size:8,Rs.,2499,1749,30% off,Westernwear-Women
and,AND491,AND491 - Westernwear-Women,floral choker neck polyester womens evening dress - green,Size:8,Rs.,3099,2169,30% off,Westernwear-Women
and,AND492,AND492 - Westernwear-Women,solid regular fit cotton womens shorts - white,"Size:26,28,30,32",Rs.,8.9,1899,10% off,Westernwear-Women
and,AND493,AND493 - Westernwear-Women,solid viscose round neck women regular tops - black mix,"Size:10,12",Rs.,2199,1099,50% off,Westernwear-Women
and,AND494,AND494 - Westernwear-Women,solid straight cotton womens fusion wear trousers - indigo,"Size:26,28,30,32,34,36",Rs.,8.9,2699,10% off,Westernwear-Women
and,AND495,AND495 - Westernwear-Women,polka dots polyester shirt collar womens a-line top - green mix,"Size:8,10",Rs.,1899,949,50% off,Westernwear-Women
and,AND496,AND496 - Westernwear-Women,solid round neck polyester women flared gown - black,"Size:8,10",Rs.,4499,3599,20% off,Westernwear-Women
and,AND497,AND497 - Westernwear-Women,floral v-neck womens woven top - off white,Size:16,Rs.,2099,1469,30% off,Westernwear-Women
and,AND498,AND498 - Westernwear-Women,floral square neck polyester women flared dress - sage,Size:8,Rs.,3099,2169,30% off,Westernwear-Women
and,AND499,AND499 - Westernwear-Women,printed collar neck viscose womens flared dress - black,Size:8,Rs.,2699,1889,30% off,Westernwear-Women
and,AND500,AND500 - Westernwear-Women,solid boat neck viscose womens regular fit top - teal,"Size:8,10,12,14,16,18",Rs.,2699,1349,50% off,Westernwear-Women
and,AND501,AND501 - Westernwear-Women,solid polyester v-neck womens tie-ups top - navy,Size:8,Rs.,1699,849,50% off,Westernwear-Women
and,AND502,AND502 - Westernwear-Women,stripes shirt collar womens fit & flare top - black mix,"Size:8,10",Rs.,1899,949,50% off,Westernwear-Women
and,AND503,AND503 - Westernwear-Women,checks round neck polyester womens fit & flare dress - sage,Size:14,Rs.,2699,1349,50% off,Westernwear-Women
and,AND504,AND504 - Westernwear-Women,floral mandarin collar polyester womens straight dress - pink,"Size:12,14,16",Rs.,2399,1199,50% off,Westernwear-Women
and,AND505,AND505 - Westernwear-Women,womens regular fit solid dress - light olive,"Size:8,10",Rs.,2499,1249,50% off,Westernwear-Women
and,AND506,AND506 - Westernwear-Women,floral polyester v- neck women a line tops - red,Size:16,Rs.,1799,1259,30% off,Westernwear-Women
and,AND507,AND507 - Westernwear-Women,womens regular fit solid jumpsuit - burgundy,Size:16,Rs.,3299,1649,50% off,Westernwear-Women
and,AND508,AND508 - Westernwear-Women,solid viscose round neck women regular tops - blue mix light,"Size:8,10,12,14,16,18",Rs.,2499,1249,50% off,Westernwear-Women
and,AND509,AND509 - Westernwear-Women,solid viscose mandarin collar womens straight top - lilac,Size:8,Rs.,1699,849,50% off,Westernwear-Women
and,AND510,AND510 - Westernwear-Women,solid cotton round neck women regular tops - black & white,"Size:14,16",Rs.,2699,1349,50% off,Westernwear-Women
and,AND511,AND511 - Westernwear-Women,solid full sleeves polyester womens knee length jacket - black,"Size:8,10,12,16,18",Rs.,2899,1449,50% off,Westernwear-Women
and,AND512,AND512 - Westernwear-Women,printed v- neck polyester women flared dress - multi,"Size:8,12,14,16",Rs.,2899,1449,50% off,Westernwear-Women
and,AND513,AND513 - Westernwear-Women,womens striped fit and flare dress - black mix,Size:8,Rs.,8.9,2999,10% off,Westernwear-Women
and,AND514,AND514 - Westernwear-Women,solid half sleeves viscose womens three quarter length jumpsuit - light blue,"Size:8,10,12,14",Rs.,8.9,2699,10% off,Westernwear-Women
and,AND515,AND515 - Westernwear-Women,womens solid round neck straight jumpsuit - navy,Size:18,Rs.,8.9,2499,10% off,Westernwear-Women
and,AND516,AND516 - Westernwear-Women,solid square neck polyester women flared dress - blue mix light,Size:14,Rs.,2999,2099,30% off,Westernwear-Women
and,AND517,AND517 - Westernwear-Women,floral v- neck polyester women flared dress - white,"Size:8,14,16",Rs.,2899,2029,30% off,Westernwear-Women
and,AND518,AND518 - Westernwear-Women,solid polyester collar neck womens straight top - black,"Size:8,10,14,16,18",Rs.,1899,1519,20% off,Westernwear-Women
and,AND519,AND519 - Westernwear-Women,solid tencel v- neck women regular tops - pink,"Size:8,10",Rs.,1799,1259,30% off,Westernwear-Women
and,AND520,AND520 - Westernwear-Women,solid round neck womens workwear dress - black,Size:8,Rs.,2899,1449,50% off,Westernwear-Women
and,AND521,AND521 - Westernwear-Women,solid cotton choker neck womens a-line top - black,"Size:8,10",Rs.,1299,909,30% off,Westernwear-Women
and,AND522,AND522 - Westernwear-Women,printed floral rayon round neck womens cropped top - multi,Size:10,Rs.,1699,1189,30% off,Westernwear-Women
and,AND523,AND523 - Westernwear-Women,solid womens workwear trousers - navy,"Size:30,32,34",Rs.,8.9,1899,10% off,Westernwear-Women
and,AND524,AND524 - Westernwear-Women,solid round neck polyester womens a-line top - black,"Size:8,10,12,14",Rs.,2199,1759,20% off,Westernwear-Women
and,AND525,AND525 - Westernwear-Women,solid tapered fit polyester womens workwear pants - navy,Size:26,Rs.,2599,1299,50% off,Westernwear-Women
and,AND526,AND526 - Westernwear-Women,solid v-neck viscose womens shift dress - yellow,"Size:8,10,12,14",Rs.,2699,1349,50% off,Westernwear-Women
and,AND527,AND527 - Westernwear-Women,solid round neck linen womens knee length dress - yellow,"Size:8,10",Rs.,3799,1899,50% off,Westernwear-Women
and,AND528,AND528 - Westernwear-Women,solid polyester v neck womens flared dress - navy,Size:10,Rs.,2499,1624,35% off,Westernwear-Women
and,AND529,AND529 - Westernwear-Women,striped polyester round neck women's formal wear dress - black,Size:10,Rs.,1999,999,50% off,Westernwear-Women
and,AND530,AND530 - Westernwear-Women,womens regular fit floral top - marine green,Size:8,Rs.,1499,749,50% off,Westernwear-Women
and,AND531,AND531 - Westernwear-Women,floral square neck polyester womens dress - lemon,"Size:8,14,16,18",Rs.,2899,1449,50% off,Westernwear-Women
and,AND532,AND532 - Westernwear-Women,solid v- neck polyester women flared gown - wine,"Size:8,10,12",Rs.,4499,2924,35% off,Westernwear-Women
and,AND533,AND533 - Westernwear-Women,solid viscose collar neck women regular top - blue mix light,Size:8,Rs.,1899,1329,30% off,Westernwear-Women
and,AND534,AND534 - Westernwear-Women,solid tencel collar neck women regular top - magenta,Size:8,Rs.,1799,1259,30% off,Westernwear-Women
and,AND535,AND535 - Westernwear-Women,solid 3/4th sleeves womens regular fit jumpsuit - blue,"Size:8,14",Rs.,2699,1889,30% off,Westernwear-Women
and,AND536,AND536 - Westernwear-Women,self design nylon round neck womens woven top - yellow,"Size:8,10",Rs.,1999,1399,30% off,Westernwear-Women
and,AND537,AND537 - Westernwear-Women,womens regular fit floral top - red mix,Size:8,Rs.,1799,899,50% off,Westernwear-Women
and,AND538,AND538 - Westernwear-Women,solid v- neck polyester women flared gown - sage,"Size:8,10,12",Rs.,4299,3439,20% off,Westernwear-Women
and,AND539,AND539 - Westernwear-Women,solid polyester round neck womens casual jacket - wine,"Size:8,10,12,14,18",Rs.,4499,2249,50% off,Westernwear-Women
and,AND540,AND540 - Westernwear-Women,stripes viscose collar neck women regular tops - purple,Size:8,Rs.,1899,1234,35% off,Westernwear-Women
and,AND541,AND541 - Westernwear-Women,solid rayon womens a-line dress - lilac,Size:8,Rs.,1899,1329,30% off,Westernwear-Women
and,AND542,AND542 - Westernwear-Women,solid polyester collar neck women straight top - pink mix,"Size:8,12,16",Rs.,1699,849,50% off,Westernwear-Women
and,AND543,AND543 - Westernwear-Women,printed round neck polyester womens fit and flare dress - lilac,"Size:8,10,12,14,16",Rs.,2499,1999,20% off,Westernwear-Women
and,AND544,AND544 - Westernwear-Women,solid polyester collar neck women regular tops - navy,"Size:8,10,12,14,16",Rs.,1899,949,50% off,Westernwear-Women
and,AND545,AND545 - Westernwear-Women,floral v neck womens regular fit midi dress - multi,"Size:8,10,12,14,18",Rs.,2999,1499,50% off,Westernwear-Women
and,AND546,AND546 - Westernwear-Women,floral v- neck polyester women flared dress - brown,"Size:8,10,12,14,16",Rs.,2899,2319,20% off,Westernwear-Women
and,AND547,AND547 - Westernwear-Women,stripes shirt collar womens a-line top - black,Size:8,Rs.,1899,949,50% off,Westernwear-Women
and,AND548,AND548 - Westernwear-Women,solid v-neck linen womens knee length dress - pink,"Size:8,10",Rs.,2999,1499,50% off,Westernwear-Women
and,AND549,AND549 - Westernwear-Women,womens regular fit solid dress - chalk pink,Size:8,Rs.,4499,2249,50% off,Westernwear-Women
and,AND550,AND550 - Westernwear-Women,midi linen womens shorts - mid blue,Size:26,Rs.,1699,849,50% off,Westernwear-Women
and,AND551,AND551 - Westernwear-Women,solid sweetheart neck viscose women flared dress - red,"Size:8,12,14",Rs.,2299,1609,30% off,Westernwear-Women
and,AND552,AND552 - Westernwear-Women,self design v-neck viscose womens fit & flare dress - navy,"Size:8,10",Rs.,2699,1349,50% off,Westernwear-Women
and,AND553,AND553 - Westernwear-Women,solid square neck linen womens casual dress - blue,Size:14,Rs.,2699,1349,50% off,Westernwear-Women
and,AND554,AND554 - Westernwear-Women,floral square neck womens fit & flare top - multi,Size:14,Rs.,1799,899,50% off,Westernwear-Women
and,AND555,AND555 - Westernwear-Women,solid cotton round neck womens regular dress - pink mix,"Size:14,16,18",Rs.,2499,2249,10% off,Westernwear-Women
and,AND556,AND556 - Westernwear-Women,solid straight polyester women work wear trouser - wine,Size:26,Rs.,1899,1329,30% off,Westernwear-Women
and,AND557,AND557 - Westernwear-Women,floral square neck viscose womens casual dress - pink,Size:8,Rs.,1799,899,50% off,Westernwear-Women
and,AND558,AND558 - Westernwear-Women,solid polyester round neck womens regular top - mint,"Size:8,10,14",Rs.,2499,1249,50% off,Westernwear-Women
and,AND559,AND559 - Westernwear-Women,self pattern viscose shirt collar women's formal wear tops - pink mix,Size:12,Rs.,2099,1049,50% off,Westernwear-Women
and,AND560,AND560 - Westernwear-Women,floral polyester v neck womens a line top - teal,Size:8,Rs.,2099,1364,35% off,Westernwear-Women
and,AND561,AND561 - Westernwear-Women,womens sheath fit 5 pocket assorted capris - dark blue,Size:26,Rs.,2299,1149,50% off,Westernwear-Women
and,AND562,AND562 - Westernwear-Women,floral v-neck cotton womens casual dress - multi,"Size:8,10,16",Rs.,2899,2029,30% off,Westernwear-Women
and,AND563,AND563 - Westernwear-Women,womens floral round neck a-line top - orange mix,Size:10,Rs.,1799,899,50% off,Westernwear-Women
and,AND564,AND564 - Westernwear-Women,womens regular fit stripes skirt - red mix,"Size:26,28",Rs.,2199,1099,50% off,Westernwear-Women
and,AND565,AND565 - Westernwear-Women,floral round neck polyester women flared gown - pink mix,Size:8,Rs.,3699,2589,30% off,Westernwear-Women
and,AND566,AND566 - Westernwear-Women,womens regular fit solid tunic - aqua,Size:8,Rs.,2799,1399,50% off,Westernwear-Women
and,AND567,AND567 - Westernwear-Women,womens stripes sheath pants - teal,Size:26,Rs.,1999,999,50% off,Westernwear-Women
and,AND568,AND568 - Westernwear-Women,polka dots v-neck viscose womens fit and flare dress - blue mix light,Size:16,Rs.,2499,1749,30% off,Westernwear-Women
and,AND569,AND569 - Westernwear-Women,solid square neck linen women flared dress - blue mix light,"Size:14,16",Rs.,3299,2309,30% off,Westernwear-Women
and,AND570,AND570 - Westernwear-Women,solid linen collar neck womens straight dress - yellow,"Size:8,10,12,14,16,18",Rs.,2699,2159,20% off,Westernwear-Women
and,AND571,AND571 - Westernwear-Women,solid round neck polyester womens shift dress - silver grey,"Size:8,10,12,14,16",Rs.,3299,2309,30% off,Westernwear-Women
and,AND572,AND572 - Westernwear-Women,floral round neck polyester women flared dress - white,"Size:8,14",Rs.,2899,2029,30% off,Westernwear-Women
and,AND573,AND573 - Westernwear-Women,self design mom fit womens casual wear trousers - light blue,"Size:32,34,36",Rs.,8.9,2399,10% off,Westernwear-Women
and,AND574,AND574 - Westernwear-Women,checked round neck womens woven top - navy,"Size:8,14",Rs.,1499,1049,30% off,Westernwear-Women
and,AND575,AND575 - Westernwear-Women,solid cotton square neck women a line top - white,Size:8,Rs.,2099,1469,30% off,Westernwear-Women
and,AND576,AND576 - Westernwear-Women,solid regular fit cotton womens fusion wear trousers - indiaink,"Size:28,30,32,34,36",Rs.,2799,2239,20% off,Westernwear-Women
and,AND577,AND577 - Westernwear-Women,solid v-neck polyester womens casual dress - pink,"Size:8,10,12,14",Rs.,2499,1249,50% off,Westernwear-Women
and,AND578,AND578 - Westernwear-Women,floral round neck polyester womens a line dress - navy,"Size:8,10,12,14,16",Rs.,3499,2799,20% off,Westernwear-Women
and,AND579,AND579 - Westernwear-Women,solid rayon square neck top and cropped length skirt set - blue mix light,Size:10,Rs.,2399,1679,30% off,Westernwear-Women
and,AND580,AND580 - Westernwear-Women,womens regular fit floral dress - red mix,Size:16,Rs.,2499,1249,50% off,Westernwear-Women
and,AND581,AND581 - Westernwear-Women,solid skinny fit cotton womens trousers - light blue,"Size:26,28,30,32,34,36",Rs.,8.9,2599,10% off,Westernwear-Women
and,AND582,AND582 - Westernwear-Women,solid polyester round neck womens ethnic set - blue mix light,"Size:8,10,12,14,16,18",Rs.,1899,1519,20% off,Westernwear-Women
and,AND583,AND583 - Westernwear-Women,solid round neck polyester womens fit & flare dress - black,"Size:8,10,12,14",Rs.,2199,1099,50% off,Westernwear-Women
and,AND584,AND584 - Westernwear-Women,geometric polyester square neck women regular top - blue mix light,"Size:8,12,18",Rs.,1999,1399,30% off,Westernwear-Women
and,AND585,AND585 - Westernwear-Women,solid tapered linen women work wear trouser - black,"Size:26,28,30,32,34,36",Rs.,8.9,2199,10% off,Westernwear-Women
and,AND586,AND586 - Westernwear-Women,printed square neck polyester womens fit and flare dress - teal,Size:14,Rs.,2499,1999,20% off,Westernwear-Women
and,AND587,AND587 - Westernwear-Women,solid polyester v neck womens bodycon top - black,"Size:8,10,18",Rs.,1399,979,30% off,Westernwear-Women
and,AND588,AND588 - Westernwear-Women,floral polyester round neck women a line top - pink,"Size:8,10,12",Rs.,2099,1364,35% off,Westernwear-Women
and,AND589,AND589 - Westernwear-Women,solid v-neck cotton womens straight top - pink,"Size:6,8,10,12,14,16",Rs.,8.9,1699,10% off,Westernwear-Women
and,AND590,AND590 - Westernwear-Women,stripes regular fit rayon womens clothing set - blue,"Size:10,12,14",Rs.,3199,2079,35% off,Westernwear-Women
and,AND591,AND591 - Westernwear-Women,floral round neck polyester womens flared dress - sage,"Size:8,14,16",Rs.,2499,1999,20% off,Westernwear-Women
and,AND592,AND592 - Westernwear-Women,solid round neck polyester womens shift dress - navy,"Size:14,16",Rs.,2499,1249,50% off,Westernwear-Women
and,AND593,AND593 - Westernwear-Women,solid round neck viscose women a line dress - blue mix light,"Size:14,16,18",Rs.,2699,1889,30% off,Westernwear-Women
and,AND594,AND594 - Westernwear-Women,solid cotton straight fit womens trousers - charcoal,"Size:26,28,30,32,34,36",Rs.,8.9,2699,10% off,Westernwear-Women
and,AND595,AND595 - Westernwear-Women,floral polyester round neck womens woven top - multi,Size:10,Rs.,4699,3289,30% off,Westernwear-Women
and,AND596,AND596 - Westernwear-Women,floral round neck linen womens fit and flare dress - blue mix light,"Size:10,12",Rs.,2099,1469,30% off,Westernwear-Women
and,AND597,AND597 - Westernwear-Women,solid tapered rayon women fusion wear trouser - natural,"Size:26,30,32",Rs.,2499,1999,20% off,Westernwear-Women
and,AND598,AND598 - Westernwear-Women,solid polyester v-neck womens shift top - pink,Size:8,Rs.,1699,1189,30% off,Westernwear-Women
and,AND599,AND599 - Westernwear-Women,floral square neck linen womens straight dress - white,"Size:6,8,10,12,14,16",Rs.,2699,2159,20% off,Westernwear-Women
and,AND600,AND600 - Westernwear-Women,solid tapered fit linen womens trousers - navy,"Size:28,32,34,36",Rs.,8.9,2199,10% off,Westernwear-Women
and,AND601,AND601 - Westernwear-Women,floral linen round neck womens flared dress - pink,"Size:6,8,10,12,14,16",Rs.,2699,2159,20% off,Westernwear-Women
and,AND602,AND602 - Westernwear-Women,floral polyester round neck women flared tops - navy,"Size:8,10,12,14,16,18",Rs.,2099,1679,20% off,Westernwear-Women
and,AND603,AND603 - Westernwear-Women,womens regular fit checked top - red mix,Size:18,Rs.,1899,949,50% off,Westernwear-Women
and,AND604,AND604 - Westernwear-Women,solid polyester v-neck womens top - blush,Size:8,Rs.,1699,1189,30% off,Westernwear-Women
and,AND605,AND605 - Westernwear-Women,stripes v neck polyester womens regular fit top - peach,"Size:8,10,12,14",Rs.,1699,1104,35% off,Westernwear-Women
and,AND606,AND606 - Westernwear-Women,solid polyester collar neck women a line top - green,"Size:8,10",Rs.,1699,1189,30% off,Westernwear-Women
and,AND607,AND607 - Westernwear-Women,printed square neck viscose womens a-line dress - pink,"Size:8,10",Rs.,3299,2639,20% off,Westernwear-Women
and,AND608,AND608 - Westernwear-Women,womens fit and flare v neck slub shirt asymmetrical dress - powder blue,"Size:8,10,14,16",Rs.,3299,1649,50% off,Westernwear-Women
and,AND609,AND609 - Westernwear-Women,solid polyester square neck womens peplum top - silver grey,"Size:8,10,12,14",Rs.,1699,1359,20% off,Westernwear-Women
and,AND610,AND610 - Westernwear-Women,womens solid mandarin collar top - pink,Size:8,Rs.,1499,749,50% off,Westernwear-Women
and,AND611,AND611 - Westernwear-Women,floral v- neck polyester women flared dress - brown,Size:8,Rs.,2499,1749,30% off,Westernwear-Women
and,AND612,AND612 - Westernwear-Women,solid collar neck polyester women work wear jackets - wine,"Size:10,12,14,16",Rs.,1799,1259,30% off,Westernwear-Women
and,AND613,AND613 - Westernwear-Women,solid regular linen women work wear trouser - blue mix light,Size:26,Rs.,8.9,2299,10% off,Westernwear-Women
and,AND614,AND614 - Westernwear-Women,solid v- neck polyester women shift dress - red,"Size:8,10",Rs.,2499,1749,30% off,Westernwear-Women
and,AND615,AND615 - Westernwear-Women,self design viscose shirt collar womens peplum top - green,"Size:8,10,12,14,16",Rs.,1499,974,35% off,Westernwear-Women
and,AND616,AND616 - Westernwear-Women,floral cotton boat neck womens flared dress - lemon,"Size:6,8,10,12,14,16",Rs.,2099,1679,20% off,Westernwear-Women
and,AND617,AND617 - Westernwear-Women,solid cotton round neck womens regular dress - lemon,"Size:8,10,12,14,16",Rs.,2499,2249,10% off,Westernwear-Women
and,AND618,AND618 - Westernwear-Women,solid v neck nylon womens flared dress - blue mix light,"Size:8,10,14",Rs.,3299,2144,35% off,Westernwear-Women
and,AND619,AND619 - Westernwear-Women,dobby checks cotton sweetheart neck womens cropped top - blue,"Size:10,12",Rs.,1699,1189,30% off,Westernwear-Women
and,AND620,AND620 - Westernwear-Women,self design v-neck viscose womens straight dress - light blue,Size:8,Rs.,2499,1249,50% off,Westernwear-Women
and,AND621,AND621 - Westernwear-Women,floral polyester round neck women straight tops - blue mix light,"Size:8,16",Rs.,1499,974,35% off,Westernwear-Women
and,AND622,AND622 - Westernwear-Women,womens regular fit floral top - white,"Size:8,14",Rs.,1999,999,50% off,Westernwear-Women
and,AND623,AND623 - Westernwear-Women,womens solid sheath pants - black,Size:34,Rs.,8.9,2199,10% off,Westernwear-Women
and,AND624,AND624 - Westernwear-Women,floral round neck polyester women flared dress - pink,"Size:8,16",Rs.,2899,2029,30% off,Westernwear-Women
and,AND625,AND625 - Westernwear-Women,printed square neck polyester womens fit and flare dress - purple,"Size:8,10,12,14",Rs.,3099,2479,20% off,Westernwear-Women
and,AND626,AND626 - Westernwear-Women,floral polyester v-neck womens top - sage,Size:8,Rs.,1699,1189,30% off,Westernwear-Women
and,AND627,AND627 - Westernwear-Women,solid v- neck nylon women shift dress - wine,"Size:12,14",Rs.,3099,2169,30% off,Westernwear-Women
and,AND628,AND628 - Westernwear-Women,stripes round neck viscose womens straight top - powder blue,"Size:8,10,12,14,16,18",Rs.,8.9,1599,10% off,Westernwear-Women
and,AND629,AND629 - Westernwear-Women,checks polyester round neck womens a line top - navy,"Size:8,10",Rs.,2299,1609,30% off,Westernwear-Women
and,AND630,AND630 - Westernwear-Women,women v-neck solid fit and flare dress - pink,Size:8,Rs.,3299,1649,50% off,Westernwear-Women
and,AND631,AND631 - Westernwear-Women,solid square neck womens casual dress - black,"Size:8,10,12,14",Rs.,8.9,2199,10% off,Westernwear-Women
and,AND632,AND632 - Westernwear-Women,womens cotton round neck dresses - natural,Size:8,Rs.,3799,1899,50% off,Westernwear-Women
and,AND633,AND633 - Westernwear-Women,solid cotton v- neck women flared top - mid blue,Size:8,Rs.,1499,1049,30% off,Westernwear-Women
and,AND634,AND634 - Westernwear-Women,solid polyester round neck women a line top - sage,Size:8,Rs.,1699,1359,20% off,Westernwear-Women
and,AND635,AND635 - Westernwear-Women,solid polyester round neck women a line top - rust,"Size:8,10,12,14,16",Rs.,1799,1169,35% off,Westernwear-Women
and,AND636,AND636 - Westernwear-Women,floral round neck rayon womens fit and flare dress - white,Size:12,Rs.,8.9,3299,10% off,Westernwear-Women
and,AND637,AND637 - Westernwear-Women,solid slim fit rayon womens workwear pants - navy,"Size:26,28",Rs.,8.9,1799,10% off,Westernwear-Women
and,AND638,AND638 - Westernwear-Women,solid v-neck polyester womens casual dress - blue mix light,Size:12,Rs.,2899,1449,50% off,Westernwear-Women
and,AND639,AND639 - Westernwear-Women,floral viscose rayon v-neck womens top - white,Size:8,Rs.,1899,1329,30% off,Westernwear-Women
and,AND640,AND640 - Westernwear-Women,checks rayon square neck women straight tops - black mix,"Size:8,10,14,16",Rs.,1499,1049,30% off,Westernwear-Women
and,AND641,AND641 - Westernwear-Women,solid polyester boat neck womens a-line top - black,"Size:8,10",Rs.,1499,749,50% off,Westernwear-Women
and,AND642,AND642 - Westernwear-Women,floral square neck viscose women flared dress - sage,Size:8,Rs.,2899,2029,30% off,Westernwear-Women
and,AND643,AND643 - Westernwear-Women,solid straight fit cotton womens fusion wear trousers - dark blue,"Size:26,28,30,32,34,36",Rs.,8.9,2499,10% off,Westernwear-Women
and,AND644,AND644 - Westernwear-Women,womens stripes v-neck fit and flare dress - cream,Size:20,Rs.,8.9,2999,10% off,Westernwear-Women
and,AND645,AND645 - Westernwear-Women,solid linen mandarin collar womens a-line top - rosewood,"Size:8,10",Rs.,1899,1329,30% off,Westernwear-Women
and,AND646,AND646 - Westernwear-Women,floral v neck polyester womens bodycon gown - green,Size:8,Rs.,3499,2449,30% off,Westernwear-Women
and,AND647,AND647 - Westernwear-Women,printed polyester womens fit and flare dress - yellow,"Size:10,12",Rs.,3099,2479,20% off,Westernwear-Women
and,AND648,AND648 - Westernwear-Women,printed polyester square neck womens peplum top - yellow,"Size:10,12,14",Rs.,1899,1519,20% off,Westernwear-Women
and,AND649,AND649 - Westernwear-Women,solid flared linen womens casual wear pants - blue mix light,"Size:28,30,32,34",Rs.,8.9,2299,10% off,Westernwear-Women
and,AND650,AND650 - Westernwear-Women,solid square neck polyester women bodycon dress - black,"Size:12,14",Rs.,8.9,2299,10% off,Westernwear-Women
and,AND651,AND651 - Westernwear-Women,floral round neck polyester women flared dress - red,Size:8,Rs.,2899,2029,30% off,Westernwear-Women
and,AND652,AND652 - Westernwear-Women,solid tapered linen women work wear trouser - olive,"Size:26,28,30,32,34,36",Rs.,8.9,2199,10% off,Westernwear-Women
and,AND653,AND653 - Westernwear-Women,solid v-neck viscose womens casual dress - blue,"Size:10,14,16",Rs.,8.9,2399,10% off,Westernwear-Women
and,AND654,AND654 - Westernwear-Women,solid viscose collar neck women peplum tops - black mix,"Size:8,10,12,14,16",Rs.,1899,1329,30% off,Westernwear-Women
and,AND655,AND655 - Westernwear-Women,women v-neck striped fit and flare dress - peach,Size:8,Rs.,3499,1749,50% off,Westernwear-Women
and,AND656,AND656 - Westernwear-Women,self design straight fit cotton womens casual trousers - light blue,Size:32,Rs.,8.9,2399,10% off,Westernwear-Women
and,AND657,AND657 - Westernwear-Women,solid cotton round neck women regular top - pink,"Size:8,10,12,14,16,18",Rs.,2699,2159,20% off,Westernwear-Women
and,AND658,AND658 - Westernwear-Women,solid skinny cotton women fusion wear trouser - mid blue,"Size:26,28,30,32,34,36",Rs.,8.9,2499,10% off,Westernwear-Women
and,AND659,AND659 - Westernwear-Women,dobby cotton mandarin collar womens peplum top - white,"Size:10,12,16",Rs.,8.9,1799,10% off,Westernwear-Women
and,AND660,AND660 - Westernwear-Women,womens regular fit floral dress - lemon,Size:18,Rs.,2299,1149,50% off,Westernwear-Women
and,AND661,AND661 - Westernwear-Women,floral polyester round neck women straight tops - cream,Size:8,Rs.,1999,1399,30% off,Westernwear-Women
and,AND662,AND662 - Westernwear-Women,abstract sleeveless womens regular fit jumpsuit - black,"Size:10,12",Rs.,3099,2169,30% off,Westernwear-Women
and,AND663,AND663 - Westernwear-Women,solid v- neck polyester women wrap dress - navy,"Size:10,14,16",Rs.,2699,1349,50% off,Westernwear-Women
and,AND664,AND664 - Westernwear-Women,solid boat neck polyester women shift dress - sage,"Size:8,12,14",Rs.,8.9,2299,10% off,Westernwear-Women
and,AND665,AND665 - Westernwear-Women,solid straight fit cotton womens fusion wear trousers - dark blue,"Size:26,28,30,32,34,36",Rs.,8.9,2499,10% off,Westernwear-Women
and,AND666,AND666 - Westernwear-Women,graphic cotton round neck womens regular top - cream,"Size:8,10,12,14,16,18",Rs.,2799,2239,20% off,Westernwear-Women
and,AND667,AND667 - Westernwear-Women,graphic cotton round neck womens straight top - powder blue,"Size:8,10,12,14,16",Rs.,1499,1199,20% off,Westernwear-Women
and,AND668,AND668 - Westernwear-Women,womens solid embroidered key hole neck peplum top - mint,Size:8,Rs.,2499,1249,50% off,Westernwear-Women
and,AND669,AND669 - Westernwear-Women,solid polyester square neck women blouson tops - green,Size:8,Rs.,1699,1189,30% off,Westernwear-Women
and,AND670,AND670 - Westernwear-Women,solid straight polyester women work wear trouser - black,"Size:26,28",Rs.,8.9,2499,10% off,Westernwear-Women
and,AND671,AND671 - Westernwear-Women,floral polyester round neck women a line top - white,Size:8,Rs.,1999,1399,30% off,Westernwear-Women
and,AND672,AND672 - Westernwear-Women,floral square neck polyester women flared gown - black,Size:8,Rs.,3099,2169,30% off,Westernwear-Women
and,AND673,AND673 - Westernwear-Women,solid v- neck rayon women flared gown - green,"Size:10,12",Rs.,3299,2639,20% off,Westernwear-Women
and,AND674,AND674 - Westernwear-Women,womens regular fit floral dress - yellow,Size:8,Rs.,2799,1399,50% off,Westernwear-Women
and,AND675,AND675 - Westernwear-Women,womens regular fit shirt collar stripes top - imperial yellow,Size:8,Rs.,2199,1099,50% off,Westernwear-Women
and,AND676,AND676 - Westernwear-Women,solid polyester round neck women straight tops - blush,"Size:8,10,12,14,16",Rs.,1799,1439,20% off,Westernwear-Women
and,AND677,AND677 - Westernwear-Women,stripes cotton collar neck womens straight top - pink mix,"Size:8,12,14,16",Rs.,1899,1519,20% off,Westernwear-Women
and,AND678,AND678 - Westernwear-Women,solid tapered linen women work wear trouser - blush,"Size:26,28,30,32,34,36",Rs.,8.9,2199,10% off,Westernwear-Women
and,AND679,AND679 - Westernwear-Women,solid linen square neck women regular playsuit - magenta,"Size:8,14",Rs.,3699,2589,30% off,Westernwear-Women
and,AND680,AND680 - Westernwear-Women,solid square neck polyester women flared dress - green,Size:10,Rs.,2299,1609,30% off,Westernwear-Women
and,AND681,AND681 - Westernwear-Women,solid cotton round neck womens regular dress - navy,"Size:8,10,12,14,16,18",Rs.,8.9,2999,10% off,Westernwear-Women
and,AND682,AND682 - Westernwear-Women,solid loose fit polyester womens workwear pants - black,"Size:26,28,34,36",Rs.,8.9,2499,10% off,Westernwear-Women
and,AND683,AND683 - Westernwear-Women,stripes collar neck polyester women flared dress - blue,Size:16,Rs.,3499,2449,30% off,Westernwear-Women
and,AND684,AND684 - Westernwear-Women,solid polyester y neck womens top - black,Size:16,Rs.,1899,1709,10% off,Westernwear-Women
and,AND685,AND685 - Westernwear-Women,polka dots viscose square neck womens cropped top - blue mix light,"Size:8,10,12",Rs.,1699,1189,30% off,Westernwear-Women
and,AND686,AND686 - Westernwear-Women,solid rayon round neck women peplum top - black,"Size:8,10",Rs.,2099,1469,30% off,Westernwear-Women
and,AND687,AND687 - Westernwear-Women,solid v-neck womens a-line dress - peach,"Size:8,10,12",Rs.,2299,1149,50% off,Westernwear-Women
and,AND688,AND688 - Westernwear-Women,solid cotton skinny fit womens fusion trousers - mid blue,"Size:26,28,30,32,34,36",Rs.,8.9,2699,10% off,Westernwear-Women
and,AND689,AND689 - Westernwear-Women,floral round neck linen womens casual dress - maroon,Size:10,Rs.,2999,2099,30% off,Westernwear-Women
and,AND690,AND690 - Indianwear-Women,solid viscose round neck womens ethnic set - sage,"Size:8,10,12,14,16,18",Rs.,2099,1049,50% off,Indianwear-Women
and,AND691,AND691 - Indianwear-Women,solid rayon mandarin womens regular kurta - bottle green,"Size:Small,XX-Large,XXX-Large",Rs.,1299,1039,20% off,Indianwear-Women
and,AND692,AND692 - Indianwear-Women,solid polyester cowl neck womens ethnic set - wine,"Size:8,12,16",Rs.,3499,1749,50% off,Indianwear-Women
and,AND693,AND693 - Indianwear-Women,printed viscose v neck womens ethnic set - navy,"Size:8,10,12,14,16",Rs.,3499,1749,50% off,Indianwear-Women
and,AND694,AND694 - Indianwear-Women,solid polyester v neck womens ethnic set - magenta,"Size:8,10,12,14",Rs.,3999,2599,35% off,Indianwear-Women
and,AND695,AND695 - Indianwear-Women,solid chiffon round neck womens ethnic set - black,"Size:10,12,14",Rs.,3699,2589,30% off,Indianwear-Women
and,AND696,AND696 - Indianwear-Women,printed v-neck polyester womens casual set - sage,"Size:8,10,12,14,16",Rs.,3499,2799,20% off,Indianwear-Women
and,AND697,AND697 - Indianwear-Women,solid cotton round neck womens ethnic set - wine,"Size:14,16",Rs.,3299,2639,20% off,Indianwear-Women
and,AND698,AND698 - Indianwear-Women,solid polyester square neck womens ethnic set - green,Size:8,Rs.,3499,1749,50% off,Indianwear-Women
and,AND699,AND699 - Indianwear-Women,printed round neck polyester womens casual set - multi,"Size:8,10,12,14,16",Rs.,3999,3199,20% off,Indianwear-Women
and,AND700,AND700 - Indianwear-Women,solid polyester round neck womens ethnic set - blue mix light,"Size:8,10,12,14,16,18",Rs.,1899,1519,20% off,Indianwear-Women
and,AND701,AND701 - Indianwear-Women,stripes regular fit rayon womens clothing set - blue,"Size:10,12,14",Rs.,3199,2079,35% off,Indianwear-Women
and,AND702,AND702 - Indianwear-Women,solid viscose round neck womens ethnic set - blue mix light,"Size:8,10,12,14,16,18",Rs.,2099,1049,50% off,Indianwear-Women
and,AND703,AND703 - Fragrance-Women,womens dainty glam fragrance mist 200 ml,Nan,Rs.,,400,10% off,Fragrance-Women
and,AND704,AND704 - Fragrance-Women,womens love museeau de parfum 100 ml,Nan,Rs.,1800,1350,25% off,Fragrance-Women
and,AND705,AND705 - Fragrance-Women,womens pretty vogue fragrance mist 200 ml,Nan,Rs.,,400,10% off,Fragrance-Women
and,AND706,AND706 - Fragrance-Women,womens ethereal dreamer eau de parfum 50 ml,Nan,Rs.,1200,960,20% off,Fragrance-Women
and,AND707,AND707 - Fragrance-Women,womens mystique elegance eau de parfum 50 ml,Nan,Rs.,1200,960,20% off,Fragrance-Women
and,AND708,AND708 - Fragrance-Women,womens ethereal dreamer eau de parfum 50 ml & pretty vogue fragrance mist 200 ml - gift set,Nan,Rs.,1500,1275,15% off,Fragrance-Women
and,AND709,AND709 - Fragrance-Women,womens chic connect fragrance mist 200 ml,Nan,Rs.,,400,10% off,Fragrance-Women
anne klein,ANNE KLEIN1,ANNE KLEIN1 - Watches-Women,womens blue stainless steel analogue watch  - ak3001gpbl,Nan,Rs.,9499,5699,40% off,Watches-Women
anne klein,ANNE KLEIN2,ANNE KLEIN2 - Watches-Women,womens mother of pearl dial ceramic analogue watch - nbak1018rgmv,Nan,Rs.,10750,7525,30% off,Watches-Women
anne klein,ANNE KLEIN3,ANNE KLEIN3 - Watches-Women,womens analogue stainless steel watch - ak2969mpsv,Nan,Rs.,8300,4980,40% off,Watches-Women
anne klein,ANNE KLEIN4,ANNE KLEIN4 - Watches-Women,womens ceramic tan mother of pearl dial analogue watch - ak3672tngb,Nan,Rs.,14995,8997,40% off,Watches-Women
anne klein,ANNE KLEIN5,ANNE KLEIN5 - Watches-Women,womens navy blue dial stainless steel analogue watch - ak1363nvtt,Nan,Rs.,7499,4499,40% off,Watches-Women
anne klein,ANNE KLEIN6,ANNE KLEIN6 - Watches-Women,womens black dial metallic analogue watch with bracelet - akb3590bkstw,Nan,Rs.,9750,5850,40% off,Watches-Women
anne klein,ANNE KLEIN7,ANNE KLEIN7 - Watches-Women,womens ceramic blue mother of pearl dial analogue watch - ak1018blrg,Nan,Rs.,10999,7699,30% off,Watches-Women
anne klein,ANNE KLEIN8,ANNE KLEIN8 - Watches-Women,womens ceramic brown dial ceramic analogue watch - nbak1018rgtn,Nan,Rs.,25,10750,10% off,Watches-Women
anne klein,ANNE KLEIN9,ANNE KLEIN9 - Watches-Women,womens rose gold dial analogue watch - nbak1906rgrg,Nan,Rs.,48.9,9499,10% off,Watches-Women
anne klein,ANNE KLEIN10,ANNE KLEIN10 - Watches-Women,womens mother of pearl dial metallic analogue watch - nbak2472nmrg,Nan,Rs.,9250,5550,40% off,Watches-Women
anne klein,ANNE KLEIN11,ANNE KLEIN11 - Watches-Women,womens diamond black dial metallic analogue watch - ak3600bkrg,Nan,Rs.,4.5,7495,10% off,Watches-Women
anne klein,ANNE KLEIN12,ANNE KLEIN12 - Watches-Women,womens mother of pearl dial stainless steel analogue watch - ak3278rgrg,Nan,Rs.,8499,5949,30% off,Watches-Women
anne klein,ANNE KLEIN13,ANNE KLEIN13 - Watches-Women,womens mother of pearl dial metallic analogue watch - nbak109918rglp,Nan,Rs.,6499,3899,40% off,Watches-Women
anne klein,ANNE KLEIN14,ANNE KLEIN14 - Watches-Women,womens plum purple dial leather analogue watch - ak3272rgpl,Nan,Rs.,6499,3899,40% off,Watches-Women
anne klein,ANNE KLEIN15,ANNE KLEIN15 - Watches-Women,womens silver dial analogue watch - nbak3279svrt,Nan,Rs.,8499,5949,30% off,Watches-Women
anne klein,ANNE KLEIN16,ANNE KLEIN16 - Watches-Women,womens blue dial stainless steel analogue watch - ak3220nmgb,Nan,Rs.,9499,5699,40% off,Watches-Women
anne klein,ANNE KLEIN17,ANNE KLEIN17 - Watches-Women,womens analog watch,Nan,Rs.,44.5,14495,10% off,Watches-Women
anne klein,ANNE KLEIN18,ANNE KLEIN18 - Watches-Women,womens rose gold dial analogue watch - nbak3168rgrg,Nan,Rs.,6499,3899,40% off,Watches-Women
anne klein,ANNE KLEIN19,ANNE KLEIN19 - Watches-Women,womens black dial ceramic analogue watch - nbak1018rgbk,Nan,Rs.,25,10750,10% off,Watches-Women
anne klein,ANNE KLEIN20,ANNE KLEIN20 - Watches-Women,womens rose gold dial ceramic analogue watch - nbak1362rgrg,Nan,Rs.,7250,4350,40% off,Watches-Women
anne klein,ANNE KLEIN21,ANNE KLEIN21 - Watches-Women,womens ceramic analogue watch - ak2130rglp,Nan,Rs.,70,11700,10% off,Watches-Women
anne klein,ANNE KLEIN22,ANNE KLEIN22 - Watches-Women,womens diamond dial green mother of pearl dial metallic analogue watch - ak1980gngb,Nan,Rs.,7250,5075,30% off,Watches-Women
anne klein,ANNE KLEIN23,ANNE KLEIN23 - Watches-Women,womens 31 mm brown dial ceramic analog watch,Nan,Rs.,94.5,14995,10% off,Watches-Women
anne klein,ANNE KLEIN24,ANNE KLEIN24 - Watches-Women,womens pink dial stainless steel analogue watch - ak3220rgrg,Nan,Rs.,48.9,9499,10% off,Watches-Women
anne klein,ANNE KLEIN25,ANNE KLEIN25 - Watches-Women,womens ceramic brown dial ceramic analogue watch - nbak1018rgtn,Nan,Rs.,98.9,10999,10% off,Watches-Women
anne klein,ANNE KLEIN26,ANNE KLEIN26 - Watches-Women,womens 38 mm diamond green dial metal analogue watch,Nan,Rs.,4.5,7495,10% off,Watches-Women
anne klein,ANNE KLEIN27,ANNE KLEIN27 - Watches-Women,womens grey dial metallic analogue watch - ak3001svtt,Nan,Rs.,9499,5699,40% off,Watches-Women
anne klein,ANNE KLEIN28,ANNE KLEIN28 - Watches-Women,womens navy blue metal/ceramic analogue watch  - ak3158nvrg,Nan,Rs.,94.5,10995,10% off,Watches-Women
anne klein,ANNE KLEIN29,ANNE KLEIN29 - Watches-Women,womens metallic analogue watch - ak2388rgnv,Nan,Rs.,11995,8396,30% off,Watches-Women
anne klein,ANNE KLEIN30,ANNE KLEIN30 - Watches-Women,womens brown dial metallic analogue watch - nbak3001rgbn,Nan,Rs.,9499,6649,30% off,Watches-Women
anne klein,ANNE KLEIN31,ANNE KLEIN31 - Watches-Women,womens plum purple dial leather analogue watch - ak3272rgpl,Nan,Rs.,6499,3899,40% off,Watches-Women
anne klein,ANNE KLEIN32,ANNE KLEIN32 - Watches-Women,womens black dial metallic analogue watch - nbak1980bkgb,Nan,Rs.,5,7250,10% off,Watches-Women
anne klein,ANNE KLEIN33,ANNE KLEIN33 - Watches-Women,womens lavender ceramic analogue watch  - ak3159lvsv,Nan,Rs.,10999,6599,40% off,Watches-Women
anne klein,ANNE KLEIN34,ANNE KLEIN34 - Watches-Women,womens diamond silver dial metallic analogue watch - ak3601svsv,Nan,Rs.,7250,4350,40% off,Watches-Women
anne klein,ANNE KLEIN35,ANNE KLEIN35 - Watches-Women,womens metallic analogue watch - ak2130tngb,Nan,Rs.,70,11700,10% off,Watches-Women
anne klein,ANNE KLEIN36,ANNE KLEIN36 - Watches-Women,womens analog watch,Nan,Rs.,75,9250,10% off,Watches-Women
anne klein,ANNE KLEIN37,ANNE KLEIN37 - Watches-Women,womens metallic analogue watch - ak2388rgnv,Nan,Rs.,11700,8190,30% off,Watches-Women
anne klein,ANNE KLEIN38,ANNE KLEIN38 - Watches-Women,womens 34 mm teal dial stainless steel analog watch,Nan,Rs.,94.5,11995,10% off,Watches-Women
anne klein,ANNE KLEIN39,ANNE KLEIN39 - Watches-Women,womens diamond rose gold dial metallic analogue watch - ak3600bmrg,Nan,Rs.,7250,4350,40% off,Watches-Women
anne klein,ANNE KLEIN40,ANNE KLEIN40 - Watches-Women,womens brown dial metallic analogue watch - ak3213tnsv,Nan,Rs.,6499,3899,40% off,Watches-Women
anne klein,ANNE KLEIN41,ANNE KLEIN41 - Watches-Women,womens 43 mm trend maroon dial acrylic analogue watch,Nan,Rs.,5,6250,10% off,Watches-Women
anne klein,ANNE KLEIN42,ANNE KLEIN42 - Watches-Women,womens grey dial metallic analogue watch - ak3001svtt,Nan,Rs.,9499,5699,40% off,Watches-Women
anne klein,ANNE KLEIN43,ANNE KLEIN43 - Watches-Women,womens analogue ceramic watch - ak1412bkgb,Nan,Rs.,5,5850,10% off,Watches-Women
anne klein,ANNE KLEIN44,ANNE KLEIN44 - Watches-Women,womens black dial metallic analogue watch - ak3365gylv,Nan,Rs.,12499,7499,40% off,Watches-Women
anne klein,ANNE KLEIN45,ANNE KLEIN45 - Watches-Women,womens grey dial metallic analogue watch - nbak3158tprg,Nan,Rs.,10750,6450,40% off,Watches-Women
anne klein,ANNE KLEIN46,ANNE KLEIN46 - Watches-Women,womens diamond dial plum mother of pearl dial metallic analogue watch - ak1980plgb,Nan,Rs.,7250,5075,30% off,Watches-Women
anne klein,ANNE KLEIN47,ANNE KLEIN47 - Watches-Women,womens diamond mother of pearl dial enamel analogue watch with bracelet - akb3620wtst,Nan,Rs.,9250,5550,40% off,Watches-Women
anne klein,ANNE KLEIN48,ANNE KLEIN48 - Watches-Women,womens white dial metallic analogue watch - ak3548lprg,Nan,Rs.,13250,9275,30% off,Watches-Women
anne klein,ANNE KLEIN49,ANNE KLEIN49 - Watches-Women,womens brown leather analogue watch  - ak2666rgbn,Nan,Rs.,6499,4549,30% off,Watches-Women
anne klein,ANNE KLEIN50,ANNE KLEIN50 - Watches-Women,womens black dial metallic analogue watch - ak3548bkrg,Nan,Rs.,13250,9275,30% off,Watches-Women
anne klein,ANNE KLEIN51,ANNE KLEIN51 - Watches-Women,womens 30.7 mm red dial alloy steel analog watch,Nan,Rs.,44.5,9495,10% off,Watches-Women
anne klein,ANNE KLEIN52,ANNE KLEIN52 - Watches-Women,womens ivory leather analogue watch  - ak109168ivbn,Nan,Rs.,5499,3299,40% off,Watches-Women
anne klein,ANNE KLEIN53,ANNE KLEIN53 - Watches-Women,womens mother of pearl dial stainless steel analogue watch - nbak1854rmrg,Nan,Rs.,8250,4950,40% off,Watches-Women
anne klein,ANNE KLEIN54,ANNE KLEIN54 - Watches-Women,womens diamond champagne dial metallic analogue watch - ak3600chgb,Nan,Rs.,7250,4350,40% off,Watches-Women
anne klein,ANNE KLEIN55,ANNE KLEIN55 - Watches-Women,womens analogue ceramic watch - ak1412bkgb,Nan,Rs.,5,6250,10% off,Watches-Women
anne klein,ANNE KLEIN56,ANNE KLEIN56 - Watches-Women,womens black dial metallic analogue watch - nbak3266bkrg,Nan,Rs.,98.9,10999,10% off,Watches-Women
antonio banderas,ANTONIO BANDERAS1,ANTONIO BANDERAS1 - Fragrance-Women,womens the secret temptation deodorant spray 150 ml,Nan,Rs.,500,250,50% off,Fragrance-Women
antonio banderas,ANTONIO BANDERAS2,ANTONIO BANDERAS2 - Fragrance-Women,womens her secret temptation eau de toilette 80 ml,Nan,Rs.,2300,1150,50% off,Fragrance-Women
antonio banderas,ANTONIO BANDERAS3,ANTONIO BANDERAS3 - Fragrance-Women,womens seduction doses her secret temptation eau de toilette megaspritzer 30 ml,Nan,Rs.,595,535,10% off,Fragrance-Women
antonio banderas,ANTONIO BANDERAS4,ANTONIO BANDERAS4 - Fragrance-Women,womens blue seduction eau de toilette - 80ml,Nan,Rs.,2300,1610,30% off,Fragrance-Women
antonio banderas,ANTONIO BANDERAS5,ANTONIO BANDERAS5 - Fragrance-Women,womens her secret temptation deodorant spray 150 ml,Nan,Rs.,500,250,50% off,Fragrance-Women
antonio banderas,ANTONIO BANDERAS6,ANTONIO BANDERAS6 - Fragrance-Women,womens her golden secret eau de toilette 80 ml,Nan,Rs.,2300,1610,30% off,Fragrance-Women
antonio banderas,ANTONIO BANDERAS7,ANTONIO BANDERAS7 - Fragrance-Women,blue seduction for female deodorant spray 150 ml,Nan,Rs.,,500,10% off,Fragrance-Women
antonio banderas,ANTONIO BANDERAS8,ANTONIO BANDERAS8 - Fragrance-Women,womens seduction doses her golden secret eau de toilette megaspritzer 30 ml,Nan,Rs.,595,416,30% off,Fragrance-Women
antonio banderas,ANTONIO BANDERAS9,ANTONIO BANDERAS9 - Fragrance-Women,womens queen of seduction deodorant spray 150 ml,Nan,Rs.,,500,10% off,Fragrance-Women
antonio banderas,ANTONIO BANDERAS10,ANTONIO BANDERAS10 - Fragrance-Women,womens queen of seduction eau de toilette 80 ml,Nan,Rs.,0,2300,10% off,Fragrance-Women
antonio banderas,ANTONIO BANDERAS11,ANTONIO BANDERAS11 - Fragrance-Women,womens seduction doses blue seduction woman eau de toilette megaspritzer 30 ml,Nan,Rs.,595,535,10% off,Fragrance-Women
antonio banderas,ANTONIO BANDERAS12,ANTONIO BANDERAS12 - Fragrance-Women,womens her golden secret deodorant spray 150 ml,Nan,Rs.,,500,10% off,Fragrance-Women
antonio banderas,ANTONIO BANDERAS13,ANTONIO BANDERAS13 - Fragrance-Women,spirit for female deodorant spray 150 ml,Nan,Rs.,490,367,25% off,Fragrance-Women
arcelia,ARCELIA1,ARCELIA1 - Fragrance-Women,womens deo thousand nights 150 ml,Nan,Rs.,0.5,195,10% off,Fragrance-Women
arcelia,ARCELIA2,ARCELIA2 - Fragrance-Women,womens deo pristine joy 150 ml,Nan,Rs.,0.5,195,10% off,Fragrance-Women
arcelia,ARCELIA3,ARCELIA3 - Fragrance-Women,womens magical mischief deodorant 200 ml,Nan,Rs.,0.5,295,10% off,Fragrance-Women
arcelia,ARCELIA4,ARCELIA4 - Fragrance-Women,womens deo trop dreamland 150 ml,Nan,Rs.,0.5,195,10% off,Fragrance-Women
arcelia,ARCELIA5,ARCELIA5 - Fragrance-Women,womens fierce flame eau de parfum 20 ml,Nan,Rs.,495,396,20% off,Fragrance-Women
arcelia,ARCELIA6,ARCELIA6 - Fragrance-Women,womens crazy crush deodorant 200 ml,Nan,Rs.,0.5,295,10% off,Fragrance-Women
arcelia,ARCELIA7,ARCELIA7 - Fragrance-Women,womens intense infatuation deodorant 200 ml,Nan,Rs.,0.5,295,10% off,Fragrance-Women
arcelia,ARCELIA8,ARCELIA8 - Fragrance-Women,womens fierce flame deodorant 200 ml,Nan,Rs.,0.5,295,10% off,Fragrance-Women
arcelia,ARCELIA9,ARCELIA9 - Fragrance-Women,womens fierce flame eau de parfum 100 ml,Nan,Rs.,1495,1196,20% off,Fragrance-Women
arcelia,ARCELIA10,ARCELIA10 - Fragrance-Women,womens deo warm autumn 150 ml,Nan,Rs.,0.5,195,10% off,Fragrance-Women
arcelia,ARCELIA11,ARCELIA11 - Fragrance-Women,womens lucky in love deodorant 200 ml,Nan,Rs.,0.5,295,10% off,Fragrance-Women
arcelia,ARCELIA12,ARCELIA12 - Fragrance-Women,zingful zest body mist - invigorate - 200 ml,Nan,Rs.,595,476,20% off,Fragrance-Women
arcelia,ARCELIA13,ARCELIA13 - Fragrance-Women,womens crazy crush eau de parfum 100 ml,Nan,Rs.,1495,1196,20% off,Fragrance-Women
arcelia,ARCELIA14,ARCELIA14 - Fragrance-Women,womens crazy crush eau de parfum 20 ml,Nan,Rs.,495,396,20% off,Fragrance-Women
arcelia,ARCELIA15,ARCELIA15 - Fragrance-Women,womens lucky in love eau de parfum 20 ml,Nan,Rs.,495,396,20% off,Fragrance-Women
arcelia,ARCELIA16,ARCELIA16 - Fragrance-Women,womens magical mischief eau de parfum 100 ml,Nan,Rs.,1495,1196,20% off,Fragrance-Women
arcelia,ARCELIA17,ARCELIA17 - Fragrance-Women,womens intense infatuation eau de parfum 20 ml,Nan,Rs.,495,396,20% off,Fragrance-Women
arcelia,ARCELIA18,ARCELIA18 - Fragrance-Women,delicious dive body mist - pomegranate - 200 ml,Nan,Rs.,595,476,20% off,Fragrance-Women
arcelia,ARCELIA19,ARCELIA19 - Fragrance-Women,womens magical mischief eau de parfum 20 ml,Nan,Rs.,495,396,20% off,Fragrance-Women
arcelia,ARCELIA20,ARCELIA20 - Fragrance-Women,womens lucky in love eau de parfum 100 ml,Nan,Rs.,1495,1196,20% off,Fragrance-Women
arcelia,ARCELIA21,ARCELIA21 - Fragrance-Women,arcelia body mist – 200ml,Nan,Rs.,595,476,20% off,Fragrance-Women
ariana,ARIANA1,ARIANA1 - Westernwear-Women,unisex duosafe reversible mask - pack of 2 - multi,Nan,Rs.,,200,10% off,Westernwear-Women
ariana,ARIANA2,ARIANA2 - Westernwear-Women,unisex unosafe strechable mask - pack of 4 - multi,Nan,Rs.,,200,10% off,Westernwear-Women
armani exchange,ARMANI EXCHANGE1,ARMANI EXCHANGE1 - Watches-Women,womens 30 mm lola silver dial stainless steel analog watch - ax5542,Nan,Rs.,11995,7197,40% off,Watches-Women
armani exchange,ARMANI EXCHANGE2,ARMANI EXCHANGE2 - Watches-Women,womens brooke silver dial leather analogue watch - ax5323,Nan,Rs.,8995,6296,30% off,Watches-Women
armani exchange,ARMANI EXCHANGE3,ARMANI EXCHANGE3 - Watches-Women,womens 32 mm black dial leather analogue watch - ax5382i,Nan,Rs.,9995,7996,20% off,Watches-Women
armani exchange,ARMANI EXCHANGE4,ARMANI EXCHANGE4 - Watches-Women,womens 36 mm lady hampton rose gold dial stainless steel analog watch - ax5264i,Nan,Rs.,94.5,13995,10% off,Watches-Women
armani exchange,ARMANI EXCHANGE5,ARMANI EXCHANGE5 - Watches-Women,womens brooke silver dial leather analogue watch - ax5323i,Nan,Rs.,8995,6296,30% off,Watches-Women
armani exchange,ARMANI EXCHANGE6,ARMANI EXCHANGE6 - Watches-Women,mens black dial chronograph watch - ax1326i,Nan,Rs.,94.5,9995,10% off,Watches-Women
armani exchange,ARMANI EXCHANGE7,ARMANI EXCHANGE7 - Watches-Women,womens 38 mm lady giacomo silver dial stainless steel analog watch - ax5655i,Nan,Rs.,44.5,15495,10% off,Watches-Women
armani exchange,ARMANI EXCHANGE8,ARMANI EXCHANGE8 - Watches-Women,mens 44 mm grey dial silicone chronograph watch - ax7123,Nan,Rs.,10995,8796,20% off,Watches-Women
armani exchange,ARMANI EXCHANGE9,ARMANI EXCHANGE9 - Watches-Women,womens lola white dial stainless steel analogue watch - ax5537,Nan,Rs.,94.5,10995,10% off,Watches-Women
armani exchange,ARMANI EXCHANGE10,ARMANI EXCHANGE10 - Watches-Women,womens 36 mm lola black dial stainless steel analogue watch - ax5548,Nan,Rs.,94.5,12995,10% off,Watches-Women
armani exchange,ARMANI EXCHANGE11,ARMANI EXCHANGE11 - Watches-Women,womens 38 mm hampton silver dial stainless steel analog watch - ax5261,Nan,Rs.,44.5,21495,10% off,Watches-Women
armani exchange,ARMANI EXCHANGE12,ARMANI EXCHANGE12 - Watches-Women,womens lady hampton blue dial silicone analog watch - ax5266i,Nan,Rs.,4.5,8995,10% off,Watches-Women
armani exchange,ARMANI EXCHANGE13,ARMANI EXCHANGE13 - Watches-Women,womens 36 mm lola rose gold dial leather analog watch - ax5577i,Nan,Rs.,10995,7696,30% off,Watches-Women
armani exchange,ARMANI EXCHANGE14,ARMANI EXCHANGE14 - Watches-Women,womens 36 mm maroon dial stainless steel analog watch - ax5912i,Nan,Rs.,44.5,14495,10% off,Watches-Women
armani exchange,ARMANI EXCHANGE15,ARMANI EXCHANGE15 - Watches-Women,womens 36 mm grey dial stainless steel analogue watch - ax5257i,Nan,Rs.,94.5,13995,10% off,Watches-Women
armani exchange,ARMANI EXCHANGE16,ARMANI EXCHANGE16 - Watches-Women,womens 36 mm silver dial stainless steel analog watch - ax7130set,Nan,Rs.,94.5,10995,10% off,Watches-Women
armani exchange,ARMANI EXCHANGE17,ARMANI EXCHANGE17 - Watches-Women,womens white dial metallic analogue watch - ax5802i,Nan,Rs.,94.5,11995,10% off,Watches-Women
armani exchange,ARMANI EXCHANGE18,ARMANI EXCHANGE18 - Watches-Women,womens 36 mm silver dial stainless steel analogue watch - ax5573,Nan,Rs.,94.5,12995,10% off,Watches-Women
armani exchange,ARMANI EXCHANGE19,ARMANI EXCHANGE19 - Watches-Women,womens brooke black dial leather analogue watch - ax5329i,Nan,Rs.,94.5,10995,10% off,Watches-Women
armani exchange,ARMANI EXCHANGE20,ARMANI EXCHANGE20 - Watches-Women,womens 36 mm silver dial stainless steel analogue watch - ax5573i,Nan,Rs.,94.5,12995,10% off,Watches-Women
armani exchange,ARMANI EXCHANGE21,ARMANI EXCHANGE21 - Watches-Women,womens 36 mm white dial leather analogue watch - ax5260i,Nan,Rs.,12995,10396,20% off,Watches-Women
armani exchange,ARMANI EXCHANGE22,ARMANI EXCHANGE22 - Watches-Women,womens 38 mm brooke gold dial leather analogue watch - ax5324,Nan,Rs.,94.5,10995,10% off,Watches-Women
armani exchange,ARMANI EXCHANGE23,ARMANI EXCHANGE23 - Watches-Women,womens lola mother of pearl dial leather analogue watch - ax5561,Nan,Rs.,9995,7996,20% off,Watches-Women
armani exchange,ARMANI EXCHANGE24,ARMANI EXCHANGE24 - Watches-Women,womens silver dial analogue watch - wfiae-ax5381i,Nan,Rs.,94.5,12995,10% off,Watches-Women
armani exchange,ARMANI EXCHANGE25,ARMANI EXCHANGE25 - Watches-Women,womens 36 mm lola silver dial stainless steel analogue watch - ax5537,Nan,Rs.,94.5,10995,10% off,Watches-Women
armani exchange,ARMANI EXCHANGE26,ARMANI EXCHANGE26 - Watches-Women,womens 36 mm lola rose gold dial leather analog watch - ax5577,Nan,Rs.,10995,7696,30% off,Watches-Women
armani exchange,ARMANI EXCHANGE27,ARMANI EXCHANGE27 - Watches-Women,womens zoe rose gold analogue watch - ax5901,Nan,Rs.,44.5,13495,10% off,Watches-Women
armani exchange,ARMANI EXCHANGE28,ARMANI EXCHANGE28 - Watches-Women,womens 36 mm rose gold dial leather analog watch - ax5913i,Nan,Rs.,13995,11196,20% off,Watches-Women
armani exchange,ARMANI EXCHANGE29,ARMANI EXCHANGE29 - Watches-Women,women rose gold watch with sunray dial - ax5602i,Nan,Rs.,94.5,12995,10% off,Watches-Women
armani exchange,ARMANI EXCHANGE30,ARMANI EXCHANGE30 - Watches-Women,womens 38 mm lady giacomo gold dial leather analog watch - ax5656i,Nan,Rs.,94.5,13995,10% off,Watches-Women
armani exchange,ARMANI EXCHANGE31,ARMANI EXCHANGE31 - Watches-Women,womens 36 mm white dial stainless steel analogue watch - ax5258i,Nan,Rs.,94.5,13995,10% off,Watches-Women
arteastri,ARTEASTRI1,ARTEASTRI1 - Indianwear-Women,jamdani silk festive wear womens saree - navy,Nan,Rs.,5,10550,10% off,Indianwear-Women
arteastri,ARTEASTRI2,ARTEASTRI2 - Indianwear-Women,regular length silk woven kantha work womens dupatta - olive,Nan,Rs.,3.9,2349,10% off,Indianwear-Women
arteastri,ARTEASTRI3,ARTEASTRI3 - Indianwear-Women,embroidered cotton regular fit womens work wear stole - sage,Nan,Rs.,0,2000,10% off,Indianwear-Women
arteastri,ARTEASTRI4,ARTEASTRI4 - Indianwear-Women,jamdani geometric cotton regular fit womens saree - grey,Nan,Rs.,5,3250,10% off,Indianwear-Women
arteastri,ARTEASTRI5,ARTEASTRI5 - Indianwear-Women,floral regular length cotton womens stole - black,Nan,Rs.,0,1800,10% off,Indianwear-Women
arteastri,ARTEASTRI6,ARTEASTRI6 - Indianwear-Women,geometric cotton regular fit womens work wear stole - green,Nan,Rs.,5,1650,10% off,Indianwear-Women
arteastri,ARTEASTRI7,ARTEASTRI7 - Indianwear-Women,geometric cotton regular fit womens work wear stole - green,Nan,Rs.,5,1650,10% off,Indianwear-Women
arteastri,ARTEASTRI8,ARTEASTRI8 - Indianwear-Women,kantha embroidered silk regular length womens dupatta - black,Nan,Rs.,9,6990,10% off,Indianwear-Women
arteastri,ARTEASTRI9,ARTEASTRI9 - Indianwear-Women,geometric regular length cotton womens stole - blue,Nan,Rs.,5,1650,10% off,Indianwear-Women
arteastri,ARTEASTRI10,ARTEASTRI10 - Indianwear-Women,jamdani wool regular length womens work wear stole - brown,Nan,Rs.,9,2990,10% off,Indianwear-Women
arteastri,ARTEASTRI11,ARTEASTRI11 - Indianwear-Women,kantha work embroidered silk regular length womens dupatta - mustard,Nan,Rs.,0,5000,10% off,Indianwear-Women
arteastri,ARTEASTRI12,ARTEASTRI12 - Indianwear-Women,embroidered cotton regular fit womens work wear stole - maroon,Nan,Rs.,0,1600,10% off,Indianwear-Women
arteastri,ARTEASTRI13,ARTEASTRI13 - Indianwear-Women,geometric cotton regular fit womens work wear stole - olive,Nan,Rs.,9,1690,10% off,Indianwear-Women
arteastri,ARTEASTRI14,ARTEASTRI14 - Indianwear-Women,shibori dyed cotton regular fit womens saree - indigo,Nan,Rs.,0,4800,10% off,Indianwear-Women
arteastri,ARTEASTRI15,ARTEASTRI15 - Indianwear-Women,dyed cotton regular fit womens work wear stole - black,Nan,Rs.,0,1400,10% off,Indianwear-Women
arteastri,ARTEASTRI16,ARTEASTRI16 - Indianwear-Women,embroidered silk regular fit womens party wear stole - ivory,Nan,Rs.,8.9,2799,10% off,Indianwear-Women
arteastri,ARTEASTRI17,ARTEASTRI17 - Indianwear-Women,regular length cotton woven womens jamdani dupatta - yellow,Nan,Rs.,5,2250,10% off,Indianwear-Women
arteastri,ARTEASTRI18,ARTEASTRI18 - Indianwear-Women,jamdani cotton fusion wear womens saree - grey,Nan,Rs.,0,4900,10% off,Indianwear-Women
arteastri,ARTEASTRI19,ARTEASTRI19 - Indianwear-Women,jamdani geometric cotton regular fit womens saree - black,Nan,Rs.,2.5,3975,10% off,Indianwear-Women
arteastri,ARTEASTRI20,ARTEASTRI20 - Indianwear-Women,jamdani geometric cotton regular fit womens saree - black,Nan,Rs.,0,4900,10% off,Indianwear-Women
arteastri,ARTEASTRI21,ARTEASTRI21 - Indianwear-Women,kantha work embroidered silk regular length womens dupatta - brown,Nan,Rs.,0,5000,10% off,Indianwear-Women
arteastri,ARTEASTRI22,ARTEASTRI22 - Indianwear-Women,embroidered silk regular fit womens party wear stole - yellow,Nan,Rs.,8.9,2799,10% off,Indianwear-Women
arteastri,ARTEASTRI23,ARTEASTRI23 - Indianwear-Women,regular length silk woven kantha work womens dupatta - green,Nan,Rs.,9,6790,10% off,Indianwear-Women
arteastri,ARTEASTRI24,ARTEASTRI24 - Indianwear-Women,regular length cotton woven womens jamdani dupatta - pink,Nan,Rs.,5,2250,10% off,Indianwear-Women
arteastri,ARTEASTRI25,ARTEASTRI25 - Indianwear-Women,jamdani cotton party wear womens saree - navy,Nan,Rs.,0,4500,10% off,Indianwear-Women
arteastri,ARTEASTRI26,ARTEASTRI26 - Indianwear-Women,jamdani cotton handloom casual womens saree - purple,Nan,Rs.,0,3500,10% off,Indianwear-Women
arteastri,ARTEASTRI27,ARTEASTRI27 - Indianwear-Women,floral regular length cotton womens stole - white,Nan,Rs.,5,1650,10% off,Indianwear-Women
arteastri,ARTEASTRI28,ARTEASTRI28 - Indianwear-Women,kantha work embroidered silk regular length womens dupatta - olive,Nan,Rs.,0,6500,10% off,Indianwear-Women
arteastri,ARTEASTRI29,ARTEASTRI29 - Indianwear-Women,embroidered silk regular fit womens work wear stole - cream,Nan,Rs.,0,3100,10% off,Indianwear-Women
arteastri,ARTEASTRI30,ARTEASTRI30 - Indianwear-Women,jamdani cotton handloom casual womens saree with zari border - black,Nan,Rs.,2.5,3975,10% off,Indianwear-Women
arteastri,ARTEASTRI31,ARTEASTRI31 - Indianwear-Women,geometric linen regular fit womens work wear stole - white,Nan,Rs.,9,1890,10% off,Indianwear-Women
arteastri,ARTEASTRI32,ARTEASTRI32 - Indianwear-Women,regular length cotton woven womens jamdani dupatta - black,Nan,Rs.,5,2350,10% off,Indianwear-Women
arteastri,ARTEASTRI33,ARTEASTRI33 - Indianwear-Women,regular length cotton woven handloom womens dupatta - blue,Nan,Rs.,0,2400,10% off,Indianwear-Women
arteastri,ARTEASTRI34,ARTEASTRI34 - Indianwear-Women,regular length cotton woven handloom womens dupatta - navy,Nan,Rs.,0,2400,10% off,Indianwear-Women
arteastri,ARTEASTRI35,ARTEASTRI35 - Indianwear-Women,regular length cotton woven kantha work womens dupatta - green,Nan,Rs.,9,2890,10% off,Indianwear-Women
arteastri,ARTEASTRI36,ARTEASTRI36 - Indianwear-Women,shibori dyed cotton regular fit womens saree - multi,Nan,Rs.,0,4800,10% off,Indianwear-Women
arteastri,ARTEASTRI37,ARTEASTRI37 - Indianwear-Women,geometric silk regular fit womens work wear stole - blue,Nan,Rs.,0,3100,10% off,Indianwear-Women
arteastri,ARTEASTRI38,ARTEASTRI38 - Indianwear-Women,shibori silk fusion wear womens saree - maroon,Nan,Rs.,0,4900,10% off,Indianwear-Women
arteastri,ARTEASTRI39,ARTEASTRI39 - Indianwear-Women,floral regular length cotton linen blend womens stole - green,Nan,Rs.,9,1690,10% off,Indianwear-Women
arteastri,ARTEASTRI40,ARTEASTRI40 - Indianwear-Women,geometric cotton regular fit womens work wear stole - purple,Nan,Rs.,5,1650,10% off,Indianwear-Women
arteastri,ARTEASTRI41,ARTEASTRI41 - Indianwear-Women,solid silk regular fit womens work wear stole - magenta,Nan,Rs.,0,1700,10% off,Indianwear-Women
arteastri,ARTEASTRI42,ARTEASTRI42 - Indianwear-Women,embroidered silk regular fit womens party wear stole - black,Nan,Rs.,8.9,2799,10% off,Indianwear-Women
arteastri,ARTEASTRI43,ARTEASTRI43 - Indianwear-Women,geometric cotton regular fit womens work wear stole - brown,Nan,Rs.,5,1650,10% off,Indianwear-Women
arteastri,ARTEASTRI44,ARTEASTRI44 - Indianwear-Women,embroidered cotton regular fit womens work wear stole - maroon,Nan,Rs.,0,1600,10% off,Indianwear-Women
arteastri,ARTEASTRI45,ARTEASTRI45 - Indianwear-Women,jamdani geometric cotton regular fit womens saree - magenta,Nan,Rs.,5,3250,10% off,Indianwear-Women
arteastri,ARTEASTRI46,ARTEASTRI46 - Indianwear-Women,regular length cotton woven handloom womens dupatta - navy,Nan,Rs.,0,2400,10% off,Indianwear-Women
arteastri,ARTEASTRI47,ARTEASTRI47 - Indianwear-Women,regular length cotton blend woven handloom womens dupatta - navy,Nan,Rs.,0,3500,10% off,Indianwear-Women
arteastri,ARTEASTRI48,ARTEASTRI48 - Indianwear-Women,jamdani silk handloom festive womens saree - cream,Nan,Rs.,20,11200,10% off,Indianwear-Women
arteastri,ARTEASTRI49,ARTEASTRI49 - Indianwear-Women,kantha work embroidered silk regular length womens dupatta - grey,Nan,Rs.,0,6500,10% off,Indianwear-Women
arteastri,ARTEASTRI50,ARTEASTRI50 - Indianwear-Women,geometric cotton eri fit womens work wear stole - ivory,Nan,Rs.,5,2550,10% off,Indianwear-Women
arteastri,ARTEASTRI51,ARTEASTRI51 - Indianwear-Women,regular length cotton woven embroidered womens dupatta - navy,Nan,Rs.,9,1990,10% off,Indianwear-Women
arteastri,ARTEASTRI52,ARTEASTRI52 - Indianwear-Women,shibori cotton blend fusion wear womens saree - green,Nan,Rs.,0,4800,10% off,Indianwear-Women
arteastri,ARTEASTRI53,ARTEASTRI53 - Indianwear-Women,regular length cotton woven handloom womens dupatta - navy,Nan,Rs.,0,2400,10% off,Indianwear-Women
arteastri,ARTEASTRI54,ARTEASTRI54 - Indianwear-Women,jamdani cotton fusion wear womens saree - navy,Nan,Rs.,0,4900,10% off,Indianwear-Women
arteastri,ARTEASTRI55,ARTEASTRI55 - Indianwear-Women,regular length cotton woven womens jamdani dupatta - pink,Nan,Rs.,5,2250,10% off,Indianwear-Women
arteastri,ARTEASTRI56,ARTEASTRI56 - Indianwear-Women,handloom cotton merino wool regular length womens work wear stole - red,Nan,Rs.,5,2150,10% off,Indianwear-Women
arteastri,ARTEASTRI57,ARTEASTRI57 - Indianwear-Women,regular length cotton woven womens jamdani dupatta - black,Nan,Rs.,5,2350,10% off,Indianwear-Women
arteastri,ARTEASTRI58,ARTEASTRI58 - Indianwear-Women,kantha embroidered silk regular length womens dupatta - off white,Nan,Rs.,5,6750,10% off,Indianwear-Women
arteastri,ARTEASTRI59,ARTEASTRI59 - Indianwear-Women,geometric cotton regular fit womens work wear stole - cream,Nan,Rs.,5,1750,10% off,Indianwear-Women
arteastri,ARTEASTRI60,ARTEASTRI60 - Indianwear-Women,dyed silk regular fit womens party wear stole - electric,Nan,Rs.,9,2690,10% off,Indianwear-Women
arteastri,ARTEASTRI61,ARTEASTRI61 - Indianwear-Women,stripes cotton eri fit womens work wear stole - black,Nan,Rs.,5,2550,10% off,Indianwear-Women
arteastri,ARTEASTRI62,ARTEASTRI62 - Indianwear-Women,floral regular length cotton womens stole - grey,Nan,Rs.,9,1690,10% off,Indianwear-Women
arteastri,ARTEASTRI63,ARTEASTRI63 - Indianwear-Women,geometric silk regular fit womens party wear stole - black,Nan,Rs.,0,2800,10% off,Indianwear-Women
arteastri,ARTEASTRI64,ARTEASTRI64 - Indianwear-Women,embroidered cotton regular fit womens party wear stole - blue,Nan,Rs.,0,2000,10% off,Indianwear-Women
arteastri,ARTEASTRI65,ARTEASTRI65 - Indianwear-Women,jamdani wool regular length womens work wear stole - green,Nan,Rs.,9,2990,10% off,Indianwear-Women
arteastri,ARTEASTRI66,ARTEASTRI66 - Indianwear-Women,jacquard silk regular fit womens party wear stole - yellow,Nan,Rs.,0,2800,10% off,Indianwear-Women
arteastri,ARTEASTRI67,ARTEASTRI67 - Indianwear-Women,textured regular length silk womens stole - green,Nan,Rs.,7.5,2425,10% off,Indianwear-Women
arteastri,ARTEASTRI68,ARTEASTRI68 - Indianwear-Women,regular length cotton woven womens jamdani dupatta - brown,Nan,Rs.,5,2250,10% off,Indianwear-Women
arteastri,ARTEASTRI69,ARTEASTRI69 - Indianwear-Women,geometric regular length cotton womens stole - blue,Nan,Rs.,5,1650,10% off,Indianwear-Women
arteastri,ARTEASTRI70,ARTEASTRI70 - Indianwear-Women,regular length cotton woven womens jamdani dupatta - yellow,Nan,Rs.,5,2250,10% off,Indianwear-Women
arteastri,ARTEASTRI71,ARTEASTRI71 - Indianwear-Women,jamdani geometric cotton regular fit womens saree - green,Nan,Rs.,5,3250,10% off,Indianwear-Women
arteastri,ARTEASTRI72,ARTEASTRI72 - Indianwear-Women,geometric silk regular fit womens work wear stole - white,Nan,Rs.,0,3100,10% off,Indianwear-Women
arteastri,ARTEASTRI73,ARTEASTRI73 - Indianwear-Women,regular length cotton woven womens jamdani dupatta - navy,Nan,Rs.,5,2350,10% off,Indianwear-Women
arteastri,ARTEASTRI74,ARTEASTRI74 - Indianwear-Women,shibori wool regular length womens casual wear stole - brown,Nan,Rs.,9,2690,10% off,Indianwear-Women
arteastri,ARTEASTRI75,ARTEASTRI75 - Indianwear-Women,shibori cotton blend fusion wear womens saree - navy,Nan,Rs.,0,4800,10% off,Indianwear-Women
arteastri,ARTEASTRI76,ARTEASTRI76 - Indianwear-Women,woven shibori cotton blend handloom fusion womens saree - rust,Nan,Rs.,0,4800,10% off,Indianwear-Women
arteastri,ARTEASTRI77,ARTEASTRI77 - Indianwear-Women,geometric cotton regular fit womens work wear stole - purple,Nan,Rs.,5,1650,10% off,Indianwear-Women
arteastri,ARTEASTRI78,ARTEASTRI78 - Indianwear-Women,handloom wool regular length womens casual wear stole - maroon,Nan,Rs.,0.5,3455,10% off,Indianwear-Women
arteastri,ARTEASTRI79,ARTEASTRI79 - Indianwear-Women,jacquard regular length cotton womens stole - black,Nan,Rs.,5,1650,10% off,Indianwear-Women
arteastri,ARTEASTRI80,ARTEASTRI80 - Indianwear-Women,jamdani wool regular length womens work wear stole - multi,Nan,Rs.,9,2990,10% off,Indianwear-Women
arteastri,ARTEASTRI81,ARTEASTRI81 - Indianwear-Women,jamdani wool regular length womens work wear stole - cream,Nan,Rs.,9,2990,10% off,Indianwear-Women
arteastri,ARTEASTRI82,ARTEASTRI82 - Indianwear-Women,jamdani geometric cotton regular fit womens saree - green,Nan,Rs.,5,3250,10% off,Indianwear-Women
arteastri,ARTEASTRI83,ARTEASTRI83 - Indianwear-Women,jamdani geometric cotton regular fit womens saree - blue,Nan,Rs.,0,4900,10% off,Indianwear-Women
arteastri,ARTEASTRI84,ARTEASTRI84 - Indianwear-Women,regular length cotton woven embroidered womens dupatta - navy,Nan,Rs.,9,1990,10% off,Indianwear-Women
arteastri,ARTEASTRI85,ARTEASTRI85 - Indianwear-Women,textured regular length silk womens stole - pink,Nan,Rs.,7.5,2425,10% off,Indianwear-Women
arteastri,ARTEASTRI86,ARTEASTRI86 - Indianwear-Women,woven shibori cotton blend handloom fusion womens saree - rust,Nan,Rs.,0,4800,10% off,Indianwear-Women
arteastri,ARTEASTRI87,ARTEASTRI87 - Indianwear-Women,jamdani wool regular length womens work wear stole - green,Nan,Rs.,9,2990,10% off,Indianwear-Women
arteastri,ARTEASTRI88,ARTEASTRI88 - Indianwear-Women,regular length cotton woven kantha work womens dupatta - brown,Nan,Rs.,9,2890,10% off,Indianwear-Women
arteastri,ARTEASTRI89,ARTEASTRI89 - Indianwear-Women,embroidered cotton party wear womens saree - green,Nan,Rs.,9,3990,10% off,Indianwear-Women
arteastri,ARTEASTRI90,ARTEASTRI90 - Indianwear-Women,handloom cotton merino wool regular length womens work wear stole - black,Nan,Rs.,5,2150,10% off,Indianwear-Women
arteastri,ARTEASTRI91,ARTEASTRI91 - Indianwear-Women,regular length cotton woven embroidered womens dupatta - navy,Nan,Rs.,0,2600,10% off,Indianwear-Women
arteastri,ARTEASTRI92,ARTEASTRI92 - Indianwear-Women,geometric cotton regular fit womens work wear stole - black,Nan,Rs.,5,1550,10% off,Indianwear-Women
arteastri,ARTEASTRI93,ARTEASTRI93 - Indianwear-Women,dyed cotton regular fit womens work wear stole - red,Nan,Rs.,0,1400,10% off,Indianwear-Women
arteastri,ARTEASTRI94,ARTEASTRI94 - Indianwear-Women,handloom wool regular length womens casual wear stole - grey,Nan,Rs.,0.5,3455,10% off,Indianwear-Women
arteastri,ARTEASTRI95,ARTEASTRI95 - Indianwear-Women,woven design regular length silk womens stole - brown,Nan,Rs.,0,3100,10% off,Indianwear-Women
arteastri,ARTEASTRI96,ARTEASTRI96 - Indianwear-Women,geometric cotton regular fit womens work wear stole - green,Nan,Rs.,5,1650,10% off,Indianwear-Women
arteastri,ARTEASTRI97,ARTEASTRI97 - Indianwear-Women,shibori silk fusion wear womens saree - grey,Nan,Rs.,0,4900,10% off,Indianwear-Women
arteastri,ARTEASTRI98,ARTEASTRI98 - Indianwear-Women,floral regular length silk womens stole - white,Nan,Rs.,0,1800,10% off,Indianwear-Women
arteastri,ARTEASTRI99,ARTEASTRI99 - Indianwear-Women,textured regular length silk womens stole - peach,Nan,Rs.,7.5,2425,10% off,Indianwear-Women
arteastri,ARTEASTRI100,ARTEASTRI100 - Indianwear-Women,embroidered cotton eri regular fit womens work wear stole - red,Nan,Rs.,5,2550,10% off,Indianwear-Women
arteastri,ARTEASTRI101,ARTEASTRI101 - Indianwear-Women,jamdani geometric cotton regular fit womens saree - pink,Nan,Rs.,5,3250,10% off,Indianwear-Women
arteastri,ARTEASTRI102,ARTEASTRI102 - Indianwear-Women,shibori wool regular length womens casual wear stole - orange,Nan,Rs.,9,2690,10% off,Indianwear-Women
arteastri,ARTEASTRI103,ARTEASTRI103 - Indianwear-Women,geometric cotton regular fit womens work wear stole - natural,Nan,Rs.,0,1500,10% off,Indianwear-Women
arteastri,ARTEASTRI104,ARTEASTRI104 - Indianwear-Women,shibori silk fusion wear womens saree - indigo,Nan,Rs.,0,4900,10% off,Indianwear-Women
arteastri,ARTEASTRI105,ARTEASTRI105 - Indianwear-Women,geometric cotton regular fit womens work wear stole - lavender,Nan,Rs.,0,1700,10% off,Indianwear-Women
arteastri,ARTEASTRI106,ARTEASTRI106 - Indianwear-Women,regular length cotton woven womens jamdani dupatta - natural,Nan,Rs.,5,2250,10% off,Indianwear-Women
arteastri,ARTEASTRI107,ARTEASTRI107 - Indianwear-Women,stripes cotton linen blend regular fit womens work wear stole - yellow,Nan,Rs.,9,1890,10% off,Indianwear-Women
arteastri,ARTEASTRI108,ARTEASTRI108 - Indianwear-Women,shibori silk fusion wear womens saree - orange,Nan,Rs.,0,4900,10% off,Indianwear-Women
arteastri,ARTEASTRI109,ARTEASTRI109 - Indianwear-Women,floral regular length cotton womens stole - red,Nan,Rs.,0,1800,10% off,Indianwear-Women
arteastri,ARTEASTRI110,ARTEASTRI110 - Indianwear-Women,shibori wool regular length womens casual wear stole - grey,Nan,Rs.,9,2690,10% off,Indianwear-Women
arteastri,ARTEASTRI111,ARTEASTRI111 - Indianwear-Women,shibori silk fusion wear womens saree - maroon,Nan,Rs.,0,4900,10% off,Indianwear-Women
arteastri,ARTEASTRI112,ARTEASTRI112 - Indianwear-Women,floral regular length cotton womens stole - cream,Nan,Rs.,5,1650,10% off,Indianwear-Women
arteastri,ARTEASTRI113,ARTEASTRI113 - Indianwear-Women,floral regular length cotton womens stole - cream,Nan,Rs.,2.5,1775,10% off,Indianwear-Women
arteastri,ARTEASTRI114,ARTEASTRI114 - Indianwear-Women,embroidered regular length silk womens stole - cream,Nan,Rs.,8.9,2799,10% off,Indianwear-Women
arteastri,ARTEASTRI115,ARTEASTRI115 - Indianwear-Women,shibori silk fusion wear womens saree - indigo,Nan,Rs.,0,4900,10% off,Indianwear-Women
arteastri,ARTEASTRI116,ARTEASTRI116 - Indianwear-Women,jamdani cotton party wear womens saree - navy,Nan,Rs.,0,4500,10% off,Indianwear-Women
arteastri,ARTEASTRI117,ARTEASTRI117 - Indianwear-Women,floral regular length cotton womens stole - cream,Nan,Rs.,2.5,1775,10% off,Indianwear-Women
arteastri,ARTEASTRI118,ARTEASTRI118 - Indianwear-Women,geometric cotton regular fit womens work wear stole - black,Nan,Rs.,0,1500,10% off,Indianwear-Women
arteastri,ARTEASTRI119,ARTEASTRI119 - Indianwear-Women,jamdani geometric cotton regular fit womens saree - brown,Nan,Rs.,0,4900,10% off,Indianwear-Women
arteastri,ARTEASTRI120,ARTEASTRI120 - Indianwear-Women,woven shibori cotton blend handloom fusion womens saree - sea green,Nan,Rs.,0,4800,10% off,Indianwear-Women
arteastri,ARTEASTRI121,ARTEASTRI121 - Indianwear-Women,floral regular length cotton womens stole - pink,Nan,Rs.,5,1650,10% off,Indianwear-Women
arteastri,ARTEASTRI122,ARTEASTRI122 - Indianwear-Women,shibori wool regular length womens casual wear stole - indigo,Nan,Rs.,9,2690,10% off,Indianwear-Women
arteastri,ARTEASTRI123,ARTEASTRI123 - Indianwear-Women,geometric cotton regular fit womens work wear stole - natural,Nan,Rs.,5,1650,10% off,Indianwear-Women
arteastri,ARTEASTRI124,ARTEASTRI124 - Indianwear-Women,woven design regular length silk blend womens stole - blue,Nan,Rs.,5,2550,10% off,Indianwear-Women
arteastri,ARTEASTRI125,ARTEASTRI125 - Indianwear-Women,shibori silk fusion wear womens saree - grey,Nan,Rs.,0,4900,10% off,Indianwear-Women
arteastri,ARTEASTRI126,ARTEASTRI126 - Indianwear-Women,floral regular length silk womens stole - cream,Nan,Rs.,8.9,2799,10% off,Indianwear-Women
arteastri,ARTEASTRI127,ARTEASTRI127 - Indianwear-Women,floral regular length cotton womens stole - cream,Nan,Rs.,2.5,1775,10% off,Indianwear-Women
arteastri,ARTEASTRI128,ARTEASTRI128 - Indianwear-Women,handloom cotton merino wool regular length womens work wear stole - navy,Nan,Rs.,5,2150,10% off,Indianwear-Women
arteastri,ARTEASTRI129,ARTEASTRI129 - Indianwear-Women,floral regular length cotton womens stole - blue,Nan,Rs.,5,1650,10% off,Indianwear-Women
arteastri,ARTEASTRI130,ARTEASTRI130 - Indianwear-Women,geometric cotton regular fit womens work wear stole - blue,Nan,Rs.,9,1690,10% off,Indianwear-Women
arteastri,ARTEASTRI131,ARTEASTRI131 - Indianwear-Women,textured regular length silk womens stole - indigo,Nan,Rs.,7.5,2425,10% off,Indianwear-Women
arteastri,ARTEASTRI132,ARTEASTRI132 - Indianwear-Women,floral regular length cotton womens stole - grey,Nan,Rs.,9,1690,10% off,Indianwear-Women
arteastri,ARTEASTRI133,ARTEASTRI133 - Indianwear-Women,regular length cotton woven embroidered womens dupatta - navy,Nan,Rs.,0,2600,10% off,Indianwear-Women
arteastri,ARTEASTRI134,ARTEASTRI134 - Indianwear-Women,jamdani wool regular length womens work wear stole - multi,Nan,Rs.,9,2990,10% off,Indianwear-Women
arteastri,ARTEASTRI135,ARTEASTRI135 - Indianwear-Women,jamdani wool regular length womens work wear stole - multi,Nan,Rs.,9,2990,10% off,Indianwear-Women
arteastri,ARTEASTRI136,ARTEASTRI136 - Indianwear-Women,textured regular length silk womens stole - aqua,Nan,Rs.,7.5,2425,10% off,Indianwear-Women
arteastri,ARTEASTRI137,ARTEASTRI137 - Indianwear-Women,regular length cotton woven womens jamdani dupatta - brown,Nan,Rs.,5,2350,10% off,Indianwear-Women
arteastri,ARTEASTRI138,ARTEASTRI138 - Indianwear-Women,geometric regular length cotton womens stole - blue,Nan,Rs.,5,1650,10% off,Indianwear-Women
aspen,ASPEN1,ASPEN1 - Fragrance-Women,mens eau de cologne 118 ml,Nan,Rs.,0,1900,10% off,Fragrance-Women
athome,ATHOME1,ATHOME1 - Westernwear-Women,solid cotton round neck womens regular gown - black,Size:10,Rs.,3499,2799,20% off,Westernwear-Women
aurelia,AURELIA1,AURELIA1 - Indianwear-Women,printed viscose round neck womens straight kurta - red,"Size:Large,Medium,Small,X-Large,X-Small,XX-Large",Rs.,1399,979,30% off,Indianwear-Women
aurelia,AURELIA2,AURELIA2 - Indianwear-Women,solid cotton flex mandarin womens straight kurta - blue,"Size:Large,Medium,Small,X-Large,X-Small,XX-Large",Rs.,1049,629,40% off,Indianwear-Women
aurelia,AURELIA3,AURELIA3 - Indianwear-Women,printed viscose mandarin womens straight kurta - green,"Size:Large,Medium,Small,X-Small",Rs.,8.9,1599,10% off,Indianwear-Women
aurelia,AURELIA4,AURELIA4 - Indianwear-Women,yarn dyed band with v straight womens kurta - black,"Size:Large,Medium,Small,X-Large,X-Small,XX-Large",Rs.,999,499,50% off,Indianwear-Women
aurelia,AURELIA5,AURELIA5 - Indianwear-Women,round neck cotton blend womens knee length kurta - blue,"Size:Medium,Small,X-Small,XX-Large",Rs.,1049,524,50% off,Indianwear-Women
aurelia,AURELIA6,AURELIA6 - Indianwear-Women,printed polyester v neck womens ethnic set - green,"Size:Large,Medium,Small,X-Large,X-Small,XX-Large",Rs.,8.9,3999,10% off,Indianwear-Women
aurelia,AURELIA7,AURELIA7 - Indianwear-Women,printed poly blend womens festive dupatta - green,Nan,Rs.,8.9,999,10% off,Indianwear-Women
aurelia,AURELIA8,AURELIA8 - Indianwear-Women,solid cotton flex mandarin womens straight kurta - green,"Size:Large,Medium,Small,X-Small,XX-Large",Rs.,1049,524,50% off,Indianwear-Women
aurelia,AURELIA9,AURELIA9 - Indianwear-Women,printed polyester round neck womens ethnic set - red,"Size:Medium,Small,X-Small,XX-Large",Rs.,1899,1329,30% off,Indianwear-Women
aurelia,AURELIA10,AURELIA10 - Indianwear-Women,cotton round neck womens kurta set - purple,"Size:Large,Medium,Small,X-Large,X-Small",Rs.,1999,1399,30% off,Indianwear-Women
aurelia,AURELIA11,AURELIA11 - Indianwear-Women,band with v cotton womens knee length kurta - natural,"Size:Large,Medium,Small,X-Small",Rs.,999,499,50% off,Indianwear-Women
aurelia,AURELIA12,AURELIA12 - Indianwear-Women,yarn dyed viscose v neck womens straight kurta - blue,"Size:Large,Medium,Small,X-Large,X-Small,XX-Large",Rs.,1499,1049,30% off,Indianwear-Women
aurelia,AURELIA13,AURELIA13 - Indianwear-Women,dyed cotton round neck womens straight kurta - blue,"Size:Large,Medium,Small,X-Large,X-Small,XX-Large",Rs.,999,699,30% off,Indianwear-Women
aurelia,AURELIA14,AURELIA14 - Indianwear-Women,yarn dyed band with v straight womens kurta - yellow,"Size:Large,Medium,Small,X-Large,X-Small,XX-Large",Rs.,999,499,50% off,Indianwear-Women
aurelia,AURELIA15,AURELIA15 - Indianwear-Women,yarn dyed round neck a-line womens kurta - blue,"Size:X-Large,XX-Large",Rs.,2499,1249,50% off,Indianwear-Women
aurelia,AURELIA16,AURELIA16 - Indianwear-Women,printed polyester round neck womens straight dress - grey,"Size:Large,Medium,Small,X-Large,X-Small,XX-Large",Rs.,2199,1539,30% off,Indianwear-Women
aurelia,AURELIA17,AURELIA17 - Indianwear-Women,dyed cotton womens casual dupatta - white,Nan,Rs.,0.9,499,10% off,Indianwear-Women
aurelia,AURELIA18,AURELIA18 - Indianwear-Women,yarn dyed band with v straight womens kurta - navy,"Size:Medium,Small,X-Large,XX-Large",Rs.,999,499,50% off,Indianwear-Women
aurelia,AURELIA19,AURELIA19 - Indianwear-Women,yarn dyed band with v straight womens kurta - blue,"Size:Large,Medium,Small,X-Large,X-Small,XX-Large",Rs.,999,499,50% off,Indianwear-Women
aurelia,AURELIA20,AURELIA20 - Indianwear-Women,printed v-neck cotton womens knee length kurta - green,"Size:Large,Medium,Small,X-Large,X-Small,XX-Large",Rs.,8.9,1599,10% off,Indianwear-Women
aurelia,AURELIA21,AURELIA21 - Indianwear-Women,printed round neck straight womens kurta - mustard,Size:Medium,Rs.,1049,524,50% off,Indianwear-Women
aurelia,AURELIA22,AURELIA22 - Indianwear-Women,yarn dyed band with v straight womens kurta - pink,"Size:Large,Medium,Small,X-Large,X-Small,XX-Large",Rs.,999,499,50% off,Indianwear-Women
aurelia,AURELIA23,AURELIA23 - Indianwear-Women,printed polyester round neck womens flared dress - purple,"Size:Large,Medium,Small,X-Large,X-Small,XX-Large",Rs.,8.9,2999,10% off,Indianwear-Women
aurelia,AURELIA24,AURELIA24 - Indianwear-Women,printed chanderi round neck womens ethnic set - pink,"Size:Large,Medium,Small,X-Large,XX-Large",Rs.,4699,3289,30% off,Indianwear-Women
aurelia,AURELIA25,AURELIA25 - Indianwear-Women,dyed cotton womens straight kurta - peach,"Size:Large,Medium,Small,X-Large,X-Small,XX-Large",Rs.,8.9,999,10% off,Indianwear-Women
aurelia,AURELIA26,AURELIA26 - Indianwear-Women,yarn dyed cotton round neck womens straight kurta - green,"Size:Medium,Small,X-Large,X-Small,XX-Large",Rs.,1099,769,30% off,Indianwear-Women
aurelia,AURELIA27,AURELIA27 - Indianwear-Women,printed viscose womens festive palazzo - green,"Size:Large,Medium,Small,X-Large,XX-Large",Rs.,1999,1399,30% off,Indianwear-Women
aurelia,AURELIA28,AURELIA28 - Indianwear-Women,solid cotton blend band with v womens kurta set - peach,"Size:Large,Medium,Small,X-Large,X-Small",Rs.,2999,2099,30% off,Indianwear-Women
aurelia,AURELIA29,AURELIA29 - Indianwear-Women,printed cotton round neck womens kurta set - pink,"Size:Large,Medium,Small,X-Large,X-Small",Rs.,3399,2379,30% off,Indianwear-Women
aurelia,AURELIA30,AURELIA30 - Indianwear-Women,printed viscose round neck womens straight kurta - pink,"Size:Large,Medium,Small,X-Large,X-Small,XX-Large",Rs.,1399,979,30% off,Indianwear-Women
aurelia,AURELIA31,AURELIA31 - Indianwear-Women,printed round neck viscose womens calf length kurta - blue,"Size:Large,Medium,Small,X-Large,X-Small,XX-Large",Rs.,1099,769,30% off,Indianwear-Women
aurelia,AURELIA32,AURELIA32 - Indianwear-Women,dyed cotton round neck womens above knee kurta - maroon,"Size:Large,Medium,Small,X-Large,X-Small,XX-Large",Rs.,1049,524,50% off,Indianwear-Women
aurelia,AURELIA33,AURELIA33 - Indianwear-Women,printed viscose round neck womens ethnic set - grey,"Size:Medium,Small,X-Large,X-Small,XX-Large",Rs.,1999,1399,30% off,Indianwear-Women
aurelia,AURELIA34,AURELIA34 - Indianwear-Women,mandarin cotton womens calf length kurta - navy,"Size:Large,Medium,Small,X-Large,X-Small,XX-Large",Rs.,1199,839,30% off,Indianwear-Women
aurelia,AURELIA35,AURELIA35 - Indianwear-Women,dyed poly viscose round neck womens flared kurta - red,"Size:Large,Medium,Small,X-Large,X-Small,XX-Large",Rs.,2499,1749,30% off,Indianwear-Women
aurelia,AURELIA36,AURELIA36 - Indianwear-Women,yarn dyed round neck straight womens kurta - pink,Size:Medium,Rs.,1199,599,50% off,Indianwear-Women
aurelia,AURELIA37,AURELIA37 - Indianwear-Women,printed viscose regular fit womens casual culottes - pink,"Size:Large,Medium,Small,X-Large,XX-Large",Rs.,1299,909,30% off,Indianwear-Women
aurelia,AURELIA38,AURELIA38 - Indianwear-Women,printed round neck straight womens kurta - maroon,"Size:Small,X-Small",Rs.,999,499,50% off,Indianwear-Women
aurelia,AURELIA39,AURELIA39 - Indianwear-Women,printed viscose round neck womens straight kurta - pink,Size:Small,Rs.,8.9,1399,10% off,Indianwear-Women
aurelia,AURELIA40,AURELIA40 - Indianwear-Women,solid cotton blend womens casual trousers - yellow,"Size:Large,Medium,Small,X-Large,XX-Large",Rs.,999,699,30% off,Indianwear-Women
aurelia,AURELIA41,AURELIA41 - Indianwear-Women,solid mandarin cotton blend womens above knee kurta - yellow,"Size:Large,Medium,Small,X-Large,X-Small,XX-Large",Rs.,1049,629,40% off,Indianwear-Women
aurelia,AURELIA42,AURELIA42 - Indianwear-Women,round neck cotton straight designer womens dresses - grey,"Size:Large,Medium,Small,X-Large,X-Small,XX-Large",Rs.,2199,1539,30% off,Indianwear-Women
aurelia,AURELIA43,AURELIA43 - Indianwear-Women,round neck rayon womens below knee kurta - pink,"Size:Large,Medium,Small,X-Large,X-Small,XX-Large",Rs.,2299,1609,30% off,Indianwear-Women
aurelia,AURELIA44,AURELIA44 - Indianwear-Women,printed viscose round neck womens straight kurta - grey,"Size:Large,Medium,Small",Rs.,8.9,1099,10% off,Indianwear-Women
aurelia,AURELIA45,AURELIA45 - Indianwear-Women,solid cotton blend womens casual trousers - white,"Size:Medium,Small,X-Large,X-Small",Rs.,8.9,999,10% off,Indianwear-Women
aurelia,AURELIA46,AURELIA46 - Indianwear-Women,cotton blend round neck womens kurta set - orange,"Size:Large,Medium,Small,X-Large,X-Small,XX-Large",Rs.,2299,1609,30% off,Indianwear-Women
aurelia,AURELIA47,AURELIA47 - Indianwear-Women,yarn dyed round neck straight womens kurta - blue,Size:Medium,Rs.,999,499,50% off,Indianwear-Women
aurelia,AURELIA48,AURELIA48 - Indianwear-Women,printed polyester boat neck womens straight kurta - blue,"Size:Large,Medium,Small,X-Large,X-Small,XX-Large",Rs.,8.9,1199,10% off,Indianwear-Women
aurelia,AURELIA49,AURELIA49 - Indianwear-Women,solid cotton mandarin womens kurta set - blue,"Size:Large,Medium,Small,X-Large,X-Small,XX-Large",Rs.,3299,2309,30% off,Indianwear-Women
aurelia,AURELIA50,AURELIA50 - Indianwear-Women,printed polyester round neck womens ethnic set - blue,"Size:Large,Medium,Small",Rs.,8.9,4999,10% off,Indianwear-Women
aurelia,AURELIA51,AURELIA51 - Indianwear-Women,yarn dyed cotton mandarin womens straight kurta - black,"Size:Large,Medium,Small,X-Large,X-Small,XX-Large",Rs.,1199,839,30% off,Indianwear-Women
aurelia,AURELIA52,AURELIA52 - Indianwear-Women,printed polyester womens flared dress - green,"Size:Large,Medium,Small,X-Large,X-Small,XX-Large",Rs.,8.9,3399,10% off,Indianwear-Women
aurelia,AURELIA53,AURELIA53 - Indianwear-Women,printed polyester round neck womens straight kurta - green,"Size:Large,Medium,Small,X-Large,X-Small,XX-Large",Rs.,8.9,1799,10% off,Indianwear-Women
aurelia,AURELIA54,AURELIA54 - Indianwear-Women,round neck cotton womens below knee kurta - yellow,"Size:Large,Medium,Small,X-Large,X-Small,XX-Large",Rs.,8.9,1299,10% off,Indianwear-Women
aurelia,AURELIA55,AURELIA55 - Indianwear-Women,solid georgette round neck womens ethnic set - blue,"Size:Large,Medium,Small,X-Large,XX-Large",Rs.,4899,3429,30% off,Indianwear-Women
aurelia,AURELIA56,AURELIA56 - Indianwear-Women,regular fit polyester womens festive skirt - blue,"Size:Large,Medium,Small,X-Large,XX-Large",Rs.,8.9,2499,10% off,Indianwear-Women
aurelia,AURELIA57,AURELIA57 - Indianwear-Women,dyed cotton womens straight kurta - purple,"Size:Large,Medium,Small,X-Small,XX-Large",Rs.,1199,839,30% off,Indianwear-Women
aurelia,AURELIA58,AURELIA58 - Indianwear-Women,printed viscose mandarin womens straight kurta - natural,"Size:Large,Medium,Small,X-Large,X-Small,XX-Large",Rs.,1399,979,30% off,Indianwear-Women
aurelia,AURELIA59,AURELIA59 - Indianwear-Women,printed band collar straight womens kurta - natural,"Size:X-Small,XX-Large",Rs.,1499,749,50% off,Indianwear-Women
aurelia,AURELIA60,AURELIA60 - Indianwear-Women,printed viscose womens straight kurta - grey,"Size:Large,Medium,Small,X-Large,X-Small,XX-Large",Rs.,1499,1049,30% off,Indianwear-Women
aurelia,AURELIA61,AURELIA61 - Indianwear-Women,printed cotton mandarin womens flared dress - yellow,"Size:Large,Medium,Small,X-Large,X-Small,XX-Large",Rs.,8.9,3999,10% off,Indianwear-Women
aurelia,AURELIA62,AURELIA62 - Indianwear-Women,yarn dyed cotton round neck womens ethnic set - peach,"Size:Large,Medium,Small,X-Large,XX-Large",Rs.,1999,1399,30% off,Indianwear-Women
aurelia,AURELIA63,AURELIA63 - Indianwear-Women,dyed cotton v-neck womens knee length kurta - red,Size:XX-Large,Rs.,799,399,50% off,Indianwear-Women
aurelia,AURELIA64,AURELIA64 - Indianwear-Women,elfino chiffon woven womens dupatta - pink,Nan,Rs.,699,419,40% off,Indianwear-Women
aurelia,AURELIA65,AURELIA65 - Indianwear-Women,solid cotton flax womens non festive trousers - white,"Size:Large,Small,X-Large,X-Small",Rs.,0.9,899,10% off,Indianwear-Women
aurelia,AURELIA66,AURELIA66 - Indianwear-Women,mandarin straight designer womens kurtas - blue,"Size:Large,Medium,Small,X-Large,X-Small,XX-Large",Rs.,1399,979,30% off,Indianwear-Women
aurelia,AURELIA67,AURELIA67 - Indianwear-Women,yarn dyed cotton round neck womens ethnic set - green,"Size:Large,Medium,Small,X-Large,X-Small,XX-Large",Rs.,1999,1399,30% off,Indianwear-Women
aurelia,AURELIA68,AURELIA68 - Indianwear-Women,printed man made fibre womens casual dupatta - grey,Nan,Rs.,0.9,799,10% off,Indianwear-Women
aurelia,AURELIA69,AURELIA69 - Indianwear-Women,printed viscose poly mandarin womens straight kurta - green,"Size:Large,Medium,Small,X-Large,X-Small,XX-Large",Rs.,1399,979,30% off,Indianwear-Women
aurelia,AURELIA70,AURELIA70 - Indianwear-Women,printed polyester womens festive palazzo - red,"Size:X-Large,XX-Large",Rs.,0.9,799,10% off,Indianwear-Women
aurelia,AURELIA71,AURELIA71 - Indianwear-Women,printed polyester round neck womens ethnic set - green,"Size:Large,Medium,Small,X-Large",Rs.,8.9,4999,10% off,Indianwear-Women
aurelia,AURELIA72,AURELIA72 - Indianwear-Women,yarn dyed cotton round neck womens straight kurta - white,"Size:Large,Medium,Small,X-Large,X-Small,XX-Large",Rs.,1199,839,30% off,Indianwear-Women
aurelia,AURELIA73,AURELIA73 - Indianwear-Women,dyed cotton womens ethnic set - black,"Size:Large,Medium,Small,X-Large,XX-Large",Rs.,1999,1399,30% off,Indianwear-Women
aurelia,AURELIA74,AURELIA74 - Indianwear-Women,printed polyester round neck womens ethnic set - green,"Size:Large,Medium,Small,X-Large,X-Small,XX-Large",Rs.,8.9,1899,10% off,Indianwear-Women
aurelia,AURELIA75,AURELIA75 - Indianwear-Women,printed polyester v neck womens straight kurta - white,"Size:Medium,Small,X-Small",Rs.,999,699,30% off,Indianwear-Women
aurelia,AURELIA76,AURELIA76 - Indianwear-Women,printed polyester round neck womens flared dress - white,"Size:Large,Medium,Small,X-Large,X-Small,XX-Large",Rs.,8.9,2499,10% off,Indianwear-Women
aurelia,AURELIA77,AURELIA77 - Indianwear-Women,solid cotton womens straight kurta - blue,"Size:Large,Medium,Small,X-Large,X-Small,XX-Large",Rs.,1299,909,30% off,Indianwear-Women
aurelia,AURELIA78,AURELIA78 - Indianwear-Women,printed round neck cotton womens knee length kurta - pink,"Size:Large,Medium,Small,X-Large,X-Small",Rs.,8.9,1199,10% off,Indianwear-Women
aurelia,AURELIA79,AURELIA79 - Indianwear-Women,printed viscose blend round neck womens ethnic set - brown,"Size:Large,Medium,Small,XX-Large",Rs.,8.9,3999,10% off,Indianwear-Women
aurelia,AURELIA80,AURELIA80 - Indianwear-Women,yarn dyed band collar dobby womens straight dress - green,"Size:Large,Small",Rs.,2599,1299,50% off,Indianwear-Women
aurelia,AURELIA81,AURELIA81 - Indianwear-Women,yarn dyed round neck straight womens kurta - black,"Size:Small,X-Large",Rs.,1199,599,50% off,Indianwear-Women
aurelia,AURELIA82,AURELIA82 - Indianwear-Women,dyed rayon collared neck womens above knee kurta - blue,"Size:Large,Medium,Small,X-Large,X-Small",Rs.,8.9,1599,10% off,Indianwear-Women
aurelia,AURELIA83,AURELIA83 - Indianwear-Women,yarn dyed viscose poly slub regular fit womens palazzo - multi,"Size:Large,Medium,Small,X-Large",Rs.,999,699,30% off,Indianwear-Women
aurelia,AURELIA84,AURELIA84 - Indianwear-Women,band with placket cotton womens calf length kurta - purple,"Size:Medium,X-Small,XX-Large",Rs.,999,699,30% off,Indianwear-Women
aurelia,AURELIA85,AURELIA85 - Indianwear-Women,printed viscose round neck womens ethnic set - pink,"Size:Medium,Small,X-Large",Rs.,4599,2299,50% off,Indianwear-Women
aurelia,AURELIA86,AURELIA86 - Indianwear-Women,printed poly viscose womens ethnic set - white,"Size:Large,Medium,Small,X-Large,XX-Large",Rs.,8.9,3799,10% off,Indianwear-Women
aurelia,AURELIA87,AURELIA87 - Indianwear-Women,printed polyester round neck womens ethnic set - green,"Size:Large,Medium,Small,X-Large,X-Small,XX-Large",Rs.,1899,1329,30% off,Indianwear-Women
aurelia,AURELIA88,AURELIA88 - Indianwear-Women,printed viscose blend regular fit womens kurta set - green,"Size:Large,Medium,Small,X-Large,XX-Large",Rs.,8.9,4199,10% off,Indianwear-Women
aurelia,AURELIA89,AURELIA89 - Indianwear-Women,round neck cotton womens knee length kurta - orange,"Size:Large,Medium,X-Large,X-Small,XX-Large",Rs.,1049,734,30% off,Indianwear-Women
aurelia,AURELIA90,AURELIA90 - Indianwear-Women,printed viscose regular fit womens palazzo - peach,"Size:Large,Medium,Small,X-Large,XX-Large",Rs.,1199,839,30% off,Indianwear-Women
aurelia,AURELIA91,AURELIA91 - Indianwear-Women,solid cotton blend womens casual trousers - pink,"Size:Large,Medium,Small,X-Large,XX-Large",Rs.,8.9,999,10% off,Indianwear-Women
aurelia,AURELIA92,AURELIA92 - Indianwear-Women,dyed cotton round neck womens straight kurta - green,"Size:Large,Medium,Small,X-Large,XX-Large",Rs.,1299,909,30% off,Indianwear-Women
aurelia,AURELIA93,AURELIA93 - Indianwear-Women,solid band with v cotton blend womens knee length kurta - yellow,"Size:Medium,Small,X-Small",Rs.,1399,979,30% off,Indianwear-Women
aurelia,AURELIA94,AURELIA94 - Indianwear-Women,round neck cotton womens calf length kurta - navy,"Size:Large,Medium,Small,X-Large,X-Small,XX-Large",Rs.,1299,909,30% off,Indianwear-Women
aurelia,AURELIA95,AURELIA95 - Indianwear-Women,yarn dyed cotton collar neck womens a line kurta - navy,"Size:Large,Medium,Small,X-Large,X-Small,XX-Large",Rs.,8.9,2299,10% off,Indianwear-Women
aurelia,AURELIA96,AURELIA96 - Indianwear-Women,solid cotton blend womens casual trousers - black,"Size:Large,Medium,Small,X-Large,XX-Large",Rs.,8.9,999,10% off,Indianwear-Women
aurelia,AURELIA97,AURELIA97 - Indianwear-Women,printed cotton mandarin womens straight kurta - grey,"Size:Large,Medium,Small,X-Large,X-Small,XX-Large",Rs.,1299,909,30% off,Indianwear-Women
aurelia,AURELIA98,AURELIA98 - Indianwear-Women,solid georgette round neck womens ethnic set - yellow,"Size:Large,Medium,Small,X-Large,XX-Large",Rs.,4899,3429,30% off,Indianwear-Women
aurelia,AURELIA99,AURELIA99 - Indianwear-Women,dyed cotton womens straight kurta - navy,"Size:Large,Medium,Small,X-Large,X-Small,XX-Large",Rs.,1499,1049,30% off,Indianwear-Women
aurelia,AURELIA100,AURELIA100 - Indianwear-Women,printed polyester v neck womens straight kurta - blue,"Size:Large,Medium,Small,X-Small",Rs.,999,699,30% off,Indianwear-Women
aurelia,AURELIA101,AURELIA101 - Indianwear-Women,printed polyester round neck womens ankle length kurta - brown,"Size:Medium,XX-Large",Rs.,2199,1099,50% off,Indianwear-Women
aurelia,AURELIA102,AURELIA102 - Indianwear-Women,solid polyester mandarin womens straight kurta - black,"Size:Large,Medium,Small,X-Large,X-Small,XX-Large",Rs.,8.9,1099,10% off,Indianwear-Women
aurelia,AURELIA103,AURELIA103 - Indianwear-Women,solid cotton flex regular fit womens casual trousers - pink,"Size:Large,Medium,Small,X-Large,XX-Large",Rs.,3.9,1049,10% off,Indianwear-Women
aurelia,AURELIA104,AURELIA104 - Indianwear-Women,solid cotton flex regular fit womens casual culottes - green,"Size:Large,Medium,Small,XX-Large",Rs.,1049,734,30% off,Indianwear-Women
aurelia,AURELIA105,AURELIA105 - Indianwear-Women,yarn dyed round neck straight womens kurta - navy,Size:X-Small,Rs.,1299,649,50% off,Indianwear-Women
aurelia,AURELIA106,AURELIA106 - Indianwear-Women,dyed cotton round neck womens ethnic set - purple,"Size:Large,Medium,Small,X-Large,X-Small,XX-Large",Rs.,1999,1399,30% off,Indianwear-Women
aurelia,AURELIA107,AURELIA107 - Indianwear-Women,printed cotton womens casual palazzo - blue,"Size:Large,Medium,Small,X-Large",Rs.,899,629,30% off,Indianwear-Women
aurelia,AURELIA108,AURELIA108 - Indianwear-Women,printed polyester womens straight kurta - pink,"Size:Large,Medium,Small,X-Large,X-Small,XX-Large",Rs.,999,699,30% off,Indianwear-Women
aurelia,AURELIA109,AURELIA109 - Indianwear-Women,round neck cotton womens below knee kurta - multi,"Size:Large,Medium,Small,X-Large,X-Small,XX-Large",Rs.,1599,1119,30% off,Indianwear-Women
aurelia,AURELIA110,AURELIA110 - Indianwear-Women,printed cotton round neck womens straight kurta - yellow,"Size:Large,Medium,Small,X-Large,X-Small,XX-Large",Rs.,1299,909,30% off,Indianwear-Women
aurelia,AURELIA111,AURELIA111 - Indianwear-Women,band with placket cotton womens knee length kurta - green,"Size:Large,Medium,Small,X-Large,X-Small",Rs.,8.9,1599,10% off,Indianwear-Women
aurelia,AURELIA112,AURELIA112 - Indianwear-Women,printed 60's cambric womens non festive culottes - blue,"Size:Large,XX-Large",Rs.,1049,629,40% off,Indianwear-Women
aurelia,AURELIA113,AURELIA113 - Indianwear-Women,printed poly blend womens festive dupatta - red,Nan,Rs.,8.9,999,10% off,Indianwear-Women
aurelia,AURELIA114,AURELIA114 - Indianwear-Women,printed viscose womens ethnic set - pink,"Size:Large,Medium,Small,X-Large,X-Small,XX-Large",Rs.,1999,1399,30% off,Indianwear-Women
aurelia,AURELIA115,AURELIA115 - Indianwear-Women,round neck straight designer womens kurtas - blue,"Size:Large,Medium,Small,X-Large,X-Small,XX-Large",Rs.,1049,734,30% off,Indianwear-Women
aurelia,AURELIA116,AURELIA116 - Indianwear-Women,printed viscose blend womens regular fit palazzo - pink,"Size:Medium,Small",Rs.,999,599,40% off,Indianwear-Women
aurelia,AURELIA117,AURELIA117 - Indianwear-Women,printed viscose round neck womens ethnic set - green,Size:Medium,Rs.,3599,2159,40% off,Indianwear-Women
aurelia,AURELIA118,AURELIA118 - Indianwear-Women,solid cotton blend band with v womens kurta set - yellow,"Size:Large,Medium,Small,X-Large",Rs.,2999,2099,30% off,Indianwear-Women
aurelia,AURELIA119,AURELIA119 - Indianwear-Women,regular fit polyester womens festive skirt - multi,"Size:Large,Medium,Small,X-Large,XX-Large",Rs.,2399,1679,30% off,Indianwear-Women
aurelia,AURELIA120,AURELIA120 - Indianwear-Women,printed polyester v neck womens ethnic set - blue,"Size:Large,Medium,Small,X-Large,X-Small,XX-Large",Rs.,8.9,2999,10% off,Indianwear-Women
aurelia,AURELIA121,AURELIA121 - Indianwear-Women,printed viscose v-neck womens flared dress - black,"Size:Large,Medium,Small,X-Large,X-Small,XX-Large",Rs.,8.9,2799,10% off,Indianwear-Women
aurelia,AURELIA122,AURELIA122 - Indianwear-Women,printed viscose mandarin womens straight kurta - pink,"Size:Large,Medium,Small,X-Large,X-Small,XX-Large",Rs.,1399,979,30% off,Indianwear-Women
aurelia,AURELIA123,AURELIA123 - Indianwear-Women,boat neck cotton womens knee length kurta - blue,"Size:Large,Medium,Small,X-Large,X-Small,XX-Large",Rs.,1499,1049,30% off,Indianwear-Women
aurelia,AURELIA124,AURELIA124 - Indianwear-Women,dyed cotton regular fit womens dupatta - pink,Nan,Rs.,0.9,799,10% off,Indianwear-Women
aurelia,AURELIA125,AURELIA125 - Indianwear-Women,yarn dyed cotton regular fit womens casual wear dupatta - blue,Nan,Rs.,0.9,499,10% off,Indianwear-Women
aurelia,AURELIA126,AURELIA126 - Indianwear-Women,round neck cotton womens calf length kurta - white,"Size:Large,Medium,Small,X-Large,X-Small,XX-Large",Rs.,2599,1819,30% off,Indianwear-Women
aurelia,AURELIA127,AURELIA127 - Indianwear-Women,collar neck polyester a line designer womens dresses - natural,"Size:Large,Medium,Small,X-Large,XX-Large",Rs.,1999,1399,30% off,Indianwear-Women
aurelia,AURELIA128,AURELIA128 - Indianwear-Women,printed crepe mandarin womens flared kurta - orange,"Size:Large,Medium,Small,X-Large,XX-Large",Rs.,2799,1399,50% off,Indianwear-Women
aurelia,AURELIA129,AURELIA129 - Indianwear-Women,yarn dyed round neck straight womens kurta - gold,Size:Large,Rs.,1499,749,50% off,Indianwear-Women
aurelia,AURELIA130,AURELIA130 - Indianwear-Women,printed viscose round neck womens straight kurta - peach,"Size:Large,Medium,Small,X-Large,X-Small,XX-Large",Rs.,8.9,1099,10% off,Indianwear-Women
aurelia,AURELIA131,AURELIA131 - Indianwear-Women,printed polyester regular fit womens dress - grey,"Size:Large,Medium,Small,X-Large,X-Small,XX-Large",Rs.,8.9,3799,10% off,Indianwear-Women
aurelia,AURELIA132,AURELIA132 - Indianwear-Women,solid round neck cotton blend womens knee length kurta - black,"Size:Large,Medium,X-Large,XX-Large",Rs.,999,699,30% off,Indianwear-Women
aurelia,AURELIA133,AURELIA133 - Indianwear-Women,dyed polyester round neck womens straight kurta - blue,"Size:Large,Medium,Small,X-Large,X-Small,XX-Large",Rs.,1599,1119,30% off,Indianwear-Women
aurelia,AURELIA134,AURELIA134 - Indianwear-Women,printed polyester womens flared dress - black,"Size:Large,Medium,Small,X-Large,X-Small,XX-Large",Rs.,8.9,3399,10% off,Indianwear-Women
aurelia,AURELIA135,AURELIA135 - Indianwear-Women,printed round neck straight womens kurta - off white,Size:X-Small,Rs.,1199,599,50% off,Indianwear-Women
aurelia,AURELIA136,AURELIA136 - Indianwear-Women,printed polyester womens festive palazzo - green,"Size:Large,Medium,Small,X-Large,XX-Large",Rs.,0.9,799,10% off,Indianwear-Women
aurelia,AURELIA137,AURELIA137 - Indianwear-Women,mandarin straight designer womens kurtas - peach,"Size:Large,Medium,Small,X-Large,X-Small,XX-Large",Rs.,999,699,30% off,Indianwear-Women
aurelia,AURELIA138,AURELIA138 - Indianwear-Women,dyed cotton womens straight kurta - green,"Size:Large,Medium,Small,X-Large,X-Small,XX-Large",Rs.,1599,1119,30% off,Indianwear-Women
aurelia,AURELIA139,AURELIA139 - Indianwear-Women,printed polyester round neck womens ethnic set - natural,"Size:Large,X-Large",Rs.,3799,1899,50% off,Indianwear-Women
aurelia,AURELIA140,AURELIA140 - Indianwear-Women,dyed cotton womens straight kurta - blue,"Size:Large,Medium,Small,X-Large,X-Small,XX-Large",Rs.,1599,1119,30% off,Indianwear-Women
aurelia,AURELIA141,AURELIA141 - Indianwear-Women,solid american crepe womens non festive palazzo - white,"Size:Large,Medium,Small,X-Large,X-Small,XX-Large",Rs.,8.9,1499,10% off,Indianwear-Women
aurelia,AURELIA142,AURELIA142 - Indianwear-Women,dyed cotton round neck womens ethnic set - green,"Size:Large,Medium,Small,X-Large,X-Small,XX-Large",Rs.,1799,1259,30% off,Indianwear-Women
aurelia,AURELIA143,AURELIA143 - Indianwear-Women,yarn dyed band with placket straight womens kurta - peach,Size:Large,Rs.,1499,749,50% off,Indianwear-Women
aurelia,AURELIA144,AURELIA144 - Indianwear-Women,regular fit polyester womens festive skirt - pink,"Size:Large,Medium,Small,X-Large,XX-Large",Rs.,2399,1679,30% off,Indianwear-Women
aurelia,AURELIA145,AURELIA145 - Indianwear-Women,printed silver chiffon regular fit womens casual wear dupatta - yellow,Nan,Rs.,0.9,799,10% off,Indianwear-Women
aurelia,AURELIA146,AURELIA146 - Indianwear-Women,printed viscose round neck womens ethnic set - peach,"Size:Large,Medium",Rs.,3999,1999,50% off,Indianwear-Women
aurelia,AURELIA147,AURELIA147 - Indianwear-Women,printed cotton blend mandarin womens kurta set - white,"Size:Large,Medium,Small,X-Large",Rs.,8.9,4199,10% off,Indianwear-Women
aurelia,AURELIA148,AURELIA148 - Indianwear-Women,dyed cotton mandarin womens a line kurta - black,"Size:Large,Medium,Small,X-Small,XX-Large",Rs.,8.9,2599,10% off,Indianwear-Women
aurelia,AURELIA149,AURELIA149 - Indianwear-Women,solid viscose v-neck womens above knee kurta - pink,"Size:Small,X-Large,X-Small,XX-Large",Rs.,8.9,1599,10% off,Indianwear-Women
aurelia,AURELIA150,AURELIA150 - Indianwear-Women,cotton rayon round neck womens kurta - off white,"Size:Medium,X-Large",Rs.,1299,649,50% off,Indianwear-Women
aurelia,AURELIA151,AURELIA151 - Indianwear-Women,dyed viscose v neck womens straight kurta - red,"Size:Large,Medium,Small,X-Large,X-Small,XX-Large",Rs.,1499,1049,30% off,Indianwear-Women
aurelia,AURELIA152,AURELIA152 - Indianwear-Women,printed polyester blend womens festive palazzo - gold,"Size:Large,Medium,Small,X-Large,XX-Large",Rs.,8.9,999,10% off,Indianwear-Women
aurelia,AURELIA153,AURELIA153 - Indianwear-Women,printed chanderi round neck womens ethnic set - blue,"Size:Large,Medium,Small,X-Large,XX-Large",Rs.,8.9,4999,10% off,Indianwear-Women
aurelia,AURELIA154,AURELIA154 - Indianwear-Women,printed viscose round neck womens straight kurta - yellow,"Size:Large,Medium,Small,X-Large,X-Small,XX-Large",Rs.,1099,769,30% off,Indianwear-Women
aurelia,AURELIA155,AURELIA155 - Indianwear-Women,printed round neck straight womens kurta - yellow,Size:XX-Large,Rs.,1299,649,50% off,Indianwear-Women
aurelia,AURELIA156,AURELIA156 - Indianwear-Women,round neck cotton womens knee length kurta - orange,"Size:Large,Medium,Small,X-Large,X-Small,XX-Large",Rs.,1199,839,30% off,Indianwear-Women
aurelia,AURELIA157,AURELIA157 - Indianwear-Women,printed georgette womens ethnic set - blue,"Size:Large,Medium,Small,X-Large,X-Small,XX-Large",Rs.,8.9,3399,10% off,Indianwear-Women
aurelia,AURELIA158,AURELIA158 - Indianwear-Women,dyed rayon womens ethnic set - green,"Size:Large,Medium,Small,X-Large,XX-Large",Rs.,8.9,4299,10% off,Indianwear-Women
aurelia,AURELIA159,AURELIA159 - Indianwear-Women,solid band with v cotton blend womens knee length kurta - peach,"Size:Large,Medium,Small,X-Large,X-Small,XX-Large",Rs.,1399,979,30% off,Indianwear-Women
aurelia,AURELIA160,AURELIA160 - Indianwear-Women,round neck rayon womens below knee kurta - green,"Size:Large,Medium,Small,X-Large,X-Small,XX-Large",Rs.,8.9,2299,10% off,Indianwear-Women
aurelia,AURELIA161,AURELIA161 - Indianwear-Women,printed viscose mandarin womens flared dress - olive,"Size:Large,Medium,Small,X-Large,X-Small,XX-Large",Rs.,2599,1819,30% off,Indianwear-Women
aurelia,AURELIA162,AURELIA162 - Indianwear-Women,printed band neck with slit straight womens kurta - blue,"Size:X-Large,XX-Large",Rs.,1499,749,50% off,Indianwear-Women
aurelia,AURELIA163,AURELIA163 - Indianwear-Women,printed rayon blend round neck womens straight kurta - white,"Size:Large,Medium,Small,X-Large,X-Small",Rs.,8.9,1499,10% off,Indianwear-Women
aurelia,AURELIA164,AURELIA164 - Indianwear-Women,viscose poly womens festive trousers - multi,"Size:Large,Medium,Small,X-Large,XX-Large",Rs.,8.9,999,10% off,Indianwear-Women
aurelia,AURELIA165,AURELIA165 - Indianwear-Women,printed round neck polyester womens flared dress - navy,"Size:Large,Small,X-Large,X-Small",Rs.,1899,949,50% off,Indianwear-Women
aurelia,AURELIA166,AURELIA166 - Indianwear-Women,printed polyester round neck womens straight kurta - blue,"Size:Large,Medium,Small,X-Large,X-Small,XX-Large",Rs.,8.9,1799,10% off,Indianwear-Women
aurelia,AURELIA167,AURELIA167 - Indianwear-Women,dyed cotton womens ethnic set - navy,"Size:Large,Medium,Small,X-Large,X-Small,XX-Large",Rs.,1999,1399,30% off,Indianwear-Women
aurelia,AURELIA168,AURELIA168 - Indianwear-Women,printed round neck viscose womens calf length kurta - blue,"Size:Large,Medium,Small,X-Large,X-Small",Rs.,8.9,1499,10% off,Indianwear-Women
aurelia,AURELIA169,AURELIA169 - Indianwear-Women,printed band with placket straight womens kurta - orange,Size:X-Large,Rs.,2199,1099,50% off,Indianwear-Women
aurelia,AURELIA170,AURELIA170 - Indianwear-Women,printed round neck straight womens kurta - maroon,Size:Small,Rs.,1299,649,50% off,Indianwear-Women
aurelia,AURELIA171,AURELIA171 - Indianwear-Women,printed polyester mandarin womens flared dress - green,Size:Large,Rs.,2499,1499,40% off,Indianwear-Women
aurelia,AURELIA172,AURELIA172 - Indianwear-Women,printed viscose round neck womens straight kurta - yellow,"Size:Large,Medium,Small,X-Large,X-Small,XX-Large",Rs.,1499,1049,30% off,Indianwear-Women
aurelia,AURELIA173,AURELIA173 - Indianwear-Women,mandarin straight designer womens kurtas - yellow,"Size:Large,Medium,Small,X-Large,X-Small,XX-Large",Rs.,1399,979,30% off,Indianwear-Women
aurelia,AURELIA174,AURELIA174 - Indianwear-Women,solid cotton flex regular fit womens casual trousers - blue,"Size:Large,Medium,Small,X-Large",Rs.,999,699,30% off,Indianwear-Women
aurelia,AURELIA175,AURELIA175 - Indianwear-Women,dyed regular fit viscose blend womens casual trousers - grey,"Size:Large,Medium,Small,X-Large,XX-Large",Rs.,8.9,999,10% off,Indianwear-Women
aurelia,AURELIA176,AURELIA176 - Indianwear-Women,printed polyester womens flared dress - green,"Size:Large,Medium,Small,X-Large,X-Small,XX-Large",Rs.,8.9,2999,10% off,Indianwear-Women
aurelia,AURELIA177,AURELIA177 - Indianwear-Women,dyed cotton mandarin womens a line kurta - pink,Size:Small,Rs.,8.9,2599,10% off,Indianwear-Women
aurelia,AURELIA178,AURELIA178 - Indianwear-Women,printed polyester regular fit womens dupatta - orange,Nan,Rs.,8.9,999,10% off,Indianwear-Women
aurelia,AURELIA179,AURELIA179 - Indianwear-Women,yarn dyed cotton regular fit womens casual wear dupatta - yellow,Nan,Rs.,0.9,499,10% off,Indianwear-Women
aurelia,AURELIA180,AURELIA180 - Indianwear-Women,printed round neck straight womens kurta - green,Size:Small,Rs.,1299,649,50% off,Indianwear-Women
aurelia,AURELIA181,AURELIA181 - Indianwear-Women,printed round neck cotton womens knee length kurta - yellow,"Size:Large,Medium,Small,X-Large,X-Small",Rs.,1199,839,30% off,Indianwear-Women
aurelia,AURELIA182,AURELIA182 - Indianwear-Women,cotton lycra woven womens tights - yellow,"Size:Large,Small,X-Large,XX-Large",Rs.,699,419,40% off,Indianwear-Women
aurelia,AURELIA183,AURELIA183 - Indianwear-Women,mandarin straight designer womens kurtas - blue,"Size:Large,Medium,Small,X-Large,X-Small,XX-Large",Rs.,1399,979,30% off,Indianwear-Women
aurelia,AURELIA184,AURELIA184 - Indianwear-Women,printed polyester round neck womens ethnic set - brown,"Size:Large,Medium,Small,X-Large,XX-Large",Rs.,8.9,3999,10% off,Indianwear-Women
aurelia,AURELIA185,AURELIA185 - Indianwear-Women,dyed cotton womens festive dupatta - gold,Nan,Rs.,0.9,499,10% off,Indianwear-Women
aurelia,AURELIA186,AURELIA186 - Indianwear-Women,printed viscose round neck womens ethnic set - pink,Size:XX-Large,Rs.,4599,2299,50% off,Indianwear-Women
aurelia,AURELIA187,AURELIA187 - Indianwear-Women,yarn dyed round neck straight womens kurta - pink,"Size:Large,X-Small",Rs.,1299,649,50% off,Indianwear-Women
aurelia,AURELIA188,AURELIA188 - Indianwear-Women,round neck straight designer womens kurtas - blue,"Size:Large,Medium,Small,X-Small,XX-Large",Rs.,1299,909,30% off,Indianwear-Women
aurelia,AURELIA189,AURELIA189 - Indianwear-Women,yarn dyed band neck with slit herringbone stripe womens flared dress - navy,Size:Medium,Rs.,2299,1149,50% off,Indianwear-Women
aurelia,AURELIA190,AURELIA190 - Indianwear-Women,printed polyester round neck womens ethnic set - yellow,"Size:Large,Medium,Small,X-Large,X-Small,XX-Large",Rs.,1899,1329,30% off,Indianwear-Women
aurelia,AURELIA191,AURELIA191 - Indianwear-Women,printed band collar straight womens kurta - wine,Size:Small,Rs.,1199,839,30% off,Indianwear-Women
aurelia,AURELIA192,AURELIA192 - Indianwear-Women,dyed poly viscose round neck womens flared kurta - green,"Size:Large,Medium,Small,X-Large,X-Small,XX-Large",Rs.,2499,1749,30% off,Indianwear-Women
aurelia,AURELIA193,AURELIA193 - Indianwear-Women,printed polyester round neck womens ethnic set - blue,Size:Medium,Rs.,3499,1749,50% off,Indianwear-Women
aurelia,AURELIA194,AURELIA194 - Indianwear-Women,band with placket cotton womens knee length kurta - natural,"Size:Large,Medium,Small,X-Large,X-Small,XX-Large",Rs.,8.9,1599,10% off,Indianwear-Women
aurelia,AURELIA195,AURELIA195 - Indianwear-Women,dyed rayon womens ethnic set - peach,"Size:Large,Medium,Small,X-Large,X-Small,XX-Large",Rs.,4299,3009,30% off,Indianwear-Women
aurelia,AURELIA196,AURELIA196 - Indianwear-Women,printed georgette round neck womens flared kurta - yellow,"Size:Large,Medium,Small,X-Large,X-Small,XX-Large",Rs.,8.9,2999,10% off,Indianwear-Women
aurelia,AURELIA197,AURELIA197 - Indianwear-Women,dyed collared neck viscose womens straight fit dress - blue,"Size:Large,Medium,Small,X-Large,X-Small,XX-Large",Rs.,1999,1399,30% off,Indianwear-Women
aurelia,AURELIA198,AURELIA198 - Indianwear-Women,dyed regular length cotton woven womens dupatta - pink,Nan,Rs.,799,479,40% off,Indianwear-Women
aurelia,AURELIA199,AURELIA199 - Indianwear-Women,printed viscose round neck womens straight kurta - pink,"Size:Medium,Small,X-Small",Rs.,8.9,1499,10% off,Indianwear-Women
aurelia,AURELIA200,AURELIA200 - Indianwear-Women,printed viscose womens festive palazzo - white,"Size:Large,Medium,Small,X-Large",Rs.,1199,839,30% off,Indianwear-Women
aurelia,AURELIA201,AURELIA201 - Indianwear-Women,band with placket cotton womens knee length kurta - yellow,"Size:Large,Medium,Small,X-Large,X-Small",Rs.,8.9,1199,10% off,Indianwear-Women
aurelia,AURELIA202,AURELIA202 - Indianwear-Women,round neck rayon womens below knee kurta - blue,"Size:Large,Medium,Small,X-Large,X-Small,XX-Large",Rs.,1199,839,30% off,Indianwear-Women
aurelia,AURELIA203,AURELIA203 - Indianwear-Women,dyed cotton round neck womens straight kurta - red,"Size:Medium,Small,XX-Large",Rs.,3.9,1049,10% off,Indianwear-Women
aurelia,AURELIA204,AURELIA204 - Indianwear-Women,printed viscose round neck womens flared dress - red,"Size:Small,XX-Large",Rs.,1799,899,50% off,Indianwear-Women
aurelia,AURELIA205,AURELIA205 - Indianwear-Women,dyed viscose round neck womens above knee kurta - white,Size:X-Large,Rs.,1699,849,50% off,Indianwear-Women
aurelia,AURELIA206,AURELIA206 - Indianwear-Women,dyed regular length cotton woven womens dupatta - blue,Nan,Rs.,0.9,499,10% off,Indianwear-Women
aurelia,AURELIA207,AURELIA207 - Indianwear-Women,round neck cotton womens knee length kurta - green,"Size:Large,Medium,Small,X-Large,X-Small,XX-Large",Rs.,1049,734,30% off,Indianwear-Women
aurelia,AURELIA208,AURELIA208 - Indianwear-Women,dyed cotton boat neck womens straight kurta - black,"Size:4X-Large,Large,Medium,Small,X-Small",Rs.,999,699,30% off,Indianwear-Women
aurelia,AURELIA209,AURELIA209 - Indianwear-Women,printed polyester round neck womens ethnic set - blue,Size:Medium,Rs.,3999,1999,50% off,Indianwear-Women
aurelia,AURELIA210,AURELIA210 - Indianwear-Women,dyed regular fit cotton womens casual trousers - purple,Size:Medium,Rs.,899,539,40% off,Indianwear-Women
aurelia,AURELIA211,AURELIA211 - Indianwear-Women,dyed cotton round neck womens straight kurta - green,"Size:Large,Medium,Small,X-Small",Rs.,8.9,1499,10% off,Indianwear-Women
aurelia,AURELIA212,AURELIA212 - Indianwear-Women,dyed cotton round neck womens ethnic set - green,"Size:Large,Medium,Small,X-Large,X-Small,XX-Large",Rs.,1699,1189,30% off,Indianwear-Women
aurelia,AURELIA213,AURELIA213 - Indianwear-Women,dyed cotton round neck womens above knee kurta - blue,"Size:Large,Medium,Small,X-Large,X-Small,XX-Large",Rs.,1049,734,30% off,Indianwear-Women
aurelia,AURELIA214,AURELIA214 - Indianwear-Women,printed cotton round neck womens straight kurta - yellow,"Size:Large,Medium,Small,X-Large,X-Small,XX-Large",Rs.,1299,909,30% off,Indianwear-Women
aurelia,AURELIA215,AURELIA215 - Indianwear-Women,mandarin straight designer womens kurtas - orange,"Size:Large,Medium,Small,X-Large,X-Small,XX-Large",Rs.,1499,1049,30% off,Indianwear-Women
aurelia,AURELIA216,AURELIA216 - Indianwear-Women,solid cotton blend womens casual trousers - pink,"Size:Large,Medium,Small,XX-Large",Rs.,8.9,999,10% off,Indianwear-Women
aurelia,AURELIA217,AURELIA217 - Indianwear-Women,dyed poly viscose round neck womens ethnic set - multi,"Size:Large,Medium,Small,X-Large,X-Small,XX-Large",Rs.,4299,3009,30% off,Indianwear-Women
aurelia,AURELIA218,AURELIA218 - Indianwear-Women,solid cotton flex regular fit womens casual palazzo - blue,"Size:Large,Medium,Small,X-Large,XX-Large",Rs.,999,699,30% off,Indianwear-Women
aurelia,AURELIA219,AURELIA219 - Indianwear-Women,collar neck polyester flared designer womens dresses - green,"Size:Large,Medium,Small,X-Large,X-Small,XX-Large",Rs.,1699,1189,30% off,Indianwear-Women
aurelia,AURELIA220,AURELIA220 - Indianwear-Women,printed cotton round neck womens flared dress - pink,"Size:Large,Medium,Small,X-Large,X-Small",Rs.,8.9,2999,10% off,Indianwear-Women
aurelia,AURELIA221,AURELIA221 - Indianwear-Women,dyed cotton regular fit womens casual dupatta - white,Nan,Rs.,0.9,799,10% off,Indianwear-Women
aurelia,AURELIA222,AURELIA222 - Indianwear-Women,printed polyester blend womens straight kurta - blue,"Size:Medium,Small,X-Large,XX-Large",Rs.,8.9,1599,10% off,Indianwear-Women
aurelia,AURELIA223,AURELIA223 - Indianwear-Women,dyed cotton round neck womens straight kurta - green,"Size:Medium,Small,X-Large,X-Small",Rs.,1299,909,30% off,Indianwear-Women
aurelia,AURELIA224,AURELIA224 - Indianwear-Women,printed cotton round neck womens ethnic set - pink,"Size:Large,Medium,Small,X-Small",Rs.,3399,2379,30% off,Indianwear-Women
aurelia,AURELIA225,AURELIA225 - Indianwear-Women,printed viscose round neck womens straight kurta - blue,"Size:Large,Medium,Small,X-Large,X-Small,XX-Large",Rs.,8.9,1399,10% off,Indianwear-Women
aurelia,AURELIA226,AURELIA226 - Indianwear-Women,dyed cotton round neck womens straight kurta - green,"Size:Large,Medium,Small,X-Large,X-Small,XX-Large",Rs.,8.9,1299,10% off,Indianwear-Women
aurelia,AURELIA227,AURELIA227 - Indianwear-Women,dyed cotton womens flared dress - black,"Size:Large,Medium,Small,X-Large,X-Small,XX-Large",Rs.,2299,1609,30% off,Indianwear-Women
aurelia,AURELIA228,AURELIA228 - Indianwear-Women,mandarin straight designer womens kurtas - grey,"Size:Large,Medium,Small,X-Large,X-Small,XX-Large",Rs.,999,699,30% off,Indianwear-Women
aurelia,AURELIA229,AURELIA229 - Indianwear-Women,printed viscose round neck womens knee length kurta - blue,"Size:Large,Medium,Small,X-Large,X-Small,XX-Large",Rs.,8.9,1499,10% off,Indianwear-Women
aurelia,AURELIA230,AURELIA230 - Indianwear-Women,mandarin straight designer womens kurtas - yellow,Size:X-Small,Rs.,1499,1049,30% off,Indianwear-Women
aurelia,AURELIA231,AURELIA231 - Indianwear-Women,yarn dyed round neck dobby womens a-line dress - yellow,"Size:Large,Medium,X-Small",Rs.,2499,1249,50% off,Indianwear-Women
aurelia,AURELIA232,AURELIA232 - Indianwear-Women,cotton round neck womens kurta set - orange,"Size:Medium,Small",Rs.,1999,1399,30% off,Indianwear-Women
aurelia,AURELIA233,AURELIA233 - Indianwear-Women,yarn dyed shirt collar with placket twill stripe womens a-line dress - peach,"Size:Large,Medium,Small,X-Large,X-Small,XX-Large",Rs.,8.9,1499,10% off,Indianwear-Women
aurelia,AURELIA234,AURELIA234 - Indianwear-Women,solid regular fit cotton lycra womens casual pants - red,Size:Large,Rs.,799,479,40% off,Indianwear-Women
aurelia,AURELIA235,AURELIA235 - Indianwear-Women,printed cotton womens casual culottes - yellow,"Size:Large,Medium,Small,X-Large,XX-Large",Rs.,1699,1189,30% off,Indianwear-Women
aurelia,AURELIA236,AURELIA236 - Indianwear-Women,dyed regular length cotton woven womens dupatta - gold,Nan,Rs.,0.9,499,10% off,Indianwear-Women
aurelia,AURELIA237,AURELIA237 - Indianwear-Women,printed poly blend womens festive dupatta - white,Nan,Rs.,8.9,999,10% off,Indianwear-Women
aurelia,AURELIA238,AURELIA238 - Indianwear-Women,printed band with v polyester womens knee length kurta - multi,"Size:Large,Medium,Small,X-Large,X-Small,XX-Large",Rs.,1199,839,30% off,Indianwear-Women
aurelia,AURELIA239,AURELIA239 - Indianwear-Women,printed round neck viscose womens calf length kurta - white,"Size:Large,Medium,Small,X-Large,X-Small,XX-Large",Rs.,8.9,1099,10% off,Indianwear-Women
aurelia,AURELIA240,AURELIA240 - Indianwear-Women,solid round neck cotton blend womens knee length kurta - white,"Size:Large,Medium,X-Small,XX-Large",Rs.,8.9,999,10% off,Indianwear-Women
aurelia,AURELIA241,AURELIA241 - Indianwear-Women,printed viscose round neck womens ethnic set - pink,"Size:Large,Medium,Small,X-Large,X-Small,XX-Large",Rs.,2699,1889,30% off,Indianwear-Women
aurelia,AURELIA242,AURELIA242 - Indianwear-Women,printed viscose regular fit womens kurta set - white,"Size:Large,Medium,Small,X-Large,XX-Large",Rs.,8.9,4199,10% off,Indianwear-Women
aurelia,AURELIA243,AURELIA243 - Indianwear-Women,printed viscose regular fit womens culottes - pink,"Size:Large,Medium,X-Large,XX-Large",Rs.,1499,899,40% off,Indianwear-Women
aurelia,AURELIA244,AURELIA244 - Indianwear-Women,printed viscose womens ethnic set - pink,"Size:Large,Medium,Small,X-Large,X-Small",Rs.,8.9,3999,10% off,Indianwear-Women
aurelia,AURELIA245,AURELIA245 - Indianwear-Women,dyed poly viscose regular fit womens festive trousers - white,Size:Medium,Rs.,999,699,30% off,Indianwear-Women
aurelia,AURELIA246,AURELIA246 - Indianwear-Women,printed polyester mandarin womens ethnic set - blue,Size:Small,Rs.,8.9,3599,10% off,Indianwear-Women
aurelia,AURELIA247,AURELIA247 - Indianwear-Women,yarn dyed cotton round neck womens straight kurta - red,"Size:Large,Medium,Small,X-Large,X-Small,XX-Large",Rs.,1399,979,30% off,Indianwear-Women
aurelia,AURELIA248,AURELIA248 - Indianwear-Women,printed polyester spandex womens casual tights - gold,"Size:Large,Medium,Small,X-Large,XX-Large",Rs.,0.9,699,10% off,Indianwear-Women
aurelia,AURELIA249,AURELIA249 - Indianwear-Women,mandarin straight designer womens kurtas - pink,"Size:Large,Medium,Small,X-Large,X-Small,XX-Large",Rs.,1399,979,30% off,Indianwear-Women
aurelia,AURELIA250,AURELIA250 - Indianwear-Women,printed viscose womens ethnic set - green,"Size:Large,Medium,Small,X-Large,X-Small,XX-Large",Rs.,8.9,2999,10% off,Indianwear-Women
aurelia,AURELIA251,AURELIA251 - Indianwear-Women,dyed cotton mandarin neck womens above knee kurta - pink,Size:XX-Large,Rs.,1049,629,40% off,Indianwear-Women
aurelia,AURELIA252,AURELIA252 - Indianwear-Women,yarn dyed shirt collar straight womens kurta - green,Size:Large,Rs.,1499,749,50% off,Indianwear-Women
aurelia,AURELIA253,AURELIA253 - Indianwear-Women,round neck viscose flared designer womens dresses - red,"Size:Large,Medium,Small,X-Large,X-Small",Rs.,2799,1959,30% off,Indianwear-Women
aurelia,AURELIA254,AURELIA254 - Indianwear-Women,dyed cotton blend mandarin womens straight kurta - blue,"Size:Large,Medium,Small,X-Large,XX-Large",Rs.,8.9,1499,10% off,Indianwear-Women
aurelia,AURELIA255,AURELIA255 - Indianwear-Women,solid cotton blend womens casual tights - white,"Size:Large,Medium,Small,X-Large,XX-Large",Rs.,0.9,599,10% off,Indianwear-Women
aurelia,AURELIA256,AURELIA256 - Indianwear-Women,printed viscose round neck womens knee length kurta - pink,"Size:Large,Medium,Small,X-Small",Rs.,1499,749,50% off,Indianwear-Women
aurelia,AURELIA257,AURELIA257 - Indianwear-Women,printed polyester round neck womens ethnic set - red,"Size:Medium,X-Small",Rs.,8.9,3999,10% off,Indianwear-Women
aurelia,AURELIA258,AURELIA258 - Indianwear-Women,solid cotton lycra regular fit womens tights - green,Size:X-Large,Rs.,699,489,30% off,Indianwear-Women
aurelia,AURELIA259,AURELIA259 - Indianwear-Women,solid viscose round neck womens above knee kurta - maroon,"Size:Large,Medium,Small,X-Large",Rs.,8.9,1299,10% off,Indianwear-Women
aurelia,AURELIA260,AURELIA260 - Indianwear-Women,printed band with placket cotton blend womens calf length kurta - blue,"Size:Large,Medium,Small,X-Large,X-Small,XX-Large",Rs.,1699,1189,30% off,Indianwear-Women
aurelia,AURELIA261,AURELIA261 - Indianwear-Women,dyed cotton round neck womens straight kurta - peach,"Size:Large,Medium,Small,X-Large,X-Small,XX-Large",Rs.,8.9,1399,10% off,Indianwear-Women
aurelia,AURELIA262,AURELIA262 - Indianwear-Women,dyed viscose round neck womens straight kurta - natural,"Size:Small,X-Large",Rs.,8.9,1499,10% off,Indianwear-Women
aurelia,AURELIA263,AURELIA263 - Indianwear-Women,printed georgette round neck womens flared dress - pink,"Size:Large,Medium,Small,X-Large,X-Small,XX-Large",Rs.,8.9,4499,10% off,Indianwear-Women
aurelia,AURELIA264,AURELIA264 - Indianwear-Women,printed polyester round neck womens ethnic set - blue,"Size:Large,Medium",Rs.,8.9,4999,10% off,Indianwear-Women
aurelia,AURELIA265,AURELIA265 - Indianwear-Women,dyed poly viscose regular fit womens festive trousers - multi,"Size:Large,Medium,Small,X-Large",Rs.,8.9,999,10% off,Indianwear-Women
aurelia,AURELIA266,AURELIA266 - Indianwear-Women,printed viscose mandarin womens straight kurta - red,"Size:Large,Medium,Small,X-Large,X-Small,XX-Large",Rs.,1499,1049,30% off,Indianwear-Women
aurelia,AURELIA267,AURELIA267 - Indianwear-Women,printed viscose mandarin neck womens above knee kurta - green,Size:XX-Large,Rs.,1199,599,50% off,Indianwear-Women
aurelia,AURELIA268,AURELIA268 - Indianwear-Women,printed crepe round neck womens flared dress - natural,"Size:Large,Medium,Small,X-Small",Rs.,8.9,1699,10% off,Indianwear-Women
aurelia,AURELIA269,AURELIA269 - Indianwear-Women,printed polyester womens straight kurta - blue,"Size:Large,Medium,Small,X-Large,X-Small,XX-Large",Rs.,999,699,30% off,Indianwear-Women
aurelia,AURELIA270,AURELIA270 - Indianwear-Women,dyed cotton womens a line dress - pink,"Size:Large,Medium,Small,X-Large,X-Small,XX-Large",Rs.,8.9,2299,10% off,Indianwear-Women
aurelia,AURELIA271,AURELIA271 - Indianwear-Women,printed polyester round neck womens ankle length kurta - blue,"Size:Large,Medium,Small,X-Large,X-Small,XX-Large",Rs.,8.9,2999,10% off,Indianwear-Women
aurelia,AURELIA272,AURELIA272 - Indianwear-Women,printed viscose womens straight kurta - green,"Size:Large,Medium,X-Large,XX-Large",Rs.,1399,979,30% off,Indianwear-Women
aurelia,AURELIA273,AURELIA273 - Indianwear-Women,v- neck straight designer womens kurtas - yellow,Size:X-Small,Rs.,999,699,30% off,Indianwear-Women
aurelia,AURELIA274,AURELIA274 - Indianwear-Women,printed viscose round neck womens straight kurta - blue,"Size:Small,X-Small",Rs.,1399,979,30% off,Indianwear-Women
aurelia,AURELIA275,AURELIA275 - Indianwear-Women,dyed cotton womens straight kurta - green,"Size:Large,Medium,Small,X-Small",Rs.,1699,1189,30% off,Indianwear-Women
aurelia,AURELIA276,AURELIA276 - Indianwear-Women,printed round neck straight womens kurta - pink,"Size:Medium,X-Small",Rs.,1399,699,50% off,Indianwear-Women
aurelia,AURELIA277,AURELIA277 - Indianwear-Women,solid cotton blend womens casual tights - blue,"Size:Large,Medium,Small,X-Large,XX-Large",Rs.,0.9,599,10% off,Indianwear-Women
aurelia,AURELIA278,AURELIA278 - Indianwear-Women,printed viscose blend round neck womens ethnic set - black,Size:Small,Rs.,4599,2299,50% off,Indianwear-Women
aurelia,AURELIA279,AURELIA279 - Indianwear-Women,printed polyester regular fit womens dupatta - blue,Nan,Rs.,8.9,999,10% off,Indianwear-Women
aurelia,AURELIA280,AURELIA280 - Indianwear-Women,dyed cotton womens casual dupatta - red,Nan,Rs.,0.9,799,10% off,Indianwear-Women
aurelia,AURELIA281,AURELIA281 - Indianwear-Women,v- neck straight designer womens kurtas - natural,"Size:Large,Medium,X-Small,XX-Large",Rs.,1399,979,30% off,Indianwear-Women
aurelia,AURELIA282,AURELIA282 - Indianwear-Women,printed viscose round neck womens ethnic set - black,"Size:Large,Medium,Small",Rs.,8.9,3599,10% off,Indianwear-Women
aurelia,AURELIA283,AURELIA283 - Indianwear-Women,dyed cotton womens ethnic set - blue,"Size:Large,Medium,Small,X-Large,X-Small,XX-Large",Rs.,2599,1819,30% off,Indianwear-Women
aurelia,AURELIA284,AURELIA284 - Indianwear-Women,round neck cotton dobby womens kurta set - blue,"Size:Large,X-Large",Rs.,2499,1249,50% off,Indianwear-Women
aurelia,AURELIA285,AURELIA285 - Indianwear-Women,printed rayon round neck womens straight kurta - blue,"Size:Large,Medium,Small,X-Large,X-Small",Rs.,8.9,1499,10% off,Indianwear-Women
aurelia,AURELIA286,AURELIA286 - Indianwear-Women,dyed cotton womens casual dupatta - green,Nan,Rs.,0.9,799,10% off,Indianwear-Women
aurelia,AURELIA287,AURELIA287 - Indianwear-Women,printed viscose round neck womens ethnic set - green,"Size:Large,Medium,Small,X-Large,X-Small,XX-Large",Rs.,8.9,3799,10% off,Indianwear-Women
aurelia,AURELIA288,AURELIA288 - Indianwear-Women,printed cotton round neck womens flared dress - green,"Size:Large,Medium,Small,X-Large,X-Small,XX-Large",Rs.,8.9,2999,10% off,Indianwear-Women
aurelia,AURELIA289,AURELIA289 - Indianwear-Women,solid cotton blend womens casual tights - white,"Size:Large,Medium,Small,X-Large",Rs.,0.9,599,10% off,Indianwear-Women
aurelia,AURELIA290,AURELIA290 - Indianwear-Women,printed round neck crepe womens flared dress - green,Size:Medium,Rs.,2499,1249,50% off,Indianwear-Women
aurelia,AURELIA291,AURELIA291 - Indianwear-Women,yarn dyed cotton mandarin womens a line kurta - orange,"Size:Large,Medium,Small,X-Large,X-Small,XX-Large",Rs.,2299,1609,30% off,Indianwear-Women
aurelia,AURELIA292,AURELIA292 - Indianwear-Women,printed viscose blend round neck womens ethnic set - green,Size:X-Large,Rs.,4299,2149,50% off,Indianwear-Women
aurelia,AURELIA293,AURELIA293 - Indianwear-Women,printed georgette womens flared dress - pink,"Size:Medium,Small",Rs.,8.9,4299,10% off,Indianwear-Women
aurelia,AURELIA294,AURELIA294 - Indianwear-Women,dyed cotton womens a line kurta - green,"Size:Large,Medium,Small,X-Large,X-Small,XX-Large",Rs.,1999,1399,30% off,Indianwear-Women
aurelia,AURELIA295,AURELIA295 - Indianwear-Women,round neck straight designer womens kurtas - blue,"Size:Large,Medium,Small,X-Large,X-Small,XX-Large",Rs.,8.9,1299,10% off,Indianwear-Women
aurelia,AURELIA296,AURELIA296 - Indianwear-Women,regular fit polyester womens festive skirt - green,"Size:Large,Medium,Small,X-Large,XX-Large",Rs.,8.9,2399,10% off,Indianwear-Women
aurelia,AURELIA297,AURELIA297 - Indianwear-Women,printed viscose mandarin womens straight kurta - green,"Size:Large,Medium,Small,X-Large,X-Small",Rs.,1099,769,30% off,Indianwear-Women
aurelia,AURELIA298,AURELIA298 - Indianwear-Women,30's rayon womens non festive skirt - blue,Size:Large,Rs.,1999,1199,40% off,Indianwear-Women
aurelia,AURELIA299,AURELIA299 - Indianwear-Women,printed viscose round neck womens ethnic set - yellow,Size:Medium,Rs.,3799,1899,50% off,Indianwear-Women
aurelia,AURELIA300,AURELIA300 - Indianwear-Women,printed polyester regular fit womens kurta set - blue,"Size:Large,Medium,Small,X-Large,X-Small,XX-Large",Rs.,8.9,3999,10% off,Indianwear-Women
aurelia,AURELIA301,AURELIA301 - Indianwear-Women,printed round neck viscose womens flared dress - green,"Size:Large,Medium,Small,X-Large,X-Small",Rs.,2799,1959,30% off,Indianwear-Women
aurelia,AURELIA302,AURELIA302 - Indianwear-Women,dyed cotton womens a line dress - green,"Size:Large,Medium,Small,X-Large,X-Small,XX-Large",Rs.,2299,1609,30% off,Indianwear-Women
aurelia,AURELIA303,AURELIA303 - Indianwear-Women,printed round neck viscose womens calf length kurta - black,"Size:Large,Medium,Small,X-Small",Rs.,8.9,1199,10% off,Indianwear-Women
aurelia,AURELIA304,AURELIA304 - Indianwear-Women,solid viscose womens regular length palazzos - pink,Size:Small,Rs.,799,479,40% off,Indianwear-Women
aurelia,AURELIA305,AURELIA305 - Indianwear-Women,dyed regular fit viscose blend womens casual trousers - yellow,"Size:Large,Small",Rs.,8.9,999,10% off,Indianwear-Women
aurelia,AURELIA306,AURELIA306 - Indianwear-Women,v- neck polyester flared designer womens dresses - peach,"Size:Large,Medium,Small,X-Large,X-Small,XX-Large",Rs.,1999,1399,30% off,Indianwear-Women
aurelia,AURELIA307,AURELIA307 - Indianwear-Women,solid polyester mandarin womens ethnic set - green,"Size:Large,Medium,Small,X-Large,X-Small,XX-Large",Rs.,8.9,2599,10% off,Indianwear-Women
aurelia,AURELIA308,AURELIA308 - Indianwear-Women,printed poly viscose womens straight kurta - white,Size:Medium,Rs.,8.9,1599,10% off,Indianwear-Women
aurelia,AURELIA309,AURELIA309 - Indianwear-Women,printed mandarin polyester womens above knee kurta - green,"Size:Large,Medium,Small,X-Large,X-Small,XX-Large",Rs.,1299,909,30% off,Indianwear-Women
aurelia,AURELIA310,AURELIA310 - Indianwear-Women,printed polyester round neck womens ankle length kurta - green,"Size:Medium,Small",Rs.,2299,1149,50% off,Indianwear-Women
aurelia,AURELIA311,AURELIA311 - Indianwear-Women,printed polyester mandarin womens ethnic set - pink,Size:Large,Rs.,8.9,3599,10% off,Indianwear-Women
aurelia,AURELIA312,AURELIA312 - Indianwear-Women,yarn dyed cotton collar neck womens ethnic set - green,"Size:Large,Medium,Small,X-Large,XX-Large",Rs.,2699,1889,30% off,Indianwear-Women
aurelia,AURELIA313,AURELIA313 - Indianwear-Women,dyed cotton round neck womens straight kurta - white,"Size:Large,Medium,Small,X-Large,X-Small,XX-Large",Rs.,1299,909,30% off,Indianwear-Women
aurelia,AURELIA314,AURELIA314 - Indianwear-Women,printed mandarin neck polyester womens flared dress - blue,"Size:Medium,Small,X-Large",Rs.,1699,849,50% off,Indianwear-Women
aurelia,AURELIA315,AURELIA315 - Indianwear-Women,printed polyester round neck womens calf length kurta - peach,"Size:Large,Medium,Small,X-Large,XX-Large",Rs.,1799,899,50% off,Indianwear-Women
aurelia,AURELIA316,AURELIA316 - Indianwear-Women,solid regular fit cotton lycra womens casual pants - pink,Size:Small,Rs.,799,479,40% off,Indianwear-Women
aurelia,AURELIA317,AURELIA317 - Indianwear-Women,dyed cotton mandarin neck womens above knee kurta - blue,"Size:Large,Medium,Small",Rs.,3.9,1049,10% off,Indianwear-Women
aurelia,AURELIA318,AURELIA318 - Indianwear-Women,yarn dyed rayan zari womens festive culottes - navy,Size:Small,Rs.,1499,899,40% off,Indianwear-Women
aurelia,AURELIA319,AURELIA319 - Indianwear-Women,printed georgette round neck womens flared kurta - green,"Size:Medium,Small",Rs.,1999,1399,30% off,Indianwear-Women
aurelia,AURELIA320,AURELIA320 - Indianwear-Women,v- neck cotton designer womens ethnic set - peach,"Size:Large,Medium,X-Large,XX-Large",Rs.,2299,1609,30% off,Indianwear-Women
aurelia,AURELIA321,AURELIA321 - Indianwear-Women,dyed cotton round neck womens straight kurta - green,"Size:Large,Medium,Small,X-Large,X-Small,XX-Large",Rs.,8.9,1399,10% off,Indianwear-Women
aurelia,AURELIA322,AURELIA322 - Indianwear-Women,dyed cotton womens straight kurta - grey,"Size:Large,Medium,Small,X-Large,X-Small,XX-Large",Rs.,8.9,1799,10% off,Indianwear-Women
aurelia,AURELIA323,AURELIA323 - Indianwear-Women,printed polyester blend womens festive palazzo - gold,"Size:Large,Medium,Small,X-Large",Rs.,8.9,999,10% off,Indianwear-Women
aurelia,AURELIA324,AURELIA324 - Indianwear-Women,solid viscose mandarin womens straight kurta - pink,"Size:Large,Medium,Small,X-Large,X-Small,XX-Large",Rs.,8.9,1299,10% off,Indianwear-Women
aurelia,AURELIA325,AURELIA325 - Indianwear-Women,solid cotton blend womens casual tights - green,"Size:Large,Medium,Small,X-Large,XX-Large",Rs.,699,489,30% off,Indianwear-Women
aurelia,AURELIA326,AURELIA326 - Indianwear-Women,printed poly viscose mandarin womens flared kurta - white,"Size:Large,Medium,Small,X-Large,X-Small,XX-Large",Rs.,8.9,2999,10% off,Indianwear-Women
aurelia,AURELIA327,AURELIA327 - Indianwear-Women,solid cotton lycra womens casual tights - blue,"Size:Large,Medium,Small,X-Large,XX-Large",Rs.,699,489,30% off,Indianwear-Women
aurelia,AURELIA328,AURELIA328 - Indianwear-Women,printed polyester womens casual dupatta - green,Nan,Rs.,0.9,699,10% off,Indianwear-Women
aurelia,AURELIA329,AURELIA329 - Indianwear-Women,cotton band with placket womens kurta set - green,"Size:Medium,Small,X-Small",Rs.,8.9,2499,10% off,Indianwear-Women
aurelia,AURELIA330,AURELIA330 - Indianwear-Women,printed round neck straight womens kurta - white,Size:X-Large,Rs.,1699,849,50% off,Indianwear-Women
aurelia,AURELIA331,AURELIA331 - Indianwear-Women,solid cotton lycra womens casual tights - yellow,"Size:X-Large,XX-Large",Rs.,0.9,599,10% off,Indianwear-Women
aurelia,AURELIA332,AURELIA332 - Indianwear-Women,printed viscose collared neck womens ethnic set - black,Size:Large,Rs.,2999,1499,50% off,Indianwear-Women
aurelia,AURELIA333,AURELIA333 - Indianwear-Women,printed polyester mandarin womens straight kurta - green,"Size:Large,Medium,Small,X-Large,X-Small,XX-Large",Rs.,1499,1049,30% off,Indianwear-Women
aurelia,AURELIA334,AURELIA334 - Indianwear-Women,printed viscose regular fit womens straight ethnic set - yellow,"Size:Small,X-Small",Rs.,3999,2799,30% off,Indianwear-Women
aurelia,AURELIA335,AURELIA335 - Indianwear-Women,printed polyester regular fit womens festive culottes - white,"Size:Large,Medium,Small,X-Large,XX-Large",Rs.,8.9,1499,10% off,Indianwear-Women
aurelia,AURELIA336,AURELIA336 - Indianwear-Women,printed polyester mandarin womens flared kurta - red,Size:Medium,Rs.,8.9,2599,10% off,Indianwear-Women
aurelia,AURELIA337,AURELIA337 - Indianwear-Women,printed polyester round neck womens ethnic set - pink,"Size:Large,Medium,Small",Rs.,8.9,3599,10% off,Indianwear-Women
aurelia,AURELIA338,AURELIA338 - Indianwear-Women,printed viscose v- neck womens straight kurta - brown,"Size:Small,X-Large",Rs.,8.9,1299,10% off,Indianwear-Women
aurelia,AURELIA339,AURELIA339 - Indianwear-Women,printed polyester round neck womens straight kurta - blue,"Size:Large,Medium,Small,X-Large,X-Small,XX-Large",Rs.,8.9,1699,10% off,Indianwear-Women
aurelia,AURELIA340,AURELIA340 - Indianwear-Women,solid cotton lycra regular fit womens casual tights - blue,"Size:Large,Medium,Small,X-Large",Rs.,0.9,599,10% off,Indianwear-Women
aurelia,AURELIA341,AURELIA341 - Indianwear-Women,printed round neck cotton womens knee length kurta - yellow,"Size:Small,X-Large",Rs.,8.9,1199,10% off,Indianwear-Women
aurelia,AURELIA342,AURELIA342 - Indianwear-Women,dyed cotton womens ethnic set - peach,"Size:Large,Small,X-Large,XX-Large",Rs.,8.9,2699,10% off,Indianwear-Women
aurelia,AURELIA343,AURELIA343 - Indianwear-Women,printed band with v straight womens kurta - blue,Size:X-Small,Rs.,1299,649,50% off,Indianwear-Women
aurelia,AURELIA344,AURELIA344 - Indianwear-Women,collar neck polyester straight designer womens dresses - green,"Size:Large,X-Large,X-Small",Rs.,1599,1119,30% off,Indianwear-Women
aurelia,AURELIA345,AURELIA345 - Indianwear-Women,printed viscose round neck womens ethnic set - blue,"Size:Large,Medium,Small,X-Large,X-Small",Rs.,8.9,2699,10% off,Indianwear-Women
aurelia,AURELIA346,AURELIA346 - Indianwear-Women,solid polyester mandarin womens straight kurta - green,"Size:Large,Medium,Small,X-Large,XX-Large",Rs.,8.9,1099,10% off,Indianwear-Women
aurelia,AURELIA347,AURELIA347 - Indianwear-Women,printed polyester regular fit womens dupatta - green,Nan,Rs.,8.9,999,10% off,Indianwear-Women
aurelia,AURELIA348,AURELIA348 - Indianwear-Women,printed viscose womens straight kurta - orange,"Size:Large,Medium,Small,X-Large,X-Small",Rs.,1399,979,30% off,Indianwear-Women
aurelia,AURELIA349,AURELIA349 - Indianwear-Women,printed viscose round neck womens ethnic set - black,"Size:Large,Medium,Small,X-Large,X-Small,XX-Large",Rs.,8.9,1999,10% off,Indianwear-Women
aurelia,AURELIA350,AURELIA350 - Indianwear-Women,printed viscose round neck womens ethnic set - green,"Size:Large,Medium,Small,X-Large,X-Small,XX-Large",Rs.,8.9,2999,10% off,Indianwear-Women
aurelia,AURELIA351,AURELIA351 - Indianwear-Women,printed round neck cotton womens knee length kurta - yellow,"Size:Large,Medium,Small,X-Small,XX-Large",Rs.,1199,839,30% off,Indianwear-Women
aurelia,AURELIA352,AURELIA352 - Indianwear-Women,printed round neck straight womens kurta - deep blue,Size:Small,Rs.,0.9,799,10% off,Indianwear-Women
aurelia,AURELIA353,AURELIA353 - Indianwear-Women,yarn dyed viscose v neck womens straight kurta - green,"Size:Small,X-Small",Rs.,1499,1049,30% off,Indianwear-Women
aurelia,AURELIA354,AURELIA354 - Indianwear-Women,printed viscose round neck womens flared dress - red,"Size:Large,Medium,Small,X-Small",Rs.,8.9,2999,10% off,Indianwear-Women
aurelia,AURELIA355,AURELIA355 - Indianwear-Women,solid regular fit cotton flex womens casual trousers - white,"Size:Medium,Small",Rs.,1199,719,40% off,Indianwear-Women
aurelia,AURELIA356,AURELIA356 - Indianwear-Women,printed regular fit viscose womens casual culottes - multi,Size:Medium,Rs.,1299,779,40% off,Indianwear-Women
aurelia,AURELIA357,AURELIA357 - Indianwear-Women,printed viscose blend round neck womens ethnic set - red,Size:X-Large,Rs.,4999,2499,50% off,Indianwear-Women
aurelia,AURELIA358,AURELIA358 - Indianwear-Women,regular fit polyester womens festive skirt - blue,"Size:Large,Medium,Small,X-Large,XX-Large",Rs.,8.9,2399,10% off,Indianwear-Women
aurelia,AURELIA359,AURELIA359 - Indianwear-Women,round neck rayon womens below knee kurta - natural,"Size:Large,X-Small,XX-Large",Rs.,3.9,1049,10% off,Indianwear-Women
aurelia,AURELIA360,AURELIA360 - Indianwear-Women,cotton band with placket womens kurta set - natural,Size:X-Small,Rs.,8.9,2499,10% off,Indianwear-Women
aurelia,AURELIA361,AURELIA361 - Indianwear-Women,yarn dyed cotton round neck womens straight kurta - white,"Size:Large,Medium,Small,X-Large,X-Small,XX-Large",Rs.,8.9,1399,10% off,Indianwear-Women
aurelia,AURELIA362,AURELIA362 - Indianwear-Women,solid viscose mandarin neck womens above knee kurta - black,"Size:Medium,Small,X-Large,X-Small,XX-Large",Rs.,1399,699,50% off,Indianwear-Women
aurelia,AURELIA363,AURELIA363 - Indianwear-Women,dyed collared neck viscose womens straight fit dress - olive,"Size:Large,Medium,Small,XX-Large",Rs.,1999,1399,30% off,Indianwear-Women
aurelia,AURELIA364,AURELIA364 - Indianwear-Women,printed viscose round neck womens straight kurta - yellow,Size:Small,Rs.,1799,899,50% off,Indianwear-Women
aurelia,AURELIA365,AURELIA365 - Indianwear-Women,solid cotton womens ethnic set - navy,"Size:Small,X-Small",Rs.,8.9,2599,10% off,Indianwear-Women
aurelia,AURELIA366,AURELIA366 - Indianwear-Women,printed polyester round neck womens flared kurta - yellow,"Size:Medium,X-Large,X-Small",Rs.,8.9,2799,10% off,Indianwear-Women
aurelia,AURELIA367,AURELIA367 - Indianwear-Women,printed poly viscose womens ethnic set - blue,Size:Small,Rs.,3799,2659,30% off,Indianwear-Women
aurelia,AURELIA368,AURELIA368 - Indianwear-Women,printed polyester round neck womens straight kurta - blue,Size:Small,Rs.,1199,599,50% off,Indianwear-Women
aurelia,AURELIA369,AURELIA369 - Indianwear-Women,printed viscose round neck womens ethnic set - green,"Size:Large,Medium,Small,X-Large,X-Small,XX-Large",Rs.,3999,2799,30% off,Indianwear-Women
aurelia,AURELIA370,AURELIA370 - Indianwear-Women,round neck straight designer womens kurtas - orange,"Size:Large,Medium,Small,X-Large,X-Small,XX-Large",Rs.,1199,839,30% off,Indianwear-Women
aurelia,AURELIA371,AURELIA371 - Indianwear-Women,dyed cotton womens ethnic set - yellow,"Size:Large,Medium,Small,X-Large,XX-Large",Rs.,1999,1399,30% off,Indianwear-Women
aurelia,AURELIA372,AURELIA372 - Indianwear-Women,printed cotton round neck womens flared dress - blue,"Size:Large,Medium,Small,X-Large,X-Small,XX-Large",Rs.,8.9,2999,10% off,Indianwear-Women
aurelia,AURELIA373,AURELIA373 - Indianwear-Women,printed rayon blend regular fit womens straight ethnic set - blue,"Size:Large,Medium,Small,X-Small",Rs.,8.9,3999,10% off,Indianwear-Women
aurelia,AURELIA374,AURELIA374 - Indianwear-Women,band with placket cotton womens calf length kurta - red,"Size:Large,Medium,Small,X-Large,X-Small,XX-Large",Rs.,1799,1259,30% off,Indianwear-Women
aurelia,AURELIA375,AURELIA375 - Indianwear-Women,printed polyester round neck womens ethnic set - blue,Size:Medium,Rs.,4299,2149,50% off,Indianwear-Women
aurelia,AURELIA376,AURELIA376 - Indianwear-Women,solid viscose blend round neck womens above knee kurta - red,Size:X-Large,Rs.,1199,599,50% off,Indianwear-Women
aurelia,AURELIA377,AURELIA377 - Indianwear-Women,printed cotton round neck womens flared dress - pink,"Size:Large,Medium,Small,X-Large,X-Small,XX-Large",Rs.,8.9,2999,10% off,Indianwear-Women
aurelia,AURELIA378,AURELIA378 - Indianwear-Women,printed viscose womens straight kurta - green,"Size:Medium,X-Small",Rs.,8.9,1399,10% off,Indianwear-Women
aurelia,AURELIA379,AURELIA379 - Indianwear-Women,mandarin straight designer womens kurtas - mustard,"Size:Large,Medium,Small,X-Large,XX-Large",Rs.,8.9,1599,10% off,Indianwear-Women
aurelia,AURELIA380,AURELIA380 - Indianwear-Women,printed viscose round neck womens straight kurta - peach,"Size:Large,Medium,Small,X-Large,X-Small",Rs.,8.9,1599,10% off,Indianwear-Women
aurelia,AURELIA381,AURELIA381 - Indianwear-Women,printed viscose womens festive culottes - peach,"Size:Large,Medium,Small,X-Large,XX-Large",Rs.,1499,1049,30% off,Indianwear-Women
aurelia,AURELIA382,AURELIA382 - Indianwear-Women,dyed cotton round neck womens ethnic set - pink,"Size:Large,Medium,Small,X-Large,X-Small,XX-Large",Rs.,8.9,1799,10% off,Indianwear-Women
aurelia,AURELIA383,AURELIA383 - Indianwear-Women,printed polyester regular fit womens festive culottes - pink,"Size:Large,Medium,Small,X-Large,XX-Large",Rs.,8.9,1499,10% off,Indianwear-Women
aurelia,AURELIA384,AURELIA384 - Indianwear-Women,dyed viscose round neck womens ethnic set - pink,Size:Large,Rs.,3999,1999,50% off,Indianwear-Women
aurelia,AURELIA385,AURELIA385 - Indianwear-Women,printed v-neck cotton womens knee length kurta - brown,"Size:Large,Medium,Small",Rs.,1599,1119,30% off,Indianwear-Women
aurelia,AURELIA386,AURELIA386 - Indianwear-Women,printed georgette regular fit womens casual culottes - yellow,"Size:Large,Medium,Small,X-Large,XX-Large",Rs.,8.9,1999,10% off,Indianwear-Women
aurelia,AURELIA387,AURELIA387 - Indianwear-Women,round neck straight designer womens kurtas - black,"Size:Large,X-Large,XX-Large",Rs.,8.9,1399,10% off,Indianwear-Women
aurelia,AURELIA388,AURELIA388 - Indianwear-Women,printed viscose round neck womens kurta set - green,"Size:Large,Medium,Small,X-Large,X-Small,XX-Large",Rs.,2499,1749,30% off,Indianwear-Women
aurelia,AURELIA389,AURELIA389 - Indianwear-Women,printed viscose mandarin womens straight kurta - blue,Size:Medium,Rs.,8.9,1399,10% off,Indianwear-Women
aurelia,AURELIA390,AURELIA390 - Indianwear-Women,solid cotton lycra womens casual tights - purple,"Size:Large,Medium,Small,X-Large,XX-Large",Rs.,0.9,599,10% off,Indianwear-Women
aurelia,AURELIA391,AURELIA391 - Indianwear-Women,printed polyester regular fit womens kurti set - red,"Size:Large,Medium,Small,X-Large,X-Small,XX-Large",Rs.,8.9,3599,10% off,Indianwear-Women
aurelia,AURELIA392,AURELIA392 - Indianwear-Women,printed viscose blend round neck womens knee length kurta - green,"Size:Large,Medium,X-Small",Rs.,8.9,1299,10% off,Indianwear-Women
aurelia,AURELIA393,AURELIA393 - Indianwear-Women,printed polyester round neck womens calf length kurta - blue,"Size:Large,Medium,Small,X-Large,X-Small,XX-Large",Rs.,8.9,1999,10% off,Indianwear-Women
aurelia,AURELIA394,AURELIA394 - Indianwear-Women,printed viscose round neck womens above knee kurta - red,Size:Medium,Rs.,1399,699,50% off,Indianwear-Women
aurelia,AURELIA395,AURELIA395 - Indianwear-Women,dyed polyester round neck womens ethnic set - white,Size:Small,Rs.,3999,1999,50% off,Indianwear-Women
aurelia,AURELIA396,AURELIA396 - Indianwear-Women,dyed viscose round neck womens above knee kurta - white,Size:XX-Large,Rs.,1199,599,50% off,Indianwear-Women
aurelia,AURELIA397,AURELIA397 - Indianwear-Women,regular fit regular length womens festive wear skirt - white,Size:Large,Rs.,2299,1379,40% off,Indianwear-Women
aurelia,AURELIA398,AURELIA398 - Indianwear-Women,solid cotton blend womens casual tights - green,"Size:Large,Medium,Small,X-Large",Rs.,0.9,599,10% off,Indianwear-Women
aurelia,AURELIA399,AURELIA399 - Indianwear-Women,solid viscose regular fit womens casual culottes - yellow,"Size:Large,Medium,Small,X-Large,XX-Large",Rs.,1049,734,30% off,Indianwear-Women
aurelia,AURELIA400,AURELIA400 - Indianwear-Women,printed polyester regular fit womens casual culottes - blue,"Size:Large,Medium,Small,X-Large,XX-Large",Rs.,8.9,1499,10% off,Indianwear-Women
aurelia,AURELIA401,AURELIA401 - Indianwear-Women,printed viscose mandarin womens flared dress - peach,"Size:Large,Medium,Small,X-Large,XX-Large",Rs.,2599,1819,30% off,Indianwear-Women
aurelia,AURELIA402,AURELIA402 - Indianwear-Women,dyed cotton womens straight kurta - orange,"Size:Large,Medium,Small,X-Large,X-Small,XX-Large",Rs.,8.9,1599,10% off,Indianwear-Women
aurelia,AURELIA403,AURELIA403 - Indianwear-Women,dyed cotton round neck womens ethnic set - white,"Size:Large,Medium,Small,X-Large,X-Small,XX-Large",Rs.,2799,1959,30% off,Indianwear-Women
aurelia,AURELIA404,AURELIA404 - Indianwear-Women,dyed cotton womens casual dupatta - yellow,Nan,Rs.,0.9,799,10% off,Indianwear-Women
aurelia,AURELIA405,AURELIA405 - Indianwear-Women,printed man made fibre womens casual dupatta - navy,Nan,Rs.,0.9,799,10% off,Indianwear-Women
aurelia,AURELIA406,AURELIA406 - Indianwear-Women,printed viscose round neck womens above knee kurta - grey,"Size:Medium,XX-Large",Rs.,1299,649,50% off,Indianwear-Women
aurelia,AURELIA407,AURELIA407 - Indianwear-Women,mandarin straight designer womens kurtas - blue,Size:XX-Large,Rs.,8.9,1599,10% off,Indianwear-Women
aurelia,AURELIA408,AURELIA408 - Indianwear-Women,printed cotton mandarin neck womens knee length kurta - yellow,Size:X-Small,Rs.,699,419,40% off,Indianwear-Women
aurelia,AURELIA409,AURELIA409 - Indianwear-Women,dyed cotton round neck womens ethnic set - white,"Size:Large,Medium,Small,X-Large,X-Small,XX-Large",Rs.,8.9,1999,10% off,Indianwear-Women
aurelia,AURELIA410,AURELIA410 - Indianwear-Women,printed viscose round neck womens straight kurta - yellow,"Size:Small,X-Large",Rs.,8.9,1299,10% off,Indianwear-Women
aurelia,AURELIA411,AURELIA411 - Indianwear-Women,printed viscose round neck womens straight kurta - green,"Size:Large,Medium,Small,X-Small,XX-Large",Rs.,8.9,1499,10% off,Indianwear-Women
aurelia,AURELIA412,AURELIA412 - Indianwear-Women,printed viscose round neck womens calf length kurta - green,"Size:Large,Medium,Small,X-Large,X-Small,XX-Large",Rs.,8.9,1599,10% off,Indianwear-Women
aurelia,AURELIA413,AURELIA413 - Indianwear-Women,dyed cotton regular fit womens casual dupatta - blue,Nan,Rs.,0.9,499,10% off,Indianwear-Women
aurelia,AURELIA414,AURELIA414 - Indianwear-Women,v- neck straight designer womens kurtas - blue,Size:X-Small,Rs.,999,699,30% off,Indianwear-Women
aurelia,AURELIA415,AURELIA415 - Indianwear-Women,round neck straight designer womens kurtas - navy,"Size:Large,Medium,Small,X-Large,X-Small,XX-Large",Rs.,8.9,1399,10% off,Indianwear-Women
aurelia,AURELIA416,AURELIA416 - Indianwear-Women,dyed rayon collared neck womens above knee kurta - green,"Size:Large,Medium,Small,X-Small",Rs.,8.9,1599,10% off,Indianwear-Women
aurelia,AURELIA417,AURELIA417 - Indianwear-Women,printed cotton u neck womens straight kurta - blue,"Size:Large,Medium,Small,X-Large,X-Small,XX-Large",Rs.,1199,839,30% off,Indianwear-Women
aurelia,AURELIA418,AURELIA418 - Indianwear-Women,cotton womens casual dupatta - green,Nan,Rs.,0.9,799,10% off,Indianwear-Women
aurelia,AURELIA419,AURELIA419 - Indianwear-Women,solid cotton blend womens casual tights - black,"Size:Large,Medium,Small,X-Large,XX-Large",Rs.,0.9,599,10% off,Indianwear-Women
aurelia,AURELIA420,AURELIA420 - Indianwear-Women,printed viscose womens ethnic set - blue,"Size:Small,X-Small",Rs.,8.9,3999,10% off,Indianwear-Women
aurelia,AURELIA421,AURELIA421 - Indianwear-Women,v- neck cotton designer womens ethnic set - grey,Size:Medium,Rs.,2299,1609,30% off,Indianwear-Women
aurelia,AURELIA422,AURELIA422 - Indianwear-Women,y/d shirt collar with slit cotton womens flared dress - navy,"Size:Small,X-Small",Rs.,1699,849,50% off,Indianwear-Women
aurelia,AURELIA423,AURELIA423 - Indianwear-Women,solid polyester mandarin womens ethnic set - black,"Size:Large,Small,X-Large,XX-Large",Rs.,8.9,2599,10% off,Indianwear-Women
aurelia,AURELIA424,AURELIA424 - Indianwear-Women,solid cotton flex regular fit womens casual trousers - white,"Size:Large,Medium,Small,X-Large",Rs.,8.9,1199,10% off,Indianwear-Women
aurelia,AURELIA425,AURELIA425 - Indianwear-Women,solid viscose v-neck womens above knee kurta - black,Size:Medium,Rs.,1599,799,50% off,Indianwear-Women
aurelia,AURELIA426,AURELIA426 - Indianwear-Women,dyed cotton round neck womens straight kurta - purple,Size:Small,Rs.,1049,734,30% off,Indianwear-Women
aurelia,AURELIA427,AURELIA427 - Indianwear-Women,dyed rayon v-neck womens above knee kurta - red,"Size:4X-Large,Large,Medium,Small,XXX-Large",Rs.,1499,899,40% off,Indianwear-Women
aurelia,AURELIA428,AURELIA428 - Indianwear-Women,dyed cotton v-neck womens above knee kurta - yellow,"Size:Large,Medium,Small,X-Large,X-Small",Rs.,8.9,1699,10% off,Indianwear-Women
aurelia,AURELIA429,AURELIA429 - Indianwear-Women,printed man made fibre womens casual dupatta - blue,Nan,Rs.,0.9,799,10% off,Indianwear-Women
aurelia,AURELIA430,AURELIA430 - Indianwear-Women,cotton womens casual dupatta - blue,Nan,Rs.,0.9,799,10% off,Indianwear-Women
aurelia,AURELIA431,AURELIA431 - Indianwear-Women,mandarin straight designer womens kurtas - green,"Size:Large,Medium,Small,X-Large,X-Small,XX-Large",Rs.,8.9,1299,10% off,Indianwear-Women
aurelia,AURELIA432,AURELIA432 - Indianwear-Women,printed viscose round neck womens knee length kurta - grey,"Size:Medium,Small,X-Large,X-Small",Rs.,8.9,1299,10% off,Indianwear-Women
aurelia,AURELIA433,AURELIA433 - Indianwear-Women,dyed cotton round neck womens ethnic set - green,"Size:Large,Medium,Small,X-Large,X-Small",Rs.,8.9,1699,10% off,Indianwear-Women
aurelia,AURELIA434,AURELIA434 - Indianwear-Women,printed viscose mandarin neck womens knee length kurta - orange,"Size:Medium,Small,X-Large,X-Small,XX-Large",Rs.,1599,799,50% off,Indianwear-Women
aurelia,AURELIA435,AURELIA435 - Indianwear-Women,dyed collared neck rayon blend womens flared dress - white,"Size:Medium,X-Small",Rs.,1899,1329,30% off,Indianwear-Women
aurelia,AURELIA436,AURELIA436 - Indianwear-Women,printed mandarin neck viscose womens straight fit dress - blue,Size:X-Small,Rs.,1899,949,50% off,Indianwear-Women
aurelia,AURELIA437,AURELIA437 - Indianwear-Women,solid cotton lycra regular fit womens tights - pink,"Size:Large,Small",Rs.,699,419,40% off,Indianwear-Women
aurelia,AURELIA438,AURELIA438 - Indianwear-Women,printed viscose round neck womens flared dress - green,"Size:Large,Medium,Small,X-Small",Rs.,8.9,2999,10% off,Indianwear-Women
aurelia,AURELIA439,AURELIA439 - Indianwear-Women,round neck straight designer womens kurtas - red,"Size:Large,Medium,Small,X-Small",Rs.,8.9,1399,10% off,Indianwear-Women
aurelia,AURELIA440,AURELIA440 - Indianwear-Women,printed rayon blend round neck womens straight kurta - grey,"Size:Large,Small,X-Large",Rs.,1699,849,50% off,Indianwear-Women
aurelia,AURELIA441,AURELIA441 - Indianwear-Women,printed round neck viscose womens calf length kurta - white,"Size:Large,Medium,Small,X-Large,X-Small,XX-Large",Rs.,8.9,1299,10% off,Indianwear-Women
aurelia,AURELIA442,AURELIA442 - Indianwear-Women,printed viscose round neck womens straight kurta - yellow,"Size:Large,Medium,Small,X-Large,XX-Large",Rs.,8.9,1499,10% off,Indianwear-Women
aurelia,AURELIA443,AURELIA443 - Indianwear-Women,printed viscose round neck womens ethnic set - peach,"Size:Large,Medium,Small,X-Large,XX-Large",Rs.,2499,1749,30% off,Indianwear-Women
aurelia,AURELIA444,AURELIA444 - Indianwear-Women,printed viscose blend mandarin neck womens above knee kurta - blue,"Size:Large,Medium,Small,X-Small",Rs.,1399,979,30% off,Indianwear-Women
aurelia,AURELIA445,AURELIA445 - Indianwear-Women,solid cotton regular fit womens churidar - white,"Size:Medium,Small",Rs.,0.9,499,10% off,Indianwear-Women
aurelia,AURELIA446,AURELIA446 - Indianwear-Women,solid viscose round neck womens above knee kurta - green,"Size:Large,Medium,Small,X-Large,X-Small,XX-Large",Rs.,8.9,1299,10% off,Indianwear-Women
aurelia,AURELIA447,AURELIA447 - Indianwear-Women,mandarin straight designer womens kurtas - white,"Size:Large,Medium,Small,X-Large,X-Small,XX-Large",Rs.,8.9,1499,10% off,Indianwear-Women
aurelia,AURELIA448,AURELIA448 - Indianwear-Women,dyed cotton blend mandarin womens straight kurta - white,Size:Large,Rs.,1499,749,50% off,Indianwear-Women
aurelia,AURELIA449,AURELIA449 - Indianwear-Women,round neck a line designer womens kurtas - natural,"Size:Large,Medium,Small,X-Small",Rs.,1499,1049,30% off,Indianwear-Women
aurelia,AURELIA450,AURELIA450 - Indianwear-Women,printed polyester womens a line kurta - multi,Size:Medium,Rs.,8.9,1799,10% off,Indianwear-Women
aurelia,AURELIA451,AURELIA451 - Indianwear-Women,printed cotton regular fit womens casual culottes - black,"Size:Medium,X-Large",Rs.,8.9,1499,10% off,Indianwear-Women
aurelia,AURELIA452,AURELIA452 - Indianwear-Women,printed round neck rayon blend womens flared dress - white,Size:XX-Large,Rs.,8.9,2999,10% off,Indianwear-Women
aurelia,AURELIA453,AURELIA453 - Indianwear-Women,dyed cotton womens ethnic set - green,"Size:Large,Medium,Small,X-Small",Rs.,8.9,1899,10% off,Indianwear-Women
aurelia,AURELIA454,AURELIA454 - Indianwear-Women,solid viscose mandarin womens above knee kurta - blue,"Size:Large,Medium,Small,X-Small,XX-Large",Rs.,8.9,1299,10% off,Indianwear-Women
aurelia,AURELIA455,AURELIA455 - Indianwear-Women,printed cotton flex womens ethnic set - blue,"Size:Large,Medium,Small,X-Small,XX-Large",Rs.,8.9,1999,10% off,Indianwear-Women
aurelia,AURELIA456,AURELIA456 - Indianwear-Women,printed viscose blend round neck womens knee length kurta - navy,"Size:Large,Medium,Small,X-Large",Rs.,8.9,1299,10% off,Indianwear-Women
aurelia,AURELIA457,AURELIA457 - Indianwear-Women,round neck cotton womens knee length kurta - natural,"Size:Large,Medium,Small,X-Large,X-Small,XX-Large",Rs.,8.9,1699,10% off,Indianwear-Women
aurelia,AURELIA458,AURELIA458 - Indianwear-Women,round neck cotton womens knee length kurta - green,"Size:Large,Medium,Small,X-Large,X-Small,XX-Large",Rs.,1199,839,30% off,Indianwear-Women
aurelia,AURELIA459,AURELIA459 - Indianwear-Women,printed round neck viscose womens calf length kurta - white,"Size:Large,Medium,Small,X-Large,X-Small,XX-Large",Rs.,8.9,1299,10% off,Indianwear-Women
aurelia,AURELIA460,AURELIA460 - Indianwear-Women,yarn dyed cotton round neck womens straight kurta - navy,"Size:Large,Medium,Small,X-Large,XX-Large",Rs.,8.9,1399,10% off,Indianwear-Women
aurelia,AURELIA461,AURELIA461 - Indianwear-Women,solid cotton blend womens casual tights - yellow,"Size:Large,Medium,Small,X-Large,XX-Large",Rs.,0.9,599,10% off,Indianwear-Women
aurelia,AURELIA462,AURELIA462 - Indianwear-Women,printed polyester womens regular length palazzos - green,"Size:Large,Medium,Small,X-Large",Rs.,1499,899,40% off,Indianwear-Women
aurelia,AURELIA463,AURELIA463 - Indianwear-Women,printed poly lycra womens festive palazzo - gold,"Size:Large,Medium,Small,X-Large,XX-Large",Rs.,8.9,999,10% off,Indianwear-Women
aurelia,AURELIA464,AURELIA464 - Indianwear-Women,regular fit regular length polyester womens festive skirt - gold,"Size:Large,Medium,Small,X-Large,X-Small,XX-Large",Rs.,8.9,2299,10% off,Indianwear-Women
aurelia,AURELIA465,AURELIA465 - Indianwear-Women,printed chanderi round neck womens ethnic set - pink,"Size:Large,Medium",Rs.,8.9,4699,10% off,Indianwear-Women
aurelia,AURELIA466,AURELIA466 - Indianwear-Women,yarn dyed band collar w/ v straight womens kurta - navy,"Size:Large,X-Small",Rs.,1199,599,50% off,Indianwear-Women
aurelia,AURELIA467,AURELIA467 - Indianwear-Women,solid regular fit cotton flex womens casual trousers - green,Size:Small,Rs.,1049,629,40% off,Indianwear-Women
aurelia,AURELIA468,AURELIA468 - Indianwear-Women,printed viscose blend round neck womens ethnic set - natural,Size:Large,Rs.,3999,1999,50% off,Indianwear-Women
aurelia,AURELIA469,AURELIA469 - Indianwear-Women,yarn dyed 2tone womens non festive trousers - grey,"Size:Medium,Small",Rs.,0.9,899,10% off,Indianwear-Women
aurelia,AURELIA470,AURELIA470 - Indianwear-Women,mandarin straight designer womens kurtas - green,"Size:Small,X-Large",Rs.,1049,629,40% off,Indianwear-Women
aurelia,AURELIA471,AURELIA471 - Indianwear-Women,dyed cotton round neck womens ethnic set - grey,Size:XX-Large,Rs.,8.9,3399,10% off,Indianwear-Women
aurelia,AURELIA472,AURELIA472 - Indianwear-Women,printed polyester round neck womens straight kurta - green,"Size:Large,Medium,Small,X-Small",Rs.,8.9,1699,10% off,Indianwear-Women
aurelia,AURELIA473,AURELIA473 - Indianwear-Women,printed polyester blend regular fit womens regular palazzos - gold,"Size:Large,Medium,Small,X-Large,XX-Large",Rs.,8.9,999,10% off,Indianwear-Women
aurelia,AURELIA474,AURELIA474 - Indianwear-Women,solid cotton lycra regular fit womens tights - red,"Size:Large,Medium,Small,X-Large,XX-Large",Rs.,0.9,599,10% off,Indianwear-Women
aurelia,AURELIA475,AURELIA475 - Indianwear-Women,cotton lycra woven womens tights - white,"Size:Small,X-Large,XX-Large",Rs.,0.9,699,10% off,Indianwear-Women
aurelia,AURELIA476,AURELIA476 - Indianwear-Women,printed polyester mandarin womens flared kurta - blue,Size:Medium,Rs.,8.9,2599,10% off,Indianwear-Women
aurelia,AURELIA477,AURELIA477 - Indianwear-Women,printed viscose round neck womens straight kurta - blue,"Size:Medium,Small,X-Small",Rs.,1199,839,30% off,Indianwear-Women
aurelia,AURELIA478,AURELIA478 - Indianwear-Women,printed cotton regular fit womens casual culottes - navy,"Size:Medium,Small,X-Large",Rs.,8.9,1499,10% off,Indianwear-Women
aurelia,AURELIA479,AURELIA479 - Indianwear-Women,printed cotton round neck womens straight kurta - pink,"Size:Medium,Small,X-Small",Rs.,8.9,1199,10% off,Indianwear-Women
aurelia,AURELIA480,AURELIA480 - Indianwear-Women,dyed cotton womens straight kurta - white,"Size:Large,Medium,Small,X-Large,X-Small",Rs.,8.9,1699,10% off,Indianwear-Women
aurelia,AURELIA481,AURELIA481 - Indianwear-Women,solid cotton blend regular fit womens tights - black,Size:Small,Rs.,0.9,599,10% off,Indianwear-Women
aurelia,AURELIA482,AURELIA482 - Indianwear-Women,dyed cotton round neck womens straight kurta - red,Size:X-Large,Rs.,8.9,999,10% off,Indianwear-Women
aurelia,AURELIA483,AURELIA483 - Indianwear-Women,dyed cotton round neck womens ethnic set - red,"Size:Large,Medium,Small,X-Large,X-Small,XX-Large",Rs.,8.9,1999,10% off,Indianwear-Women
aurelia,AURELIA484,AURELIA484 - Indianwear-Women,printed polyester blend regular fit womens tights - gold,"Size:Medium,X-Large",Rs.,0.9,699,10% off,Indianwear-Women
aurelia,AURELIA485,AURELIA485 - Indianwear-Women,solid cotton blend womens casual tights - green,"Size:Large,Medium,Small,X-Large",Rs.,0.9,599,10% off,Indianwear-Women
aurelia,AURELIA486,AURELIA486 - Indianwear-Women,yarn dyed shirt collar straight womens kurta - green,"Size:Small,X-Small",Rs.,1499,1049,30% off,Indianwear-Women
ayesha,AYESHA1,AYESHA1 - Westernwear-Women,mens peace & love black baseball cap,Nan,Rs.,998,299,70% off,Westernwear-Women
ayesha,AYESHA2,AYESHA2 - Westernwear-Women,matte black sequence reusable mask with sitra certified filter,Nan,Rs.,999,499,50% off,Westernwear-Women
ayesha,AYESHA3,AYESHA3 - Indianwear-Women,womens black & white stars and striped border scarf,Nan,Rs.,7.8,1198,10% off,Indianwear-Women
ayesha,AYESHA4,AYESHA4 - Indianwear-Women,contemporary double shade lurex scarf,Nan,Rs.,0.8,898,10% off,Indianwear-Women
ayesha,AYESHA5,AYESHA5 - Indianwear-Women,brown cheetah printed silk scarf for women,Nan,Rs.,0.8,598,10% off,Indianwear-Women
ayesha,AYESHA6,AYESHA6 - Indianwear-Women,light pink scarf with pastel tassels - multi,Nan,Rs.,7.8,1298,10% off,Indianwear-Women
ayesha,AYESHA7,AYESHA7 - Indianwear-Women,ethnic striped scarf with frayed edges,Nan,Rs.,7.8,2998,10% off,Indianwear-Women
ayesha,AYESHA8,AYESHA8 - Indianwear-Women,contemporary floral printed pink scarf,Nan,Rs.,0.8,898,10% off,Indianwear-Women
ayesha,AYESHA9,AYESHA9 - Indianwear-Women,contemporary studded border maroon scarf,Nan,Rs.,7.8,1598,10% off,Indianwear-Women
ayesha,AYESHA10,AYESHA10 - Indianwear-Women,contemporary abstract printed silk scarf,Nan,Rs.,7.8,2498,10% off,Indianwear-Women
ayesha,AYESHA11,AYESHA11 - Indianwear-Women,multicolor triangular printed viscose scarf for girls & women - green,Nan,Rs.,7.8,998,10% off,Indianwear-Women
ayesha,AYESHA12,AYESHA12 - Indianwear-Women,quirky blue with butterflies printed rayon scarf for girls and women - blue,Nan,Rs.,0.8,898,10% off,Indianwear-Women
ayesha,AYESHA13,AYESHA13 - Indianwear-Women,viscose contemporary solid plain stole casual scarf,Nan,Rs.,7.8,1498,10% off,Indianwear-Women
ayesha,AYESHA14,AYESHA14 - Indianwear-Women,contemporary floral cherry blossom printed scarf,Nan,Rs.,7.8,1398,10% off,Indianwear-Women
ayesha,AYESHA15,AYESHA15 - Indianwear-Women,womens baby pink acrylic muffler with crinkle effect,Nan,Rs.,7.8,998,10% off,Indianwear-Women
ayesha,AYESHA16,AYESHA16 - Indianwear-Women,womens white & pastel blue leopard print lace border scarf,Nan,Rs.,0.8,898,10% off,Indianwear-Women
ayesha,AYESHA17,AYESHA17 - Indianwear-Women,sky blue double colour striped scarf with tassels,Nan,Rs.,7.8,1398,10% off,Indianwear-Women
ayesha,AYESHA18,AYESHA18 - Indianwear-Women,womens sea green viscose half lurex scarf with tassels - multi,Nan,Rs.,7.8,1298,10% off,Indianwear-Women
ayesha,AYESHA19,AYESHA19 - Indianwear-Women,grey plain scarf for girls & women - multi,Nan,Rs.,7.8,998,10% off,Indianwear-Women
ayesha,AYESHA20,AYESHA20 - Indianwear-Women,beige scarf with golden lurex border & tassels,Nan,Rs.,7.8,1498,10% off,Indianwear-Women
ayesha,AYESHA21,AYESHA21 - Indianwear-Women,contemporary heart printed scarf,Nan,Rs.,7.8,998,10% off,Indianwear-Women
ayesha,AYESHA22,AYESHA22 - Indianwear-Women,ethnic embroidered motif scarf,Nan,Rs.,7.8,3598,10% off,Indianwear-Women
ayesha,AYESHA23,AYESHA23 - Indianwear-Women,traditional pattern stonewash print blue viscose scarf for girls and women - blue,Nan,Rs.,7.8,998,10% off,Indianwear-Women
ayesha,AYESHA24,AYESHA24 - Indianwear-Women,viscose contemporary solid plain stole casual scarf,Nan,Rs.,7.8,1498,10% off,Indianwear-Women
ayesha,AYESHA25,AYESHA25 - Indianwear-Women,multicolor triangular printed viscose scarf for girls & women,Nan,Rs.,7.8,998,10% off,Indianwear-Women
ayesha,AYESHA26,AYESHA26 - Indianwear-Women,ethnic striped scarf with frayed edges,Nan,Rs.,7.8,2998,10% off,Indianwear-Women
ayesha,AYESHA27,AYESHA27 - Indianwear-Women,womens brown stripes silver lurex printed viscose scarf - multi,Nan,Rs.,0.8,598,10% off,Indianwear-Women
ayesha,AYESHA28,AYESHA28 - Indianwear-Women,black with multicolor stripes scarf for girls & women - multi,Nan,Rs.,0.8,898,10% off,Indianwear-Women
ayesha,AYESHA29,AYESHA29 - Indianwear-Women,womens multicolor dragonfly printed viscose scarf - multi,Nan,Rs.,7.8,998,10% off,Indianwear-Women
ayesha,AYESHA30,AYESHA30 - Indianwear-Women,contemporary butterfly printed multicolor scarf,Nan,Rs.,7.8,998,10% off,Indianwear-Women
ayesha,AYESHA31,AYESHA31 - Indianwear-Women,purple star printed silk scarf,Nan,Rs.,0.8,898,10% off,Indianwear-Women
ayesha,AYESHA32,AYESHA32 - Indianwear-Women,polka dot print grey viscose scarf for girls and women - grey,Nan,Rs.,0.8,698,10% off,Indianwear-Women
ayesha,AYESHA33,AYESHA33 - Indianwear-Women,contemporary flamingo printed scarf,Nan,Rs.,7.8,998,10% off,Indianwear-Women
ayesha,AYESHA34,AYESHA34 - Indianwear-Women,contemporary butterfly printed multicolor scarf,Nan,Rs.,7.8,998,10% off,Indianwear-Women
ayesha,AYESHA35,AYESHA35 - Indianwear-Women,solid pink rayon scarf with tassels for girls and women - pink,Nan,Rs.,0.8,598,10% off,Indianwear-Women
ayesha,AYESHA36,AYESHA36 - Indianwear-Women,womens blue polka dot printed silk scarf,Nan,Rs.,0.8,598,10% off,Indianwear-Women
ayesha,AYESHA37,AYESHA37 - Indianwear-Women,black flock print viscose scarf for girls & women - multi,Nan,Rs.,7.8,1298,10% off,Indianwear-Women
ayesha,AYESHA38,AYESHA38 - Indianwear-Women,black embroided linen scarf for women - multi,Nan,Rs.,7.8,1498,10% off,Indianwear-Women
ayesha,AYESHA39,AYESHA39 - Indianwear-Women,beige double color striped scarf with tassels,Nan,Rs.,7.8,1398,10% off,Indianwear-Women
ayesha,AYESHA40,AYESHA40 - Indianwear-Women,black & white polka dot scarf,Nan,Rs.,7.8,1298,10% off,Indianwear-Women
ayesha,AYESHA41,AYESHA41 - Indianwear-Women,womens multicolor butterfly printed viscose scarf - multi,Nan,Rs.,7.8,998,10% off,Indianwear-Women
ayesha,AYESHA42,AYESHA42 - Indianwear-Women,teal double colour striped scarf with tassels,Nan,Rs.,7.8,1398,10% off,Indianwear-Women
ayesha,AYESHA43,AYESHA43 - Indianwear-Women,contemporary studded border light grey scarf,Nan,Rs.,7.8,1598,10% off,Indianwear-Women
ayesha,AYESHA44,AYESHA44 - Indianwear-Women,womens red solid plain crush polyester scarf - multi,Nan,Rs.,7.8,998,10% off,Indianwear-Women
ayesha,AYESHA45,AYESHA45 - Indianwear-Women,black with white border pattern rayon scarf with tassels for girls and women - black,Nan,Rs.,0.8,798,10% off,Indianwear-Women
ayesha,AYESHA46,AYESHA46 - Indianwear-Women,white acrylic muffler with crinkle effect,Nan,Rs.,7.8,998,10% off,Indianwear-Women
ayesha,AYESHA47,AYESHA47 - Indianwear-Women,contemporary solid white viscose scarf,Nan,Rs.,7.8,998,10% off,Indianwear-Women
ayesha,AYESHA48,AYESHA48 - Indianwear-Women,dual colored maroon rayon scarf with tassels for girls and women,Nan,Rs.,7.8,998,10% off,Indianwear-Women
ayesha,AYESHA49,AYESHA49 - Indianwear-Women,ethnic embroidered motif scarf,Nan,Rs.,7.8,3598,10% off,Indianwear-Women
ayesha,AYESHA50,AYESHA50 - Indianwear-Women,black solid lurex scarf,Nan,Rs.,7.8,998,10% off,Indianwear-Women
ayesha,AYESHA51,AYESHA51 - Indianwear-Women,contemporary geometric triangle printed scarf,Nan,Rs.,7.8,2498,10% off,Indianwear-Women
ayesha,AYESHA52,AYESHA52 - Indianwear-Women,womens black scarf with golden lurex border & tassels,Nan,Rs.,7.8,1498,10% off,Indianwear-Women
ayesha,AYESHA53,AYESHA53 - Indianwear-Women,viscose contemporary solid plain stole casual scarf,Nan,Rs.,7.8,1498,10% off,Indianwear-Women
ayesha,AYESHA54,AYESHA54 - Indianwear-Women,womens black weave printed lurex tassel viscose scarf - multi,Nan,Rs.,0.8,798,10% off,Indianwear-Women
ayesha,AYESHA55,AYESHA55 - Indianwear-Women,quirky grey with butterfly printed rayon scarf for girls and women - grey,Nan,Rs.,0.8,898,10% off,Indianwear-Women
ayesha,AYESHA56,AYESHA56 - Indianwear-Women,grey double shaded scarf with tassels,Nan,Rs.,7.8,1498,10% off,Indianwear-Women
ayesha,AYESHA57,AYESHA57 - Indianwear-Women,stone wash grey viscose scarf for girls & women - grey,Nan,Rs.,7.8,1198,10% off,Indianwear-Women
ayesha,AYESHA58,AYESHA58 - Indianwear-Women,black and white animal print acrylic muffler,Nan,Rs.,7.8,998,10% off,Indianwear-Women
ayesha,AYESHA59,AYESHA59 - Indianwear-Women,viscose contemporary solid plain stole casual scarf,Nan,Rs.,7.8,1498,10% off,Indianwear-Women
ayesha,AYESHA60,AYESHA60 - Indianwear-Women,womens red leaf printed viscose rayon scarf - multi,Nan,Rs.,0.8,698,10% off,Indianwear-Women
ayesha,AYESHA61,AYESHA61 - Indianwear-Women,womens pink motif pattern printed with tassels viscose scarf - multi,Nan,Rs.,7.8,1198,10% off,Indianwear-Women
ayesha,AYESHA62,AYESHA62 - Indianwear-Women,red rayon scarf with tassels for girls and women - red,Nan,Rs.,0.8,598,10% off,Indianwear-Women
ayesha,AYESHA63,AYESHA63 - Indianwear-Women,purple leopard patterned scarf,Nan,Rs.,7.8,1298,10% off,Indianwear-Women
ayesha,AYESHA64,AYESHA64 - Indianwear-Women,black & white star printed silk scarf,Nan,Rs.,0.8,898,10% off,Indianwear-Women
ayesha,AYESHA65,AYESHA65 - Indianwear-Women,contemporary geometric triangle printed scarf,Nan,Rs.,7.8,2498,10% off,Indianwear-Women
ayesha,AYESHA66,AYESHA66 - Indianwear-Women,womens blue flamingo printed white viscose scarf - blue,Nan,Rs.,7.8,998,10% off,Indianwear-Women
ayesha,AYESHA67,AYESHA67 - Indianwear-Women,ethnic embroidered motif scarf,Nan,Rs.,7.8,3598,10% off,Indianwear-Women
ayesha,AYESHA68,AYESHA68 - Indianwear-Women,grey & blue double shaded scarf with tassels,Nan,Rs.,7.8,1498,10% off,Indianwear-Women
ayesha,AYESHA69,AYESHA69 - Indianwear-Women,set of quirky patterns carbon printed polyester scarf for girls and women - black,Nan,Rs.,1998,898,55% off,Indianwear-Women
ayesha,AYESHA70,AYESHA70 - Indianwear-Women,plain blue viscose scarf for girls & women - blue,Nan,Rs.,7.8,998,10% off,Indianwear-Women
ayesha,AYESHA71,AYESHA71 - Indianwear-Women,brown geometric shapes printed silk scarf for women,Nan,Rs.,0.8,598,10% off,Indianwear-Women
ayesha,AYESHA72,AYESHA72 - Jewellery-Women,mens set of 3 rugged braided leather bracelets,Nan,Rs.,598,179,70% off,Jewellery-Women
ayesha,AYESHA73,AYESHA73 - Jewellery-Women,chunky statement eiffel tower and pearl charms chain-link layered bracelet,Nan,Rs.,298,149,50% off,Jewellery-Women
ayesha,AYESHA74,AYESHA74 - Jewellery-Women,chunky chain-link gold-toned circular pendant layered necklace,Nan,Rs.,799,399,50% off,Jewellery-Women
ayesha,AYESHA75,AYESHA75 - Jewellery-Women,mens rugged black leather adjustable bracelet with beads metal fish bone and helm charm,Nan,Rs.,499,149,70% off,Jewellery-Women
ayesha,AYESHA76,AYESHA76 - Jewellery-Women,contemporary square gun metal black metallic cuff bracelet,Nan,Rs.,898,269,70% off,Jewellery-Women
ayesha,AYESHA77,AYESHA77 - Jewellery-Women,womens sliver plated beads drop earrings - multi,Nan,Rs.,198,99,50% off,Jewellery-Women
ayesha,AYESHA78,AYESHA78 - Jewellery-Women,contemporary circular rose gold-toned metallic cuff bracelet,Nan,Rs.,898,269,70% off,Jewellery-Women
ayesha,AYESHA79,AYESHA79 - Jewellery-Women,statement handcrafted ethnic gold-toned ghungroo choker necklace,Nan,Rs.,998,499,50% off,Jewellery-Women
ayesha,AYESHA80,AYESHA80 - Jewellery-Women,star pendant statement gold-toned layered necklace,Nan,Rs.,698,349,50% off,Jewellery-Women
ayesha,AYESHA81,AYESHA81 - Jewellery-Women,butterfly pendant statement gold-toned layered necklace,Nan,Rs.,798,399,50% off,Jewellery-Women
ayesha,AYESHA82,AYESHA82 - Jewellery-Women,mens rugged black leather adjustable neck piece with a metal anchor pendant,Nan,Rs.,499,149,70% off,Jewellery-Women
ayesha,AYESHA83,AYESHA83 - Jewellery-Women,set of four contemporary silver-toned stud earrings,Nan,Rs.,299,149,50% off,Jewellery-Women
ayesha,AYESHA84,AYESHA84 - Jewellery-Women,butterfly pendant statement gold-toned layered necklace,Nan,Rs.,699,349,50% off,Jewellery-Women
ayesha,AYESHA85,AYESHA85 - Jewellery-Women,ethnic gold-toned oxidized pearl drop hook earrings,Nan,Rs.,299,149,50% off,Jewellery-Women
ayesha,AYESHA86,AYESHA86 - Jewellery-Women,set of three colorful silk scrunchie hair ties,Nan,Rs.,399,199,50% off,Jewellery-Women
ayesha,AYESHA87,AYESHA87 - Jewellery-Women,geometric shaped pendant gold-toned choker necklace,Nan,Rs.,1198,359,70% off,Jewellery-Women
ayesha,AYESHA88,AYESHA88 - Jewellery-Women,womens metallic gold western charm necklace with metallic balls and a rhinestone pendant - multi,Nan,Rs.,898,449,50% off,Jewellery-Women
ayesha,AYESHA89,AYESHA89 - Jewellery-Women,set of four metallic gold & rose gold textured mini claw clips,Nan,Rs.,598,299,50% off,Jewellery-Women
ayesha,AYESHA90,AYESHA90 - Jewellery-Women,butterfly mini pendant silver-toned diamante studded dainty necklace,Nan,Rs.,499,249,50% off,Jewellery-Women
ayesha,AYESHA91,AYESHA91 - Jewellery-Women,womens gold plated earrings - multi,Nan,Rs.,298,89,70% off,Jewellery-Women
ayesha,AYESHA92,AYESHA92 - Jewellery-Women,mens rasta jamaican set of 5 rugged leather braided bracelets,Nan,Rs.,798,239,70% off,Jewellery-Women
ayesha,AYESHA93,AYESHA93 - Jewellery-Women,ethnic gold-toned circular ghungroo jhumki drop earrings,Nan,Rs.,499,249,50% off,Jewellery-Women
ayesha,AYESHA94,AYESHA94 - Jewellery-Women,top-knot pink thick fabric oversized hair band,Nan,Rs.,399,199,50% off,Jewellery-Women
ayesha,AYESHA95,AYESHA95 - Jewellery-Women,womens sliver plated beads bracelet - multi,Nan,Rs.,298,149,50% off,Jewellery-Women
ayesha,AYESHA96,AYESHA96 - Jewellery-Women,dainty pearl and metallic chain tassel gold-toned dangler earrings,Nan,Rs.,799,399,50% off,Jewellery-Women
ayesha,AYESHA97,AYESHA97 - Jewellery-Women,womens blue beaded multi string boho western bracelet - multi,Nan,Rs.,298,149,50% off,Jewellery-Women
ayesha,AYESHA98,AYESHA98 - Jewellery-Women,womens metallic tassel drop earrings - multi,Nan,Rs.,598,179,70% off,Jewellery-Women
ayesha,AYESHA99,AYESHA99 - Jewellery-Women,oversized handcrafted ethnic gold ghungroo hook circular drop earrings,Nan,Rs.,398,199,50% off,Jewellery-Women
ayesha,AYESHA100,AYESHA100 - Jewellery-Women,pearl studded criss cross gold-toned dainty choker necklace,Nan,Rs.,1198,359,70% off,Jewellery-Women
ayesha,AYESHA101,AYESHA101 - Jewellery-Women,womens white glitter bangles set (18pcs) - multi,Nan,Rs.,398,199,50% off,Jewellery-Women
ayesha,AYESHA102,AYESHA102 - Jewellery-Women,womens western metallic gold big hoop with white crystal drop earrings - multi,Nan,Rs.,798,399,50% off,Jewellery-Women
ayesha,AYESHA103,AYESHA103 - Jewellery-Women,mens brown pendant necklace,Nan,Rs.,499,149,70% off,Jewellery-Women
ayesha,AYESHA104,AYESHA104 - Jewellery-Women,top-knot black thick fabric oversized hair band,Nan,Rs.,399,199,50% off,Jewellery-Women
ayesha,AYESHA105,AYESHA105 - Jewellery-Women,chunky bold stone studded gold-toned drop earrings,Nan,Rs.,499,249,50% off,Jewellery-Women
ayesha,AYESHA106,AYESHA106 - Jewellery-Women,set of three colorful silk scrunchie hair ties,Nan,Rs.,399,199,50% off,Jewellery-Women
ayesha,AYESHA107,AYESHA107 - Jewellery-Women,contemporary rhinestone studded metallic diamond shaped drop earrings,Nan,Rs.,998,299,70% off,Jewellery-Women
ayesha,AYESHA108,AYESHA108 - Jewellery-Women,womens ethnic tribal ornate metallic silver bangles (set of 2) - multi,Nan,Rs.,398,199,50% off,Jewellery-Women
ayesha,AYESHA109,AYESHA109 - Jewellery-Women,set of four statement gold-toned pearl studded hairclips,Nan,Rs.,599,299,50% off,Jewellery-Women
ayesha,AYESHA110,AYESHA110 - Jewellery-Women,womens multi-strand glass beads attached to cloth with a magnetic clasp western statement necklace - multi,Nan,Rs.,1298,649,50% off,Jewellery-Women
ayesha,AYESHA111,AYESHA111 - Jewellery-Women,womens tribal dots with stone ethnic earrings - multi,Nan,Rs.,499,249,50% off,Jewellery-Women
ayesha,AYESHA112,AYESHA112 - Jewellery-Women,"set of 6 gold-toned, pearl, animal tortoise shell print stud & hoop earrings",Nan,Rs.,798,399,50% off,Jewellery-Women
ayesha,AYESHA113,AYESHA113 - Jewellery-Women,womens 70's style ethnic tribal blue floral drop earrings - multi,Nan,Rs.,798,239,70% off,Jewellery-Women
ayesha,AYESHA114,AYESHA114 - Jewellery-Women,womens gold plated stud and drop earrings set of 6 pairs - yellow,Nan,Rs.,698,349,50% off,Jewellery-Women
ayesha,AYESHA115,AYESHA115 - Jewellery-Women,oval charms gold-toned triple layered necklace,Nan,Rs.,898,449,50% off,Jewellery-Women
ayesha,AYESHA116,AYESHA116 - Jewellery-Women,"womens set of 6 metallic ball shaped studs and monochromatic circular, triangular, square hoops western earrings - multi",Nan,Rs.,598,299,50% off,Jewellery-Women
ayesha,AYESHA117,AYESHA117 - Jewellery-Women,womens multi earrings,Nan,Rs.,298,89,70% off,Jewellery-Women
ayesha,AYESHA118,AYESHA118 - Jewellery-Women,mini evil-eye pendant diamante studded gold-toned dainty necklace,Nan,Rs.,898,269,70% off,Jewellery-Women
ayesha,AYESHA119,AYESHA119 - Jewellery-Women,chunky bold twisted organic gold-toned oversized stud earrings,Nan,Rs.,399,199,50% off,Jewellery-Women
ayesha,AYESHA120,AYESHA120 - Jewellery-Women,mens metallic silver cuboid link bracelet,Nan,Rs.,898,269,70% off,Jewellery-Women
ayesha,AYESHA121,AYESHA121 - Jewellery-Women,contemporary cable chain-link statement gold-toned layered necklace,Nan,Rs.,499,249,50% off,Jewellery-Women
ayesha,AYESHA122,AYESHA122 - Jewellery-Women,contemporary circular gun metal black metallic cuff bracelet,Nan,Rs.,898,269,70% off,Jewellery-Women
ayesha,AYESHA123,AYESHA123 - Jewellery-Women,womens gold plated earrings - multi,Nan,Rs.,298,89,70% off,Jewellery-Women
ayesha,AYESHA124,AYESHA124 - Jewellery-Women,womens silver plated earring - multi,Nan,Rs.,198,99,50% off,Jewellery-Women
ayesha,AYESHA125,AYESHA125 - Jewellery-Women,butterfly pendant chain-link statement gold-toned necklace,Nan,Rs.,798,399,50% off,Jewellery-Women
ayesha,AYESHA126,AYESHA126 - Jewellery-Women,womens metallic silver circular crystal studded diamante tassel drop western earrings,Nan,Rs.,1298,649,50% off,Jewellery-Women
ayesha,AYESHA127,AYESHA127 - Jewellery-Women,"womens antique gold toned chandelier shaped ethnic, tribal dangle earrings with pearls and charms - multi",Nan,Rs.,598,299,50% off,Jewellery-Women
ayesha,AYESHA128,AYESHA128 - Jewellery-Women,womens black metallic gold studded wrap-around leather bracelet - multi,Nan,Rs.,698,349,50% off,Jewellery-Women
ayesha,AYESHA129,AYESHA129 - Jewellery-Women,mini butterfly pendant gold-toned dainty necklace,Nan,Rs.,899,269,70% off,Jewellery-Women
ayesha,AYESHA130,AYESHA130 - Jewellery-Women,"statement star, globe & moon pendant chain-link gold-toned layered necklace",Nan,Rs.,1298,389,70% off,Jewellery-Women
ayesha,AYESHA131,AYESHA131 - Jewellery-Women,womens oversized textured danger earrings - multi,Nan,Rs.,598,299,50% off,Jewellery-Women
ayesha,AYESHA132,AYESHA132 - Jewellery-Women,"heart, star & moon pendant statement gold-toned layered necklace",Nan,Rs.,1298,389,70% off,Jewellery-Women
ayesha,AYESHA133,AYESHA133 - Jewellery-Women,womens set of 9 fluorescent pink and purple multi-shaped western style stud earrings - multi,Nan,Rs.,298,149,50% off,Jewellery-Women
ayesha,AYESHA134,AYESHA134 - Jewellery-Women,womens set of metallic gold studs and dangler western earrings (5pcs) - yellow,Nan,Rs.,698,349,50% off,Jewellery-Women
ayesha,AYESHA135,AYESHA135 - Jewellery-Women,womens matt black and blue set of 24 classic bangles - multi,Nan,Rs.,598,299,50% off,Jewellery-Women
ayesha,AYESHA136,AYESHA136 - Jewellery-Women,set of 6 gold-toned & pearl party stud & hoop earrings,Nan,Rs.,798,399,50% off,Jewellery-Women
ayesha,AYESHA137,AYESHA137 - Jewellery-Women,womens metallic gold tassel long drop diamante decor western earrings,Nan,Rs.,698,349,50% off,Jewellery-Women
ayesha,AYESHA138,AYESHA138 - Jewellery-Women,set of three colorful silk scrunchie hair ties,Nan,Rs.,399,199,50% off,Jewellery-Women
ayesha,AYESHA139,AYESHA139 - Jewellery-Women,mini butterfly pendant iridescent rhinestone studded gold-toned dainty necklace,Nan,Rs.,898,269,70% off,Jewellery-Women
ayesha,AYESHA140,AYESHA140 - Jewellery-Women,oversized twisted circular gold-toned pearl drop earrings,Nan,Rs.,898,269,70% off,Jewellery-Women
ayesha,AYESHA141,AYESHA141 - Jewellery-Women,womens metallic gold long chain with ring charm drop western earrings - multi,Nan,Rs.,198,99,50% off,Jewellery-Women
ayesha,AYESHA142,AYESHA142 - Jewellery-Women,"womens antique silver toned ethnic, tribal long dangle earrings featuring a dark red rhinestone - multi",Nan,Rs.,698,349,50% off,Jewellery-Women
ayesha,AYESHA143,AYESHA143 - Jewellery-Women,womens gold plated earrings - multi,Nan,Rs.,298,89,70% off,Jewellery-Women
ayesha,AYESHA144,AYESHA144 - Jewellery-Women,mens set of 3 rugged black leather adjustable bracelets with beads and a carved metal cross,Nan,Rs.,598,179,70% off,Jewellery-Women
ayesha,AYESHA145,AYESHA145 - Jewellery-Women,womens set of 9 metallic coloured big multi-shaped western style stud earrings - multi,Nan,Rs.,398,199,50% off,Jewellery-Women
ayesha,AYESHA146,AYESHA146 - Jewellery-Women,womens metallic silver hoop studded diamante tassel drop western earrings - silver,Nan,Rs.,898,449,50% off,Jewellery-Women
ayesha,AYESHA147,AYESHA147 - Jewellery-Women,mens rugged brown leather adjustable multi-layer bracelet and necklace,Nan,Rs.,298,89,70% off,Jewellery-Women
ayesha,AYESHA148,AYESHA148 - Jewellery-Women,mens brown rugged adjustable leather cross pendant necklace,Nan,Rs.,598,179,70% off,Jewellery-Women
ayesha,AYESHA149,AYESHA149 - Jewellery-Women,mens set of 3 rugged black leather adjustable bracelets with beads and a carved metal anchor,Nan,Rs.,598,179,70% off,Jewellery-Women
ayesha,AYESHA150,AYESHA150 - Jewellery-Women,mens rugged black leather adjustable bracelet with metal charms and beads,Nan,Rs.,499,149,70% off,Jewellery-Women
ayesha,AYESHA151,AYESHA151 - Jewellery-Women,charm pendant statement layered necklace,Nan,Rs.,998,499,50% off,Jewellery-Women
ayesha,AYESHA152,AYESHA152 - Jewellery-Women,womens asymmetrical pearl lock statement necklace - multi,Nan,Rs.,798,399,50% off,Jewellery-Women
ayesha,AYESHA153,AYESHA153 - Jewellery-Women,"womens metallic gold pearl and rhinestone studded hair pin, earrings and pendant western necklace set - yellow",Nan,Rs.,898,449,50% off,Jewellery-Women
ayesha,AYESHA154,AYESHA154 - Jewellery-Women,oversized pearl studded silver-toned circular double layered hoop earrings,Nan,Rs.,699,209,70% off,Jewellery-Women
ayesha,AYESHA155,AYESHA155 - Jewellery-Women,womens round foliage filigree motif silver plated layered necklace - silver,Nan,Rs.,998,499,50% off,Jewellery-Women
ayesha,AYESHA156,AYESHA156 - Jewellery-Women,oversized pearl drop gold-toned circular dangler earrings,Nan,Rs.,898,269,70% off,Jewellery-Women
ayesha,AYESHA157,AYESHA157 - Jewellery-Women,ethnic oxidized jhumki drop earrings,Nan,Rs.,998,299,70% off,Jewellery-Women
ayesha,AYESHA158,AYESHA158 - Jewellery-Women,set of 6 gold-toned & pearl diamante stud & hoop earrings,Nan,Rs.,798,399,50% off,Jewellery-Women
ayesha,AYESHA159,AYESHA159 - Jewellery-Women,womens metallic multi layered gold glitter bangles - yellow,Nan,Rs.,598,299,50% off,Jewellery-Women
ayesha,AYESHA160,AYESHA160 - Jewellery-Women,womens silver plated earrings - multi,Nan,Rs.,298,89,70% off,Jewellery-Women
ayesha,AYESHA161,AYESHA161 - Jewellery-Women,womens antique silver toned oversized circular star cut with black pearl charms tribal ethnic earrings - silver,Nan,Rs.,398,119,70% off,Jewellery-Women
ayesha,AYESHA162,AYESHA162 - Jewellery-Women,contemporary butterfly gold-toned metallic cuff bracelet,Nan,Rs.,898,269,70% off,Jewellery-Women
ayesha,AYESHA163,AYESHA163 - Jewellery-Women,womens black and white bangles set (18pcs) - multi,Nan,Rs.,398,199,50% off,Jewellery-Women
ayesha,AYESHA164,AYESHA164 - Jewellery-Women,set of three statement gold-toned pearl studded hairclips,Nan,Rs.,499,249,50% off,Jewellery-Women
ayesha,AYESHA165,AYESHA165 - Jewellery-Women,set of four contemporary gold-toned stud earrings,Nan,Rs.,299,149,50% off,Jewellery-Women
ayesha,AYESHA166,AYESHA166 - Jewellery-Women,mens rugged black leather wrap around bracelet and necklace,Nan,Rs.,398,119,70% off,Jewellery-Women
ayesha,AYESHA167,AYESHA167 - Jewellery-Women,lock and heart pendant statement layered necklace,Nan,Rs.,1198,599,50% off,Jewellery-Women
ayesha,AYESHA168,AYESHA168 - Jewellery-Women,ethnic gold-toned curved ghungroo jhumki drop earrings,Nan,Rs.,499,249,50% off,Jewellery-Women
ayesha,AYESHA169,AYESHA169 - Jewellery-Women,lock mini pendant silver-toned stone studded dainty necklace,Nan,Rs.,599,299,50% off,Jewellery-Women
ayesha,AYESHA170,AYESHA170 - Jewellery-Women,womens metallic gold diamante long drop western earrings,Nan,Rs.,698,349,50% off,Jewellery-Women
ayesha,AYESHA171,AYESHA171 - Jewellery-Women,mens camouflage pixel baseball cap,Nan,Rs.,998,299,70% off,Jewellery-Women
ayesha,AYESHA172,AYESHA172 - Jewellery-Women,mens black leather designer bracelet - multi,Nan,Rs.,598,179,70% off,Jewellery-Women
ayesha,AYESHA173,AYESHA173 - Jewellery-Women,set of three classic matte black claw clips,Nan,Rs.,298,149,50% off,Jewellery-Women
ayesha,AYESHA174,AYESHA174 - Jewellery-Women,ethnic gold-toned oxidized petal drop earrings,Nan,Rs.,499,249,50% off,Jewellery-Women
ayesha,AYESHA175,AYESHA175 - Jewellery-Women,statement handcrafted ethnic silver-toned mirror ghungroo choker necklace,Nan,Rs.,1998,599,70% off,Jewellery-Women
ayesha,AYESHA176,AYESHA176 - Jewellery-Women,womens stone studded silver plated drop earrings - multi,Nan,Rs.,898,449,50% off,Jewellery-Women
ayesha,AYESHA177,AYESHA177 - Jewellery-Women,ethnic gold-toned oxidized peacock drop earrings,Nan,Rs.,299,149,50% off,Jewellery-Women
ayesha,AYESHA178,AYESHA178 - Jewellery-Women,womens set of four neon stud earrings - multi,Nan,Rs.,198,99,50% off,Jewellery-Women
ayesha,AYESHA179,AYESHA179 - Jewellery-Women,womens metallic silver set of 4 diamante studded western earrings - silver,Nan,Rs.,298,149,50% off,Jewellery-Women
ayesha,AYESHA180,AYESHA180 - Jewellery-Women,womens western metallic silver embellished bracelet - multi,Nan,Rs.,499,149,70% off,Jewellery-Women
ayesha,AYESHA181,AYESHA181 - Jewellery-Women,mens rugged black leather wrap around bracelet,Nan,Rs.,698,209,70% off,Jewellery-Women
ayesha,AYESHA182,AYESHA182 - Jewellery-Women,womens multicoloured stud earrings set of 12 - multi,Nan,Rs.,499,249,50% off,Jewellery-Women
ayesha,AYESHA183,AYESHA183 - Jewellery-Women,womes gold plated earring,Nan,Rs.,698,349,50% off,Jewellery-Women
ayesha,AYESHA184,AYESHA184 - Jewellery-Women,chunky coin & lock pendant chain-link statement gold-toned layered necklace,Nan,Rs.,798,399,50% off,Jewellery-Women
ayesha,AYESHA185,AYESHA185 - Jewellery-Women,womens geometric metallic studs set of 6 pairs - multi,Nan,Rs.,298,89,70% off,Jewellery-Women
ayesha,AYESHA186,AYESHA186 - Jewellery-Women,set of 3 quirky green flower rubber band for women - multi,Nan,Rs.,198,99,50% off,Jewellery-Women
ayesha,AYESHA187,AYESHA187 - Jewellery-Women,top-knot red thick fabric oversized hair band,Nan,Rs.,399,199,50% off,Jewellery-Women
ayesha,AYESHA188,AYESHA188 - Jewellery-Women,womens oval stone encrusted ring - multi,Nan,Rs.,398,119,70% off,Jewellery-Women
ayesha,AYESHA189,AYESHA189 - Jewellery-Women,womens set of four neon stud earrings,Nan,Rs.,198,99,50% off,Jewellery-Women
ayesha,AYESHA190,AYESHA190 - Jewellery-Women,girl power shakti gold-toned bracelet,Nan,Rs.,0.8,598,10% off,Jewellery-Women
ayesha,AYESHA191,AYESHA191 - Jewellery-Women,mens black leather bracelet studded with metallic silver pentacles,Nan,Rs.,698,209,70% off,Jewellery-Women
ayesha,AYESHA192,AYESHA192 - Jewellery-Women,womes silver plated earring,Nan,Rs.,398,199,50% off,Jewellery-Women
ayesha,AYESHA193,AYESHA193 - Jewellery-Women,girls lil star unicorn print pastel blue zipper bag,Nan,Rs.,898,449,50% off,Jewellery-Women
ayesha,AYESHA194,AYESHA194 - Jewellery-Women,"womens antique silver toned geometric earrings with mantra and green bead charms ethnic, tribal earrings - multi",Nan,Rs.,499,249,50% off,Jewellery-Women
ayesha,AYESHA195,AYESHA195 - Jewellery-Women,womens gold plated earrings - multi,Nan,Rs.,0.8,598,10% off,Jewellery-Women
ayesha,AYESHA196,AYESHA196 - Jewellery-Women,womens pink leather multi strand with metallic silver studded wrap-around bracelet - multi,Nan,Rs.,398,199,50% off,Jewellery-Women
ayesha,AYESHA197,AYESHA197 - Jewellery-Women,womens silver tree filigree with black hollow hoops ethnic earrings - multi,Nan,Rs.,248,124,50% off,Jewellery-Women
ayesha,AYESHA198,AYESHA198 - Jewellery-Women,ethnic gold pearl drop earrings,Nan,Rs.,1298,389,70% off,Jewellery-Women
ayesha,AYESHA199,AYESHA199 - Jewellery-Women,womens western peace symbol mesh earrings - multi,Nan,Rs.,398,199,50% off,Jewellery-Women
ayesha,AYESHA200,AYESHA200 - Jewellery-Women,womens western neon pink mesh earrings - multi,Nan,Rs.,398,199,50% off,Jewellery-Women
ayesha,AYESHA201,AYESHA201 - Jewellery-Women,ethnic black big stud earrings,Nan,Rs.,898,269,70% off,Jewellery-Women
ayesha,AYESHA202,AYESHA202 - Jewellery-Women,ethnic gold-toned oxidized circular drop earrings,Nan,Rs.,499,249,50% off,Jewellery-Women
ayesha,AYESHA203,AYESHA203 - Jewellery-Women,womens set of four neon stud earrings - multi,Nan,Rs.,198,99,50% off,Jewellery-Women
ayesha,AYESHA204,AYESHA204 - Jewellery-Women,metallic gold-toned sequin & beaded mask chain or sunglass chain,Nan,Rs.,698,349,50% off,Jewellery-Women
ayesha,AYESHA205,AYESHA205 - Jewellery-Women,womens silver plated studded earrings - multi,Nan,Rs.,698,349,50% off,Jewellery-Women
ayesha,AYESHA206,AYESHA206 - Jewellery-Women,"womens western multi-strand silver, black and metallic gold chain and bead necklace - multi",Nan,Rs.,998,499,50% off,Jewellery-Women
ayesha,AYESHA207,AYESHA207 - Jewellery-Women,womens dual colored enamel drop earrings - multi,Nan,Rs.,598,299,50% off,Jewellery-Women
ayesha,AYESHA208,AYESHA208 - Jewellery-Women,womens silver plated earrings - multi,Nan,Rs.,499,249,50% off,Jewellery-Women
ayesha,AYESHA209,AYESHA209 - Jewellery-Women,snake mini pendant gold-toned stone studded dainty necklace,Nan,Rs.,799,399,50% off,Jewellery-Women
ayesha,AYESHA210,AYESHA210 - Jewellery-Women,womens antique silver toned circular star cut with blue pearl charms tribal oversized ethnic earrings,Nan,Rs.,398,119,70% off,Jewellery-Women
ayesha,AYESHA211,AYESHA211 - Jewellery-Women,womens hearts and flowers metallic studs set of 6 pairs - multi,Nan,Rs.,298,89,70% off,Jewellery-Women
ayesha,AYESHA212,AYESHA212 - Jewellery-Women,love statement diamante and pearl drop earrings,Nan,Rs.,898,269,70% off,Jewellery-Women
ayesha,AYESHA213,AYESHA213 - Jewellery-Women,womens cool rainbow multi-colour with glitzy silver glitter set of 18 bangles - multi,Nan,Rs.,499,249,50% off,Jewellery-Women
ayesha,AYESHA214,AYESHA214 - Jewellery-Women,mens set of 3 rugged black leather adjustable bracelets with a metallic carved eagle,Nan,Rs.,598,179,70% off,Jewellery-Women
ayesha,AYESHA215,AYESHA215 - Jewellery-Women,"heart, line pendant & sequins studded statement rose gold-toned long layered necklace",Nan,Rs.,1198,359,70% off,Jewellery-Women
ayesha,AYESHA216,AYESHA216 - Jewellery-Women,womens metallic gold hollow circle stud western earrings - multi,Nan,Rs.,398,199,50% off,Jewellery-Women
ayesha,AYESHA217,AYESHA217 - Jewellery-Women,womens metallic silver open circular drop diamante studded western earrings,Nan,Rs.,598,299,50% off,Jewellery-Women
ayesha,AYESHA218,AYESHA218 - Jewellery-Women,womens metallic silver bubble hoops western earrings - multi,Nan,Rs.,499,249,50% off,Jewellery-Women
ayesha,AYESHA219,AYESHA219 - Jewellery-Women,neon yellow hair clip for girls and women,Nan,Rs.,198,99,50% off,Jewellery-Women
ayesha,AYESHA220,AYESHA220 - Jewellery-Women,womens antique ethnic tribal gold floral jhumka earrings with mantra - multi,Nan,Rs.,698,349,50% off,Jewellery-Women
ayesha,AYESHA221,AYESHA221 - Jewellery-Women,womens asymmetrical pearl lock statement necklace - multi,Nan,Rs.,798,399,50% off,Jewellery-Women
ayesha,AYESHA222,AYESHA222 - Jewellery-Women,mens set of 4 green brown beaded bracelet,Nan,Rs.,0.8,698,10% off,Jewellery-Women
ayesha,AYESHA223,AYESHA223 - Jewellery-Women,mens thick black leather bracelet studded metallic silver bullet tip domes and nut rivets,Nan,Rs.,698,209,70% off,Jewellery-Women
ayesha,AYESHA224,AYESHA224 - Jewellery-Women,"womens multi-strand, colourful ethnic, tribal, boho style eyeglass leather chain necklace with tassels - multi",Nan,Rs.,898,449,50% off,Jewellery-Women
ayesha,AYESHA225,AYESHA225 - Jewellery-Women,womens multi colour stud earrings - set of 10 - multi,Nan,Rs.,298,149,50% off,Jewellery-Women
ayesha,AYESHA226,AYESHA226 - Jewellery-Women,chunky bold textured gold-toned oversized circular drop earrings,Nan,Rs.,399,199,50% off,Jewellery-Women
ayesha,AYESHA227,AYESHA227 - Jewellery-Women,set of three rose gold toned textured open-hoop earrings,Nan,Rs.,798,399,50% off,Jewellery-Women
ayesha,AYESHA228,AYESHA228 - Jewellery-Women,contemporary snake chain and cable chain-link statement gold-toned layered necklace,Nan,Rs.,799,399,50% off,Jewellery-Women
ayesha,AYESHA229,AYESHA229 - Jewellery-Women,womens metallic gold crystal studded diamante tassel drop western statement earrings - yellow,Nan,Rs.,1298,649,50% off,Jewellery-Women
ayesha,AYESHA230,AYESHA230 - Jewellery-Women,dragon mini pendant silver-toned stone studded dainty necklace,Nan,Rs.,699,209,70% off,Jewellery-Women
ayesha,AYESHA231,AYESHA231 - Jewellery-Women,womens silver plated necklace - multi,Nan,Rs.,598,299,50% off,Jewellery-Women
ayesha,AYESHA232,AYESHA232 - Jewellery-Women,set of three classic matte multicolor claw clips,Nan,Rs.,499,249,50% off,Jewellery-Women
ayesha,AYESHA233,AYESHA233 - Jewellery-Women,womens metallic silver diamante tassel drop crystal western earrings - silver,Nan,Rs.,898,449,50% off,Jewellery-Women
ayesha,AYESHA234,AYESHA234 - Jewellery-Women,mens rugged black leather adjustable neck piece with a brass upward arrow pendant,Nan,Rs.,0.9,499,10% off,Jewellery-Women
ayesha,AYESHA235,AYESHA235 - Jewellery-Women,lock and mini flower pendant statement gold-toned chain link layered necklace,Nan,Rs.,1198,599,50% off,Jewellery-Women
ayesha,AYESHA236,AYESHA236 - Jewellery-Women,mens black leather bracelet embossed with a metallic plate,Nan,Rs.,0.9,499,10% off,Jewellery-Women
ayesha,AYESHA237,AYESHA237 - Jewellery-Women,womens metallic gold shaped pendant western necklace - multi,Nan,Rs.,499,249,50% off,Jewellery-Women
ayesha,AYESHA238,AYESHA238 - Jewellery-Women,chunky bold stone studded oversized gold-toned triple drop earrings,Nan,Rs.,599,299,50% off,Jewellery-Women
ayesha,AYESHA239,AYESHA239 - Jewellery-Women,set of 6 bold gold & diamante stud & hoop earrings,Nan,Rs.,798,399,50% off,Jewellery-Women
ayesha,AYESHA240,AYESHA240 - Jewellery-Women,womens metallic gold tribal pink filled circular with pearl drop ethnic earrings,Nan,Rs.,499,149,70% off,Jewellery-Women
ayesha,AYESHA241,AYESHA241 - Jewellery-Women,ethnic oxidized jhumki drop earrings,Nan,Rs.,998,299,70% off,Jewellery-Women
ayesha,AYESHA242,AYESHA242 - Jewellery-Women,set of four metallic gold-toned textured mini claw clips,Nan,Rs.,598,299,50% off,Jewellery-Women
ayesha,AYESHA243,AYESHA243 - Jewellery-Women,mens set of 3 rugged black and brown leather adjustable bracelets with beads,Nan,Rs.,0.8,598,10% off,Jewellery-Women
ayesha,AYESHA244,AYESHA244 - Jewellery-Women,womens metallic silver chain long drop diamante studded western earrings - silver,Nan,Rs.,698,349,50% off,Jewellery-Women
ayesha,AYESHA245,AYESHA245 - Jewellery-Women,oversized chunky statement gold-toned pearl studded claw clip,Nan,Rs.,699,349,50% off,Jewellery-Women
ayesha,AYESHA246,AYESHA246 - Jewellery-Women,womens metallic gold and blue abstract form danglers ethnic earrings - multi,Nan,Rs.,298,149,50% off,Jewellery-Women
ayesha,AYESHA247,AYESHA247 - Jewellery-Women,mens set of 5 rugged tan brown leather adjustable bracelets,Nan,Rs.,798,239,70% off,Jewellery-Women
ayesha,AYESHA248,AYESHA248 - Jewellery-Women,oversized handcrafted ethnic silver-toned mirror circular drop earrings,Nan,Rs.,1398,419,70% off,Jewellery-Women
ayesha,AYESHA249,AYESHA249 - Jewellery-Women,matte black sequence reusable mask with sitra certified filter,Nan,Rs.,999,499,50% off,Jewellery-Women
ayesha,AYESHA250,AYESHA250 - Jewellery-Women,mens set of 3 black and maroon faux leather & beaded bracelets,Nan,Rs.,698,209,70% off,Jewellery-Women
ayesha,AYESHA251,AYESHA251 - Jewellery-Women,womens metallic gold paper clip link triangle pendant western statement necklace - multi,Nan,Rs.,798,399,50% off,Jewellery-Women
ayesha,AYESHA252,AYESHA252 - Jewellery-Women,chunky oversized heavy metallic chain necklace,Nan,Rs.,1298,649,50% off,Jewellery-Women
ayesha,AYESHA253,AYESHA253 - Jewellery-Women,womens antique ethnic tribal oxidized ornate silver circular drop earrings - multi,Nan,Rs.,499,249,50% off,Jewellery-Women
ayesha,AYESHA254,AYESHA254 - Jewellery-Women,"womens & girls multilayered long western, boho necklace - yellow",Nan,Rs.,798,399,50% off,Jewellery-Women
ayesha,AYESHA255,AYESHA255 - Jewellery-Women,oversized handcrafted ethnic silver-toned ghungroo hoop earrings,Nan,Rs.,899,269,70% off,Jewellery-Women
ayesha,AYESHA256,AYESHA256 - Jewellery-Women,grey colour necklace for girls and women,Nan,Rs.,1498,749,50% off,Jewellery-Women
ayesha,AYESHA257,AYESHA257 - Jewellery-Women,womens gold plated earrings - multi,Nan,Rs.,598,179,70% off,Jewellery-Women
ayesha,AYESHA258,AYESHA258 - Jewellery-Women,antique silver octagon shaped necklace earring and bracelet set - multi,Nan,Rs.,998,499,50% off,Jewellery-Women
ayesha,AYESHA259,AYESHA259 - Jewellery-Women,womens gold plated stud and drop earrings set of 5 pairs - yellow,Nan,Rs.,598,299,50% off,Jewellery-Women
ayesha,AYESHA260,AYESHA260 - Jewellery-Women,womens circular pendant with pearl charm statement necklace - multi,Nan,Rs.,598,299,50% off,Jewellery-Women
ayesha,AYESHA261,AYESHA261 - Jewellery-Women,womens black metallic silver studded adjustable wrap-around leather bracelet - multi,Nan,Rs.,698,349,50% off,Jewellery-Women
ayesha,AYESHA262,AYESHA262 - Jewellery-Women,womens gold plated earrings - multi,Nan,Rs.,698,349,50% off,Jewellery-Women
ayesha,AYESHA263,AYESHA263 - Jewellery-Women,mens rugged black leather adjustable bracelet with metal charms and beads,Nan,Rs.,0.9,499,10% off,Jewellery-Women
ayesha,AYESHA264,AYESHA264 - Jewellery-Women,oversized metallic ball silver-toned with glitter circular double layered hoop earrings,Nan,Rs.,699,209,70% off,Jewellery-Women
ayesha,AYESHA265,AYESHA265 - Jewellery-Women,"set of 6 gold-toned pearl stud, drop & hoop earrings",Nan,Rs.,798,399,50% off,Jewellery-Women
ayesha,AYESHA266,AYESHA266 - Jewellery-Women,circular rhinestone with oval glittery drop earrings,Nan,Rs.,798,239,70% off,Jewellery-Women
ayesha,AYESHA267,AYESHA267 - Jewellery-Women,womens geometric drop earrings - multi,Nan,Rs.,398,199,50% off,Jewellery-Women
ayesha,AYESHA268,AYESHA268 - Jewellery-Women,contemporary oversized white lace hook earrings,Nan,Rs.,499,249,50% off,Jewellery-Women
ayesha,AYESHA269,AYESHA269 - Jewellery-Women,womens black and metallic gold dual hoop oversized western earrings - multi,Nan,Rs.,398,199,50% off,Jewellery-Women
ayesha,AYESHA270,AYESHA270 - Jewellery-Women,chunky chain-link gold-toned heart pendant & lock necklace,Nan,Rs.,1298,389,70% off,Jewellery-Women
ayesha,AYESHA271,AYESHA271 - Jewellery-Women,womens silver plated metallic cat drop earrings - multi,Nan,Rs.,398,199,50% off,Jewellery-Women
ayesha,AYESHA272,AYESHA272 - Jewellery-Women,chunky statement chain-link triple layered bracelet,Nan,Rs.,798,399,50% off,Jewellery-Women
ayesha,AYESHA273,AYESHA273 - Jewellery-Women,contemporary rhinestone studded metallic circular drop earrings,Nan,Rs.,998,299,70% off,Jewellery-Women
ayesha,AYESHA274,AYESHA274 - Jewellery-Women,set of three gold-toned stud & drop earrings,Nan,Rs.,798,399,50% off,Jewellery-Women
ayesha,AYESHA275,AYESHA275 - Jewellery-Women,womens bold semi-circular oversized drop earrings - multi,Nan,Rs.,698,349,50% off,Jewellery-Women
ayesha,AYESHA276,AYESHA276 - Jewellery-Women,mens set of 4 dark maroon rugged leather adjustable bracelets,Nan,Rs.,798,239,70% off,Jewellery-Women
ayesha,AYESHA277,AYESHA277 - Jewellery-Women,womens square stone encrusted ring - multi,Nan,Rs.,398,119,70% off,Jewellery-Women
ayesha,AYESHA278,AYESHA278 - Jewellery-Women,womens set of 2 cowrie shell charm bracelets - multi,Nan,Rs.,598,299,50% off,Jewellery-Women
ayesha,AYESHA279,AYESHA279 - Jewellery-Women,womens hollow circular jewel stone studded earrings - multi,Nan,Rs.,698,349,50% off,Jewellery-Women
ayesha,AYESHA280,AYESHA280 - Jewellery-Women,womens antique gold oversized team circular star cut with white pearl charms tribal ethnic earrings - yellow,Nan,Rs.,398,119,70% off,Jewellery-Women
ayesha,AYESHA281,AYESHA281 - Jewellery-Women,heartbeat pendants statement gold-toned long layered necklace,Nan,Rs.,1298,389,70% off,Jewellery-Women
ayesha,AYESHA282,AYESHA282 - Jewellery-Women,mens set of 4 black mix of leather beads and thread rugged bracelets,Nan,Rs.,0.8,698,10% off,Jewellery-Women
ayesha,AYESHA283,AYESHA283 - Jewellery-Women,oversized metallic gold-toned with silver glitter circular double layered hoop earrings,Nan,Rs.,699,209,70% off,Jewellery-Women
ayesha,AYESHA284,AYESHA284 - Jewellery-Women,womens stone studded drop earrings - multi,Nan,Rs.,499,249,50% off,Jewellery-Women
ayesha,AYESHA285,AYESHA285 - Jewellery-Women,womens silver plated earrings - multi,Nan,Rs.,298,89,70% off,Jewellery-Women
ayesha,AYESHA286,AYESHA286 - Jewellery-Women,womens metallic gold silver set of 4 diamante studded western earrings - yellow,Nan,Rs.,298,149,50% off,Jewellery-Women
ayesha,AYESHA287,AYESHA287 - Jewellery-Women,"womens metallic gold pearl studded hair pin, earrings and pendant western necklace set",Nan,Rs.,898,449,50% off,Jewellery-Women
ayesha,AYESHA288,AYESHA288 - Jewellery-Women,womens set of 6 metallic black and white different size hoops western earrings - multi,Nan,Rs.,499,249,50% off,Jewellery-Women
ayesha,AYESHA289,AYESHA289 - Jewellery-Women,womens stone studded silver plated drop earrings - multi,Nan,Rs.,598,299,50% off,Jewellery-Women
ayesha,AYESHA290,AYESHA290 - Jewellery-Women,womens metallic silver glitter set of 24 bridal bangles - multi,Nan,Rs.,598,299,50% off,Jewellery-Women
ayesha,AYESHA291,AYESHA291 - Jewellery-Women,womens star drop earrings - multi,Nan,Rs.,398,199,50% off,Jewellery-Women
ayesha,AYESHA292,AYESHA292 - Jewellery-Women,ethnic gold peacock drop earrings,Nan,Rs.,998,299,70% off,Jewellery-Women
ayesha,AYESHA293,AYESHA293 - Jewellery-Women,ethnic oxidized big circular stud earrings,Nan,Rs.,798,399,50% off,Jewellery-Women
ayesha,AYESHA294,AYESHA294 - Jewellery-Women,"womens metallic gold pearl studded ring hair pin, earrings and pendant western necklace set",Nan,Rs.,898,449,50% off,Jewellery-Women
ayesha,AYESHA295,AYESHA295 - Jewellery-Women,set of two ethnic gold and silver small jhumki drop earrings,Nan,Rs.,0.9,499,10% off,Jewellery-Women
ayesha,AYESHA296,AYESHA296 - Jewellery-Women,ethnic oxidized jhumki drop earrings,Nan,Rs.,798,239,70% off,Jewellery-Women
ayesha,AYESHA297,AYESHA297 - Jewellery-Women,womens metallic gold square studded diamante tassel drop western earrings - yellow,Nan,Rs.,998,499,50% off,Jewellery-Women
ayesha,AYESHA298,AYESHA298 - Jewellery-Women,womens asymmetrical pearl lock statement necklace - multi,Nan,Rs.,798,399,50% off,Jewellery-Women
ayesha,AYESHA299,AYESHA299 - Jewellery-Women,contemporary metallic tassel long drop hook earrings,Nan,Rs.,698,349,50% off,Jewellery-Women
ayesha,AYESHA300,AYESHA300 - Jewellery-Women,contemporary stone studded gold-toned hexagon drop earrings,Nan,Rs.,699,349,50% off,Jewellery-Women
ayesha,AYESHA301,AYESHA301 - Jewellery-Women,womens circular linked pendant oversized necklace - multi,Nan,Rs.,1198,599,50% off,Jewellery-Women
ayesha,AYESHA302,AYESHA302 - Jewellery-Women,womens gold plated earrings - multi,Nan,Rs.,698,349,50% off,Jewellery-Women
ayesha,AYESHA303,AYESHA303 - Jewellery-Women,womens metallic gold bar studded diamante tassel drop western earrings - yellow,Nan,Rs.,798,399,50% off,Jewellery-Women
ayesha,AYESHA304,AYESHA304 - Jewellery-Women,blue enamel tree shaped earrings - multi,Nan,Rs.,248,124,50% off,Jewellery-Women
ayesha,AYESHA305,AYESHA305 - Jewellery-Women,womens metallic gold and black diamante studded long tassel drop western earrings,Nan,Rs.,898,449,50% off,Jewellery-Women
ayesha,AYESHA306,AYESHA306 - Jewellery-Women,womens dancing drop earrings - multi,Nan,Rs.,0.8,598,10% off,Jewellery-Women
ayesha,AYESHA307,AYESHA307 - Jewellery-Women,lil star by multicolor unicorn and stars embroidered black cloth mask,Nan,Rs.,798,399,50% off,Jewellery-Women
ayesha,AYESHA308,AYESHA308 - Jewellery-Women,evil eye mini pendant beaded gold-toned dainty layered necklace,Nan,Rs.,1298,389,70% off,Jewellery-Women
ayesha,AYESHA309,AYESHA309 - Jewellery-Women,womens pearl stud with cowrie shell charm drop earrings - multi,Nan,Rs.,598,299,50% off,Jewellery-Women
ayesha,AYESHA310,AYESHA310 - Jewellery-Women,womens stones and tassel drop earrings - multi,Nan,Rs.,698,209,70% off,Jewellery-Women
ayesha,AYESHA311,AYESHA311 - Jewellery-Women,set of 2 maroon velvet and black braided hairbands,Nan,Rs.,599,299,50% off,Jewellery-Women
ayesha,AYESHA312,AYESHA312 - Jewellery-Women,womens triangle color block neon acrylic earrings - multi,Nan,Rs.,598,299,50% off,Jewellery-Women
ayesha,AYESHA313,AYESHA313 - Jewellery-Women,pink dual polka dot side bow adjustable hairband and hair clips bobby pins 3 pcs,Nan,Rs.,0.8,598,10% off,Jewellery-Women
ayesha,AYESHA314,AYESHA314 - Jewellery-Women,womens set of four neon stud earrings - multi,Nan,Rs.,198,99,50% off,Jewellery-Women
ayesha,AYESHA315,AYESHA315 - Jewellery-Women,oval charms pendant chunky chain-link layered necklace,Nan,Rs.,1198,599,50% off,Jewellery-Women
ayesha,AYESHA316,AYESHA316 - Jewellery-Women,womens filigree with blue stone earrings - multi,Nan,Rs.,499,249,50% off,Jewellery-Women
ayesha,AYESHA317,AYESHA317 - Jewellery-Women,"set of three contemporary gold, silver & black oversized hoop earrings",Nan,Rs.,998,499,50% off,Jewellery-Women
ayesha,AYESHA318,AYESHA318 - Jewellery-Women,womens metallic silver long chain with ring charm drop western earrings - multi,Nan,Rs.,198,99,50% off,Jewellery-Women
ayesha,AYESHA319,AYESHA319 - Jewellery-Women,ethnic oxidized long dangler earrings,Nan,Rs.,898,269,70% off,Jewellery-Women
ayesha,AYESHA320,AYESHA320 - Jewellery-Women,circular charm pendant chain-link chunky necklace,Nan,Rs.,1198,599,50% off,Jewellery-Women
ayesha,AYESHA321,AYESHA321 - Jewellery-Women,womens entangled hoop earrings - multi,Nan,Rs.,598,299,50% off,Jewellery-Women
ayesha,AYESHA322,AYESHA322 - Jewellery-Women,womens drop earrings with pastel stone - multi,Nan,Rs.,698,349,50% off,Jewellery-Women
ayesha,AYESHA323,AYESHA323 - Jewellery-Women,womens silver plated hoops earrings - multi,Nan,Rs.,598,299,50% off,Jewellery-Women
ayesha,AYESHA324,AYESHA324 - Jewellery-Women,womens white and metallic gold dual hoop oversized western earrings - multi,Nan,Rs.,398,199,50% off,Jewellery-Women
ayesha,AYESHA325,AYESHA325 - Jewellery-Women,womens metallic silver circular studded diamante tassel drop western earrings - silver,Nan,Rs.,898,449,50% off,Jewellery-Women
ayesha,AYESHA326,AYESHA326 - Jewellery-Women,womens metallic silver thin chain with cross decor adjustable western bracelet - multi,Nan,Rs.,598,299,50% off,Jewellery-Women
ayesha,AYESHA327,AYESHA327 - Jewellery-Women,womens metallic double hollow hoops statement earrings - multi,Nan,Rs.,598,299,50% off,Jewellery-Women
ayesha,AYESHA328,AYESHA328 - Jewellery-Women,dainty gold-toned infinity heart pendant necklace,Nan,Rs.,898,449,50% off,Jewellery-Women
ayesha,AYESHA329,AYESHA329 - Jewellery-Women,womens rhinestone studded statement necklace - multi,Nan,Rs.,1298,649,50% off,Jewellery-Women
ayesha,AYESHA330,AYESHA330 - Jewellery-Women,flower rhinestone studded double drop earrings,Nan,Rs.,898,269,70% off,Jewellery-Women
ayesha,AYESHA331,AYESHA331 - Jewellery-Women,ethnic silver-toned oxidized rhinestone studded jhumki pearl drop earrings,Nan,Rs.,1198,359,70% off,Jewellery-Women
ayesha,AYESHA332,AYESHA332 - Jewellery-Women,chunky coin and heart pendant chain-link statement gold-toned layered necklace,Nan,Rs.,799,399,50% off,Jewellery-Women
ayesha,AYESHA333,AYESHA333 - Jewellery-Women,womens enamel flower stud earrings - multi,Nan,Rs.,598,299,50% off,Jewellery-Women
ayesha,AYESHA334,AYESHA334 - Jewellery-Women,womens stone studded drop earrings - multi,Nan,Rs.,698,349,50% off,Jewellery-Women
ayesha,AYESHA335,AYESHA335 - Jewellery-Women,womens stone studded hoop earrings - multi,Nan,Rs.,698,349,50% off,Jewellery-Women
ayesha,AYESHA336,AYESHA336 - Jewellery-Women,set of 2 multi-colour hair band,Nan,Rs.,598,299,50% off,Jewellery-Women
ayesha,AYESHA337,AYESHA337 - Jewellery-Women,ethnic gold-toned half-circular mirror long drop earrings,Nan,Rs.,499,249,50% off,Jewellery-Women
ayesha,AYESHA338,AYESHA338 - Jewellery-Women,silver toned hoop earring for women,Nan,Rs.,398,199,50% off,Jewellery-Women
ayesha,AYESHA339,AYESHA339 - Jewellery-Women,womens metallic gold shakti quote power hoop earrings - multi,Nan,Rs.,699,349,50% off,Jewellery-Women
ayesha,AYESHA340,AYESHA340 - Jewellery-Women,womens antique oxidized silver blue rhinestone studded ethnic tribal chandelier earrings - multi,Nan,Rs.,698,349,50% off,Jewellery-Women
ayesha,AYESHA341,AYESHA341 - Jewellery-Women,womens & girls set of metallic western hoop earrings (2 pcs) - yellow,Nan,Rs.,798,399,50% off,Jewellery-Women
ayesha,AYESHA342,AYESHA342 - Jewellery-Women,"womens antique silver toned, tribal earring stud - multi",Nan,Rs.,398,199,50% off,Jewellery-Women
ayesha,AYESHA343,AYESHA343 - Jewellery-Women,womens circular pendant statement necklace - multi,Nan,Rs.,1198,599,50% off,Jewellery-Women
ayesha,AYESHA344,AYESHA344 - Jewellery-Women,set of two ethnic gold and silver small jhumki drop earrings,Nan,Rs.,499,249,50% off,Jewellery-Women
ayesha,AYESHA345,AYESHA345 - Jewellery-Women,ethnic oxidized jhumki drop earrings,Nan,Rs.,998,299,70% off,Jewellery-Women
ayesha,AYESHA346,AYESHA346 - Jewellery-Women,womens blue beaded multi string boho western bracelet - multi,Nan,Rs.,298,149,50% off,Jewellery-Women
ayesha,AYESHA347,AYESHA347 - Jewellery-Women,mens grey leather contemporary bracelet,Nan,Rs.,598,179,70% off,Jewellery-Women
ayesha,AYESHA348,AYESHA348 - Jewellery-Women,ethnic gold-toned short drop jhumki earrings,Nan,Rs.,499,249,50% off,Jewellery-Women
ayesha,AYESHA349,AYESHA349 - Jewellery-Women,womens antique silver toned tribal pattern pendant with disc tassel ethnic statement necklace - silver,Nan,Rs.,898,449,50% off,Jewellery-Women
ayesha,AYESHA350,AYESHA350 - Jewellery-Women,oversized pearl studded gold-toned heart hoop earrings,Nan,Rs.,499,249,50% off,Jewellery-Women
ayesha,AYESHA351,AYESHA351 - Jewellery-Women,neon orange hair clip for girls and women,Nan,Rs.,198,99,50% off,Jewellery-Women
ayesha,AYESHA352,AYESHA352 - Jewellery-Women,contemporary metallic coin & diamante tassel long drop earrings,Nan,Rs.,898,449,50% off,Jewellery-Women
ayesha,AYESHA353,AYESHA353 - Jewellery-Women,mens brown leather black strings bracelet with embossed skull on silver metal,Nan,Rs.,0.9,499,10% off,Jewellery-Women
ayesha,AYESHA354,AYESHA354 - Jewellery-Women,mens leather & metal peace key ring,Nan,Rs.,0.9,499,10% off,Jewellery-Women
ayesha,AYESHA355,AYESHA355 - Jewellery-Women,"womens single-strand, colourful eyeglass chain necklace with blue and golden beads - multi",Nan,Rs.,898,449,50% off,Jewellery-Women
ayesha,AYESHA356,AYESHA356 - Jewellery-Women,womens metallic gold oval drop western dangler earrings - yellow,Nan,Rs.,698,349,50% off,Jewellery-Women
ayesha,AYESHA357,AYESHA357 - Jewellery-Women,metallic gold-toned sequin mask chain or sunglass chain,Nan,Rs.,698,349,50% off,Jewellery-Women
ayesha,AYESHA358,AYESHA358 - Jewellery-Women,womens metallic gold tribal black filled circular with pearl drop ethnic earrings,Nan,Rs.,499,149,70% off,Jewellery-Women
ayesha,AYESHA359,AYESHA359 - Jewellery-Women,womens chain link statement necklace - multi,Nan,Rs.,598,299,50% off,Jewellery-Women
ayesha,AYESHA360,AYESHA360 - Jewellery-Women,set of three contemporary gold-toned party earrings,Nan,Rs.,599,299,50% off,Jewellery-Women
ayesha,AYESHA361,AYESHA361 - Jewellery-Women,womens & girls set of black and white metallic western hoop earrings (2 pcs),Nan,Rs.,798,399,50% off,Jewellery-Women
ayesha,AYESHA362,AYESHA362 - Jewellery-Women,womens metallic silver western charm necklace with diamante studded stick pendant,Nan,Rs.,598,299,50% off,Jewellery-Women
ayesha,AYESHA363,AYESHA363 - Jewellery-Women,set of four metallic gold & black textured mini claw clips,Nan,Rs.,598,299,50% off,Jewellery-Women
ayesha,AYESHA364,AYESHA364 - Jewellery-Women,"womens antique silver toned peacock shaped stud dangle ethnic, tribal jhumka earrings - multi",Nan,Rs.,698,349,50% off,Jewellery-Women
ayesha,AYESHA365,AYESHA365 - Jewellery-Women,womens metallic silver western long chain earrings with a shiny diamante studded black stone ball - multi,Nan,Rs.,698,349,50% off,Jewellery-Women
ayesha,AYESHA366,AYESHA366 - Jewellery-Women,womens metallic silver glass bead pendant western charm necklace - multi,Nan,Rs.,698,349,50% off,Jewellery-Women
ayesha,AYESHA367,AYESHA367 - Jewellery-Women,womens black bar pendant with tassel charm ethnic tribal statement necklace - multi,Nan,Rs.,898,449,50% off,Jewellery-Women
ayesha,AYESHA368,AYESHA368 - Jewellery-Women,chunky bold twisted rose gold-toned oversized stud earrings,Nan,Rs.,499,249,50% off,Jewellery-Women
ayesha,AYESHA369,AYESHA369 - Jewellery-Women,mens black and blue faux leather bracelet,Nan,Rs.,698,209,70% off,Jewellery-Women
ayesha,AYESHA370,AYESHA370 - Jewellery-Women,chunky statement flat hoop earrings,Nan,Rs.,798,239,70% off,Jewellery-Women
ayesha,AYESHA371,AYESHA371 - Jewellery-Women,contemporary butterfly silver-toned metallic cuff bracelet,Nan,Rs.,898,269,70% off,Jewellery-Women
ayesha,AYESHA372,AYESHA372 - Jewellery-Women,dainty silver-toned circular pendant multilayered flat necklace,Nan,Rs.,898,449,50% off,Jewellery-Women
ayesha,AYESHA373,AYESHA373 - Jewellery-Women,brown cheetah printed silk scarf for women,Nan,Rs.,0.8,598,10% off,Jewellery-Women
ayesha,AYESHA374,AYESHA374 - Jewellery-Women,womens handcuffs chain necklace - multi,Nan,Rs.,598,299,50% off,Jewellery-Women
ayesha,AYESHA375,AYESHA375 - Jewellery-Women,set of 2 braided leather thin black and pink hairbands,Nan,Rs.,599,299,50% off,Jewellery-Women
ayesha,AYESHA376,AYESHA376 - Jewellery-Women,mens metallic black classic shaped black lenses aviator sunglasses,Nan,Rs.,7.8,1298,10% off,Jewellery-Women
ayesha,AYESHA377,AYESHA377 - Jewellery-Women,chunky statement pearl open hoop earrings,Nan,Rs.,898,269,70% off,Jewellery-Women
ayesha,AYESHA378,AYESHA378 - Jewellery-Women,womens stone studded drop earrings - multi,Nan,Rs.,698,349,50% off,Jewellery-Women
ayesha,AYESHA379,AYESHA379 - Jewellery-Women,womens modern shapes with stone statement necklace - multi,Nan,Rs.,698,349,50% off,Jewellery-Women
ayesha,AYESHA380,AYESHA380 - Jewellery-Women,womens metallic silver double drop with black stone western earrings - multi,Nan,Rs.,298,149,50% off,Jewellery-Women
ayesha,AYESHA381,AYESHA381 - Jewellery-Women,womens metallic gold statement multilayered chain with bar and ring lock detail western necklace - multi,Nan,Rs.,798,399,50% off,Jewellery-Women
back to earth,BACK TO EARTH1,BACK TO EARTH1 - Indianwear-Women,womens round neck printed kurta - indigo,Size:Small,Rs.,8.9,2799,10% off,Indianwear-Women
belleziya,BELLEZIYA1,BELLEZIYA1 - Jewellery-Women,gold finish & multicolored bracelet set of 3,Nan,Rs.,0.9,599,10% off,Jewellery-Women
belleziya,BELLEZIYA2,BELLEZIYA2 - Jewellery-Women,set of 9 gold finish stud and hoop earrings,Nan,Rs.,0.9,899,10% off,Jewellery-Women
belleziya,BELLEZIYA3,BELLEZIYA3 - Jewellery-Women,gold finish bracelet set (set of 4,Nan,Rs.,0.9,749,10% off,Jewellery-Women
belleziya,BELLEZIYA4,BELLEZIYA4 - Jewellery-Women,gold finish layered coin charms necklace,Nan,Rs.,0.9,449,10% off,Jewellery-Women
belleziya,BELLEZIYA5,BELLEZIYA5 - Jewellery-Women,alloy stud earring,Nan,Rs.,0.9,399,10% off,Jewellery-Women
belleziya,BELLEZIYA6,BELLEZIYA6 - Jewellery-Women,set of 6 multi-coloured hoop earrings,Nan,Rs.,0.9,599,10% off,Jewellery-Women
belleziya,BELLEZIYA7,BELLEZIYA7 - Jewellery-Women,lavender diamond shaped stud earrings,Nan,Rs.,0.9,799,10% off,Jewellery-Women
belleziya,BELLEZIYA8,BELLEZIYA8 - Jewellery-Women,gold finish assorted hair pins (set of 4,Nan,Rs.,0.9,399,10% off,Jewellery-Women
belleziya,BELLEZIYA9,BELLEZIYA9 - Jewellery-Women,gold finish & stone studded bracelet set - set of 4,Nan,Rs.,0.9,699,10% off,Jewellery-Women
belleziya,BELLEZIYA10,BELLEZIYA10 - Jewellery-Women,gold finish drop hoop earrings,Nan,Rs.,0.9,499,10% off,Jewellery-Women
belleziya,BELLEZIYA11,BELLEZIYA11 - Jewellery-Women,floral patterned scarf scrunchie,Nan,Rs.,0.9,549,10% off,Jewellery-Women
belleziya,BELLEZIYA12,BELLEZIYA12 - Jewellery-Women,gold finish pearl bracelet,Nan,Rs.,0.9,549,10% off,Jewellery-Women
belleziya,BELLEZIYA13,BELLEZIYA13 - Jewellery-Women,gold finish layered necklace,Nan,Rs.,0.9,799,10% off,Jewellery-Women
belleziya,BELLEZIYA14,BELLEZIYA14 - Jewellery-Women,white bandana scarf headband,Nan,Rs.,0.9,399,10% off,Jewellery-Women
belleziya,BELLEZIYA15,BELLEZIYA15 - Jewellery-Women,set of 9 stone embedded stud earrings,Nan,Rs.,0.9,799,10% off,Jewellery-Women
belleziya,BELLEZIYA16,BELLEZIYA16 - Jewellery-Women,pink striped headband hair band,Nan,Rs.,0.9,549,10% off,Jewellery-Women
belleziya,BELLEZIYA17,BELLEZIYA17 - Jewellery-Women,dainty gold finish bracelet (set of 4,Nan,Rs.,0.9,799,10% off,Jewellery-Women
belleziya,BELLEZIYA18,BELLEZIYA18 - Jewellery-Women,gold finish layered necklace,Nan,Rs.,0.9,599,10% off,Jewellery-Women
belleziya,BELLEZIYA19,BELLEZIYA19 - Jewellery-Women,animal printed scarf scrunchie,Nan,Rs.,0.9,549,10% off,Jewellery-Women
belleziya,BELLEZIYA20,BELLEZIYA20 - Jewellery-Women,gold finish bracelet with charms,Nan,Rs.,0.9,799,10% off,Jewellery-Women
belleziya,BELLEZIYA21,BELLEZIYA21 - Jewellery-Women,stone embedded hoop drop stud earrings,Nan,Rs.,0.9,799,10% off,Jewellery-Women
belleziya,BELLEZIYA22,BELLEZIYA22 - Jewellery-Women,black bandana scarf headband,Nan,Rs.,0.9,749,10% off,Jewellery-Women
belleziya,BELLEZIYA23,BELLEZIYA23 - Jewellery-Women,grey satin scarf scrunchie hair bands,Nan,Rs.,0.9,599,10% off,Jewellery-Women
belleziya,BELLEZIYA24,BELLEZIYA24 - Jewellery-Women,plaid scrunchies black/pink/yellow hair band pack of 3,Nan,Rs.,0.9,599,10% off,Jewellery-Women
belleziya,BELLEZIYA25,BELLEZIYA25 - Jewellery-Women,gold finish floral hoop earrings,Nan,Rs.,0.9,699,10% off,Jewellery-Women
belleziya,BELLEZIYA26,BELLEZIYA26 - Jewellery-Women,white stone floral drop earrings,Nan,Rs.,0.9,599,10% off,Jewellery-Women
belleziya,BELLEZIYA27,BELLEZIYA27 - Jewellery-Women,gold finish layered necklace with stone dangling pendant,Nan,Rs.,0.9,599,10% off,Jewellery-Women
belleziya,BELLEZIYA28,BELLEZIYA28 - Jewellery-Women,pink satin scarf scrunchie hair bands,Nan,Rs.,0.9,499,10% off,Jewellery-Women
belleziya,BELLEZIYA29,BELLEZIYA29 - Jewellery-Women,gold finish layered necklace,Nan,Rs.,0.9,599,10% off,Jewellery-Women
belleziya,BELLEZIYA30,BELLEZIYA30 - Jewellery-Women,set of 9 gold finish stud earrings,Nan,Rs.,0.9,899,10% off,Jewellery-Women
belleziya,BELLEZIYA31,BELLEZIYA31 - Jewellery-Women,gold finish hair pins (set of 4,Nan,Rs.,0.9,399,10% off,Jewellery-Women
belleziya,BELLEZIYA32,BELLEZIYA32 - Jewellery-Women,satin scrunchies blue/grey/pink hair band pack of 3,Nan,Rs.,0.9,599,10% off,Jewellery-Women
belleziya,BELLEZIYA33,BELLEZIYA33 - Jewellery-Women,blue sequins & gold finish headband,Nan,Rs.,0.9,599,10% off,Jewellery-Women
belleziya,BELLEZIYA34,BELLEZIYA34 - Jewellery-Women,gold and black swirled hoop earrings,Nan,Rs.,0.9,799,10% off,Jewellery-Women
belleziya,BELLEZIYA35,BELLEZIYA35 - Jewellery-Women,gold finish stone necklace,Nan,Rs.,0.9,799,10% off,Jewellery-Women
belleziya,BELLEZIYA36,BELLEZIYA36 - Jewellery-Women,gold finish pearl drop earrings,Nan,Rs.,0.9,499,10% off,Jewellery-Women
belleziya,BELLEZIYA37,BELLEZIYA37 - Jewellery-Women,gold and black stud earrings,Nan,Rs.,0.9,799,10% off,Jewellery-Women
belleziya,BELLEZIYA38,BELLEZIYA38 - Jewellery-Women,gold finish spiraled hoop earrings,Nan,Rs.,0.9,499,10% off,Jewellery-Women
belleziya,BELLEZIYA39,BELLEZIYA39 - Jewellery-Women,blue solid dyed headband,Nan,Rs.,0.9,499,10% off,Jewellery-Women
belleziya,BELLEZIYA40,BELLEZIYA40 - Jewellery-Women,pearl embedded stud earrings,Nan,Rs.,0.9,799,10% off,Jewellery-Women
belleziya,BELLEZIYA41,BELLEZIYA41 - Jewellery-Women,abstract patterned headband,Nan,Rs.,0.9,649,10% off,Jewellery-Women
belleziya,BELLEZIYA42,BELLEZIYA42 - Jewellery-Women,set of 3 gold finish stud and hoop earrings,Nan,Rs.,0.9,799,10% off,Jewellery-Women
belleziya,BELLEZIYA43,BELLEZIYA43 - Jewellery-Women,coral red twist headband,Nan,Rs.,0.9,799,10% off,Jewellery-Women
belleziya,BELLEZIYA44,BELLEZIYA44 - Jewellery-Women,set of 9 stud and hoop earrings,Nan,Rs.,0.9,899,10% off,Jewellery-Women
belleziya,BELLEZIYA45,BELLEZIYA45 - Jewellery-Women,set of 3 gold finish stud and hoop earrings,Nan,Rs.,0.9,799,10% off,Jewellery-Women
belleziya,BELLEZIYA46,BELLEZIYA46 - Jewellery-Women,drop string earrings with charms,Nan,Rs.,0.9,799,10% off,Jewellery-Women
belleziya,BELLEZIYA47,BELLEZIYA47 - Jewellery-Women,gold finish set of necklace with stud earring,Nan,Rs.,0.9,399,10% off,Jewellery-Women
belleziya,BELLEZIYA48,BELLEZIYA48 - Jewellery-Women,gold finish and pearl embellished floral necklace,Nan,Rs.,0.9,799,10% off,Jewellery-Women
belleziya,BELLEZIYA49,BELLEZIYA49 - Jewellery-Women,gold finish layered stone studded necklace,Nan,Rs.,0.9,799,10% off,Jewellery-Women
belleziya,BELLEZIYA50,BELLEZIYA50 - Jewellery-Women,gold finish stone embedded hoop earrings,Nan,Rs.,0.9,799,10% off,Jewellery-Women
belleziya,BELLEZIYA51,BELLEZIYA51 - Jewellery-Women,set of 9 versatile stone stud earrings,Nan,Rs.,0.9,799,10% off,Jewellery-Women
belleziya,BELLEZIYA52,BELLEZIYA52 - Jewellery-Women,gold finish entangled hoop earrings,Nan,Rs.,0.9,449,10% off,Jewellery-Women
belleziya,BELLEZIYA53,BELLEZIYA53 - Jewellery-Women,black and gold finish drop earrings,Nan,Rs.,0.9,899,10% off,Jewellery-Women
belleziya,BELLEZIYA54,BELLEZIYA54 - Jewellery-Women,abstract patterned scarf scrunchie,Nan,Rs.,0.9,549,10% off,Jewellery-Women
belleziya,BELLEZIYA55,BELLEZIYA55 - Jewellery-Women,gold finish star & moon design (set of 5 hair clips,Nan,Rs.,0.9,799,10% off,Jewellery-Women
belleziya,BELLEZIYA56,BELLEZIYA56 - Jewellery-Women,abstract print scarf,Nan,Rs.,0.9,599,10% off,Jewellery-Women
belleziya,BELLEZIYA57,BELLEZIYA57 - Jewellery-Women,black and white striped headband,Nan,Rs.,0.9,499,10% off,Jewellery-Women
belleziya,BELLEZIYA58,BELLEZIYA58 - Jewellery-Women,gold finish hair pins (set of 4,Nan,Rs.,0.9,549,10% off,Jewellery-Women
belleziya,BELLEZIYA59,BELLEZIYA59 - Jewellery-Women,blue floral scarf,Nan,Rs.,0.9,599,10% off,Jewellery-Women
belleziya,BELLEZIYA60,BELLEZIYA60 - Jewellery-Women,floral patterned scarf scrunchie,Nan,Rs.,0.9,549,10% off,Jewellery-Women
belleziya,BELLEZIYA61,BELLEZIYA61 - Jewellery-Women,white floral dangler hoop earrings,Nan,Rs.,0.9,799,10% off,Jewellery-Women
belleziya,BELLEZIYA62,BELLEZIYA62 - Jewellery-Women,colourful scarf with tassles,Nan,Rs.,0.9,799,10% off,Jewellery-Women
belleziya,BELLEZIYA63,BELLEZIYA63 - Jewellery-Women,combo set of moon earrings and necklace set of 9 gold studs and 4 gold hairpins,Nan,Rs.,8.9,2099,10% off,Jewellery-Women
belleziya,BELLEZIYA64,BELLEZIYA64 - Jewellery-Women,abstract multicolored scarf,Nan,Rs.,0.9,599,10% off,Jewellery-Women
belleziya,BELLEZIYA65,BELLEZIYA65 - Jewellery-Women,multicolored gold finish drop earrings,Nan,Rs.,0.9,799,10% off,Jewellery-Women
belleziya,BELLEZIYA66,BELLEZIYA66 - Jewellery-Women,stripe and polka dot print scarf,Nan,Rs.,0.9,599,10% off,Jewellery-Women
belleziya,BELLEZIYA67,BELLEZIYA67 - Jewellery-Women,gold finish spiraled hoop earrings,Nan,Rs.,0.9,699,10% off,Jewellery-Women
belleziya,BELLEZIYA68,BELLEZIYA68 - Jewellery-Women,quirky small studs (set of 9,Nan,Rs.,0.9,799,10% off,Jewellery-Women
belleziya,BELLEZIYA69,BELLEZIYA69 - Jewellery-Women,gold finish crumpled hoop earrings,Nan,Rs.,0.9,649,10% off,Jewellery-Women
belleziya,BELLEZIYA70,BELLEZIYA70 - Jewellery-Women,silver stone embedded circle earrings,Nan,Rs.,0.9,799,10% off,Jewellery-Women
belleziya,BELLEZIYA71,BELLEZIYA71 - Jewellery-Women,combo pack of black drop earrings gold and black hair pins and set of 3 classic scrunchies,Nan,Rs.,8.9,2299,10% off,Jewellery-Women
belleziya,BELLEZIYA72,BELLEZIYA72 - Jewellery-Women,gold finish stone stud earrings,Nan,Rs.,0.9,799,10% off,Jewellery-Women
belleziya,BELLEZIYA73,BELLEZIYA73 - Jewellery-Women,gold finish pearl drop earrings with star charm,Nan,Rs.,0.9,499,10% off,Jewellery-Women
belleziya,BELLEZIYA74,BELLEZIYA74 - Jewellery-Women,combo pack set of 9 gold earrings and set of 3 gold hairpins,Nan,Rs.,8.9,1699,10% off,Jewellery-Women
betty barclay,BETTY BARCLAY1,BETTY BARCLAY1 - Fragrance-Women,tender blossom eau de toilette natural spray 50 ml,Nan,Rs.,1900,1520,20% off,Fragrance-Women
beverly hills polo club,BEVERLY HILLS POLO CLUB1,BEVERLY HILLS POLO CLUB1 - Fragrance-Women,women nine deo 150ml,Nan,Rs.,,250,10% off,Fragrance-Women
beverly hills polo club,BEVERLY HILLS POLO CLUB2,BEVERLY HILLS POLO CLUB2 - Fragrance-Women,women eight deo 150ml,Nan,Rs.,,250,10% off,Fragrance-Women
biba,BIBA1,BIBA1 - Westernwear-Women,printed round neck rayon flax womens casual wear jacket - multi,Size:34,Rs.,2599,2079,20% off,Westernwear-Women
biba,BIBA2,BIBA2 - Westernwear-Women,printed polyester straight fit womens jacket - wine,Size:36,Rs.,8.9,2599,10% off,Westernwear-Women
biba,BIBA3,BIBA3 - Indianwear-Women,printed round neck cotton womens straight kurta - green,"Size:32,34,36,42",Rs.,1799,1079,40% off,Indianwear-Women
biba,BIBA4,BIBA4 - Indianwear-Women,printed round neck straight fit womens kurta - pink,"Size:32,34,36,38,40,42",Rs.,1299,779,40% off,Indianwear-Women
biba,BIBA5,BIBA5 - Indianwear-Women,printed cotton v-neck womens salwar kurta dupatta set - coral,"Size:32,34,36,38,40,42",Rs.,3999,2799,30% off,Indianwear-Women
biba,BIBA6,BIBA6 - Indianwear-Women,printed v neck cotton womens kurta palazzo - sky blue,"Size:32,34,36,38,40,42",Rs.,3599,2519,30% off,Indianwear-Women
biba,BIBA7,BIBA7 - Indianwear-Women,printed v neck flared womens kurta - green,"Size:36,38,40,42",Rs.,1999,1199,40% off,Indianwear-Women
biba,BIBA8,BIBA8 - Indianwear-Women,printed round neck rayon womens kurta - pink,"Size:32,34,36,38,40,42",Rs.,1799,1439,20% off,Indianwear-Women
biba,BIBA9,BIBA9 - Indianwear-Women,printed round neck straight fit womens kurta - indigo,"Size:32,34,36,38,40,42,46",Rs.,1599,959,40% off,Indianwear-Women
biba,BIBA10,BIBA10 - Indianwear-Women,printed cotton round neck womens salwar kurta dupatta set - pink,"Size:32,34,36,38,42",Rs.,4995,3496,30% off,Indianwear-Women
biba,BIBA11,BIBA11 - Indianwear-Women,printed v neck cotton womens kurta palazzo - peacock,"Size:32,34,36,38,40,42",Rs.,3799,2659,30% off,Indianwear-Women
biba,BIBA12,BIBA12 - Indianwear-Women,printed cotton round neck womens kurta palazzo set - dusty rose,"Size:32,34,36,38,40,42",Rs.,2599,1559,40% off,Indianwear-Women
biba,BIBA13,BIBA13 - Indianwear-Women,womens grey cotton straight kurta - grey,"Size:32,34",Rs.,1299,649,50% off,Indianwear-Women
biba,BIBA14,BIBA14 - Indianwear-Women,printed round neck a-line womens kurta - black,Size:38,Rs.,2599,1299,50% off,Indianwear-Women
biba,BIBA15,BIBA15 - Indianwear-Women,band collar rayon flared womens dresses - rust,"Size:32,34,36,38,40,42",Rs.,8.9,2999,10% off,Indianwear-Women
biba,BIBA16,BIBA16 - Indianwear-Women,embroidred v neck poly cotton womens kurta pants set - blue,"Size:32,34,36,38,42",Rs.,3999,2799,30% off,Indianwear-Women
biba,BIBA17,BIBA17 - Indianwear-Women,printed round neck straight fit womens kurta - yellow,"Size:32,34,36,38,40,42,46",Rs.,1799,1259,30% off,Indianwear-Women
biba,BIBA18,BIBA18 - Indianwear-Women,printed cotton round neck womens salwar kurta dupatta set - blue,"Size:32,34,36,38,42",Rs.,3599,2159,40% off,Indianwear-Women
biba,BIBA19,BIBA19 - Indianwear-Women,womens indigo cotton kurta - indigo,"Size:32,34,38,40,42",Rs.,1999,999,50% off,Indianwear-Women
biba,BIBA20,BIBA20 - Indianwear-Women,yarndyed round neck rayon metallic womens kurta pants - fuschia,"Size:32,34,36,38,40,42",Rs.,2999,2099,30% off,Indianwear-Women
biba,BIBA21,BIBA21 - Indianwear-Women,printed band collar straight fit womens kurta - red,"Size:32,34,36,38,40,42",Rs.,2599,1559,40% off,Indianwear-Women
biba,BIBA22,BIBA22 - Indianwear-Women,printed round neck straight fit womens kurta - sky blue,"Size:32,34,36,38,40,42",Rs.,1299,779,40% off,Indianwear-Women
biba,BIBA23,BIBA23 - Indianwear-Women,jacquard mandarin cotton womens flared dress - lemon,"Size:32,34,36,38,40,42",Rs.,2799,1679,40% off,Indianwear-Women
biba,BIBA24,BIBA24 - Indianwear-Women,printed band collar straight fit womens kurta - plum,"Size:32,34,36,38,40,42,46",Rs.,2299,1379,40% off,Indianwear-Women
biba,BIBA25,BIBA25 - Indianwear-Women,printed round neck cotton womens straight kurta - pink,"Size:32,34,36,38,42",Rs.,1999,1199,40% off,Indianwear-Women
biba,BIBA26,BIBA26 - Indianwear-Women,printed cotton v-neck womens salwar kurta dupatta set - pink,"Size:32,34,36,38,40,42",Rs.,2799,2239,20% off,Indianwear-Women
biba,BIBA27,BIBA27 - Indianwear-Women,printed round neck a-line womens kurti - dusty pink,"Size:36,38,42",Rs.,2299,1149,50% off,Indianwear-Women
biba,BIBA28,BIBA28 - Indianwear-Women,printed round neck cotton womens kurta pants set - indigo,"Size:32,34,36,38,42",Rs.,3799,2659,30% off,Indianwear-Women
biba,BIBA29,BIBA29 - Indianwear-Women,printed cotton round neck womens kurta palazzo set - natural,"Size:32,34,36,38,40,42",Rs.,2599,1559,40% off,Indianwear-Women
biba,BIBA30,BIBA30 - Indianwear-Women,printed v neck polyester womens kurta pants set - grey,"Size:32,34,36,38,40,42",Rs.,4995,3496,30% off,Indianwear-Women
biba,BIBA31,BIBA31 - Indianwear-Women,printed band collar straight fit womens kurta - green,"Size:32,34,36,38,40,42,46",Rs.,2299,1379,40% off,Indianwear-Women
biba,BIBA32,BIBA32 - Indianwear-Women,printed round neck cotton womens kurta pants set - multi,"Size:32,34,36,38,42",Rs.,3999,2399,40% off,Indianwear-Women
biba,BIBA33,BIBA33 - Indianwear-Women,printed v neck cotton womens kurta pants - multi,"Size:34,36,38,40,42,46",Rs.,3999,2399,40% off,Indianwear-Women
biba,BIBA34,BIBA34 - Indianwear-Women,printed cotton v-neck womens salwar kurta dupatta set - black,"Size:32,34,36,38,42",Rs.,2799,1679,40% off,Indianwear-Women
biba,BIBA35,BIBA35 - Indianwear-Women,polyester woven womens palazzo - pink,"Size:Large,Medium,Small,X-Large",Rs.,799,479,40% off,Indianwear-Women
biba,BIBA36,BIBA36 - Indianwear-Women,womens green cotton double layered kurta - green,Size:38,Rs.,2599,1299,50% off,Indianwear-Women
biba,BIBA37,BIBA37 - Indianwear-Women,printed polyester round neck womens pant kurta dupatta set - black,"Size:32,40,42",Rs.,3299,2309,30% off,Indianwear-Women
biba,BIBA38,BIBA38 - Indianwear-Women,printed band collar straight fit womens kurti - peach,"Size:32,34",Rs.,1499,749,50% off,Indianwear-Women
biba,BIBA39,BIBA39 - Indianwear-Women,printed round neck flared womens kurta - indigo,"Size:32,34,36,38,40,42",Rs.,8.9,3599,10% off,Indianwear-Women
biba,BIBA40,BIBA40 - Indianwear-Women,printed band collar cotton womens kurta palazzo - indigo,"Size:32,40",Rs.,2299,1379,40% off,Indianwear-Women
biba,BIBA41,BIBA41 - Indianwear-Women,band collar cotton flared womens dresses - off white,"Size:36,38",Rs.,3799,2659,30% off,Indianwear-Women
biba,BIBA42,BIBA42 - Indianwear-Women,printed round neck cotton womens kurta pants set - multi,"Size:32,34,36,38,42",Rs.,3799,2659,30% off,Indianwear-Women
biba,BIBA43,BIBA43 - Indianwear-Women,printed round neck straight fit womens kurta - coral,"Size:34,36,38,40,42",Rs.,8.9,1999,10% off,Indianwear-Women
biba,BIBA44,BIBA44 - Indianwear-Women,printed band collar flared womens kurta - pink,"Size:32,34,36,38,40,42",Rs.,1999,1399,30% off,Indianwear-Women
biba,BIBA45,BIBA45 - Indianwear-Women,printed round neck rayon blend womens flared dress - pink,"Size:32,34,36,38,40,42",Rs.,2599,1559,40% off,Indianwear-Women
biba,BIBA46,BIBA46 - Indianwear-Women,embroidred round neck polyester womens kurta pants set - dusty pink,"Size:32,34,42",Rs.,5995,3597,40% off,Indianwear-Women
biba,BIBA47,BIBA47 - Indianwear-Women,printed round neck straight fit womens kurta - blue,"Size:32,34,36,38,40,42,46",Rs.,1999,1599,20% off,Indianwear-Women
biba,BIBA48,BIBA48 - Indianwear-Women,printed v neck short kurta womens kurta - mustard,"Size:32,36,38,40",Rs.,1199,719,40% off,Indianwear-Women
biba,BIBA49,BIBA49 - Indianwear-Women,printed boat neck polyester womens kurta pants - indigo,"Size:36,38,40,42,46",Rs.,2799,1679,40% off,Indianwear-Women
biba,BIBA50,BIBA50 - Indianwear-Women,printed band collar straight fit womens kurti - mustard,"Size:32,34",Rs.,1499,749,50% off,Indianwear-Women
biba,BIBA51,BIBA51 - Indianwear-Women,printed round neck a-line womens kurta - navy,"Size:34,38",Rs.,2599,1299,50% off,Indianwear-Women
biba,BIBA52,BIBA52 - Indianwear-Women,printed round neck a-line womens kurta - mint,"Size:32,34,36,38",Rs.,2599,1299,50% off,Indianwear-Women
biba,BIBA53,BIBA53 - Indianwear-Women,printed cotton v-neck womens salwar kurta dupatta set - yellow,"Size:32,34,36,38,40,42",Rs.,3999,2799,30% off,Indianwear-Women
biba,BIBA54,BIBA54 - Indianwear-Women,printed cotton round neck womens straight fit kurta - off white,"Size:32,34,36,38",Rs.,5995,4196,30% off,Indianwear-Women
biba,BIBA55,BIBA55 - Indianwear-Women,round neck cotton relaxed womens dresses - indigo,"Size:32,34,36,38,40,42",Rs.,3799,3039,20% off,Indianwear-Women
biba,BIBA56,BIBA56 - Indianwear-Women,printed v neck cotton womens kurta pants - pink,"Size:34,36,38,40,42,46",Rs.,3999,2399,40% off,Indianwear-Women
biba,BIBA57,BIBA57 - Indianwear-Women,womens cream cotton straight kurta - cream,"Size:38,40,42",Rs.,1299,649,50% off,Indianwear-Women
biba,BIBA58,BIBA58 - Indianwear-Women,solid cotton womens regular dupatta - multi,Nan,Rs.,1299,779,40% off,Indianwear-Women
biba,BIBA59,BIBA59 - Indianwear-Women,printed round neck cotton womens kurta palazzo set - blue,"Size:32,34,36,38,42",Rs.,3999,3199,20% off,Indianwear-Women
biba,BIBA60,BIBA60 - Indianwear-Women,printed cotton round neck womens pant kurta dupatta set - mustard,"Size:32,34,42",Rs.,2799,1679,40% off,Indianwear-Women
biba,BIBA61,BIBA61 - Indianwear-Women,womens cream cotton straight kurta - cream,"Size:32,34",Rs.,1599,799,50% off,Indianwear-Women
biba,BIBA62,BIBA62 - Indianwear-Women,printed band collar cotton womens kurta palazzo - mint,"Size:32,34,36,38,42",Rs.,2999,2099,30% off,Indianwear-Women
biba,BIBA63,BIBA63 - Indianwear-Women,printed v neck cotton womens kurta pants - black,"Size:34,36,38",Rs.,8.9,3599,10% off,Indianwear-Women
biba,BIBA64,BIBA64 - Indianwear-Women,printed round neck polyester womens kurta pants set - yellow,"Size:32,34,36,38,42",Rs.,3999,2799,30% off,Indianwear-Women
biba,BIBA65,BIBA65 - Indianwear-Women,printed round neck straight fit womens kurta - green,"Size:32,34,36,38,40,42",Rs.,2599,1559,40% off,Indianwear-Women
biba,BIBA66,BIBA66 - Indianwear-Women,yarndyed band collar cotton womens kurta pants - navy,"Size:32,34,36,38,40,42",Rs.,3599,2519,30% off,Indianwear-Women
biba,BIBA67,BIBA67 - Indianwear-Women,cotton tired womens dresses - mustard,"Size:32,34,36,38,40,42",Rs.,4.5,4595,10% off,Indianwear-Women
biba,BIBA68,BIBA68 - Indianwear-Women,jacquard cotton mandarin womens ethnic set - off white,"Size:32,34,36,38,42",Rs.,2999,1799,40% off,Indianwear-Women
biba,BIBA69,BIBA69 - Indianwear-Women,solid embroidered poly viscose round neck womens palazzo kurta dupatta set - black,"Size:34,36,38",Rs.,4595,2757,40% off,Indianwear-Women
biba,BIBA70,BIBA70 - Indianwear-Women,printed cotton round neck womens kurta palazzo set - black,"Size:32,34,36,38,42",Rs.,2799,1679,40% off,Indianwear-Women
biba,BIBA71,BIBA71 - Indianwear-Women,printed round neck straight fit womens kurti - peach,Size:34,Rs.,1499,749,50% off,Indianwear-Women
biba,BIBA72,BIBA72 - Indianwear-Women,printed cotton collar neck womens salwar kurta dupatta set - orange,"Size:32,34,36,38,40,42",Rs.,2799,1679,40% off,Indianwear-Women
biba,BIBA73,BIBA73 - Indianwear-Women,printed boat neck straight fit womens kurta - off white,"Size:34,38,42",Rs.,999,499,50% off,Indianwear-Women
biba,BIBA74,BIBA74 - Indianwear-Women,printed v neck straight fit womens kurti - navy,Size:32,Rs.,1299,649,50% off,Indianwear-Women
biba,BIBA75,BIBA75 - Indianwear-Women,printed v neck cotton womens kurta palazzo - rust,"Size:32,34,36,38,40,42",Rs.,3599,2519,30% off,Indianwear-Women
biba,BIBA76,BIBA76 - Indianwear-Women,printed round neck cotton womens kurta skirt set - mint,"Size:32,34,36,38",Rs.,6995,4896,30% off,Indianwear-Women
biba,BIBA77,BIBA77 - Indianwear-Women,printed band collar straight fit womens kurta - carbon,Size:32,Rs.,1999,1599,20% off,Indianwear-Women
biba,BIBA78,BIBA78 - Indianwear-Women,printed round neck cotton womens kurta churidar set - indigo,"Size:32,34,36,38,40,42",Rs.,4995,3496,30% off,Indianwear-Women
biba,BIBA79,BIBA79 - Indianwear-Women,printed round neck womens kurta - red,"Size:32,34,36,38,40,42",Rs.,8.9,1599,10% off,Indianwear-Women
biba,BIBA80,BIBA80 - Indianwear-Women,printed cotton v-neck womens salwar kurta dupatta set - indigo,"Size:32,34,36,38,40,42",Rs.,2799,2239,20% off,Indianwear-Women
biba,BIBA81,BIBA81 - Indianwear-Women,womens black cotton flax kurta - black,Size:32,Rs.,1999,999,50% off,Indianwear-Women
biba,BIBA82,BIBA82 - Indianwear-Women,printed round neck rayon womens kurta pants - sea green,"Size:32,34,36,38,42",Rs.,2999,1799,40% off,Indianwear-Women
biba,BIBA83,BIBA83 - Indianwear-Women,womens indigo cotton dupatta - terracotta,Nan,Rs.,799,399,50% off,Indianwear-Women
biba,BIBA84,BIBA84 - Indianwear-Women,printed round neck flared womens kurta - cream,"Size:34,36,38,42",Rs.,2799,1679,40% off,Indianwear-Women
biba,BIBA85,BIBA85 - Indianwear-Women,printed round neck rayon womens kurta pants set - white,"Size:32,34,36,38,42",Rs.,4995,3496,30% off,Indianwear-Women
biba,BIBA86,BIBA86 - Indianwear-Women,printed cotton v-neck womens salwar kurta dupatta set - red,"Size:32,34,36,38,40,42",Rs.,2799,2239,20% off,Indianwear-Women
biba,BIBA87,BIBA87 - Indianwear-Women,printed polyester round neck womens set - green,"Size:34,36,38",Rs.,6500,3900,40% off,Indianwear-Women
biba,BIBA88,BIBA88 - Indianwear-Women,round neck cotton tired womens dresses - ecru,"Size:32,34,36,38,40,42",Rs.,8.9,4599,10% off,Indianwear-Women
biba,BIBA89,BIBA89 - Indianwear-Women,embroidred v neck poly cotton womens kurta palazzo set - white,"Size:32,34,36,38,42",Rs.,5995,3597,40% off,Indianwear-Women
biba,BIBA90,BIBA90 - Indianwear-Women,printed round neck flared womens kurta - pink,"Size:34,38",Rs.,1999,1199,40% off,Indianwear-Women
biba,BIBA91,BIBA91 - Indianwear-Women,printed v neck flared womens kurta - green,"Size:32,34,36,38,40,42",Rs.,2799,1679,40% off,Indianwear-Women
biba,BIBA92,BIBA92 - Indianwear-Women,printed round neck flared womens kurta - peacock,"Size:34,36,38,42",Rs.,2799,1679,40% off,Indianwear-Women
biba,BIBA93,BIBA93 - Indianwear-Women,womens black viscose straight kurta - black,Size:40,Rs.,1999,999,50% off,Indianwear-Women
biba,BIBA94,BIBA94 - Indianwear-Women,womens yellow poly cotton short kurti - yellow,"Size:34,36,38",Rs.,1999,999,50% off,Indianwear-Women
biba,BIBA95,BIBA95 - Indianwear-Women,printed round neck flared womens kurta - yellow,"Size:34,36,38,40,42",Rs.,3599,2159,40% off,Indianwear-Women
biba,BIBA96,BIBA96 - Indianwear-Women,printed round neck a-line womens kurta - off white,"Size:34,38,40,42",Rs.,1999,999,50% off,Indianwear-Women
biba,BIBA97,BIBA97 - Indianwear-Women,printed round neck flared womens kurta - coral,"Size:32,34,36,38,40,42",Rs.,8.9,3599,10% off,Indianwear-Women
biba,BIBA98,BIBA98 - Indianwear-Women,solid cotton mandarin womens salwar kurta dupatta set - pink,"Size:32,34,36,38,40,42",Rs.,8.9,3799,10% off,Indianwear-Women
biba,BIBA99,BIBA99 - Indianwear-Women,printed round neck viscose womens kurta pants set - multi,"Size:34,36,38,40,42",Rs.,3999,2399,40% off,Indianwear-Women
biba,BIBA100,BIBA100 - Indianwear-Women,womens fuschia cotton dupatta - fuschia,Nan,Rs.,699,349,50% off,Indianwear-Women
biba,BIBA101,BIBA101 - Indianwear-Women,printed cotton round neck womens salwar kurta dupatta set - pink,"Size:32,34,36,38,40,42",Rs.,8.9,3299,10% off,Indianwear-Women
biba,BIBA102,BIBA102 - Indianwear-Women,printed round neck cotton womens kurta palazzo set - white,"Size:36,38",Rs.,4995,3496,30% off,Indianwear-Women
biba,BIBA103,BIBA103 - Indianwear-Women,printed polyester cotton round neck womens salwar kurta dupatta set - peach,"Size:34,36,38",Rs.,4.5,5995,10% off,Indianwear-Women
biba,BIBA104,BIBA104 - Indianwear-Women,yarndyed round neck straight fit womens kurta - ecru,"Size:34,36,38",Rs.,2999,2099,30% off,Indianwear-Women
biba,BIBA105,BIBA105 - Indianwear-Women,printed polyester meta round neck womens palazzo kurta dupatta set - dark green,"Size:34,36,38",Rs.,4595,3216,30% off,Indianwear-Women
biba,BIBA106,BIBA106 - Indianwear-Women,printed round neck a-line womens kurti - multi,"Size:32,34,36,38,40,42",Rs.,1799,899,50% off,Indianwear-Women
biba,BIBA107,BIBA107 - Indianwear-Women,printed round neck flared womens kurta - indigo,"Size:34,36,40,42",Rs.,2599,2079,20% off,Indianwear-Women
biba,BIBA108,BIBA108 - Indianwear-Women,printed band collar polyester womens flared dress - grey,"Size:34,36,38,40",Rs.,2999,1799,40% off,Indianwear-Women
biba,BIBA109,BIBA109 - Indianwear-Women,printed round neck cotton womens kurta palazzo set - yellow,"Size:32,34,36,38,42",Rs.,0,6500,10% off,Indianwear-Women
biba,BIBA110,BIBA110 - Indianwear-Women,printed polyester round neck womens salwar kurta dupatta set - yellow,"Size:32,34,36,38",Rs.,3999,2399,40% off,Indianwear-Women
biba,BIBA111,BIBA111 - Indianwear-Women,printed polyester round neck womens palazzo kurta dupatta set - multi,"Size:34,36,38",Rs.,3999,2399,40% off,Indianwear-Women
biba,BIBA112,BIBA112 - Indianwear-Women,printed boat neck polyester womens kurta palazzo - natural,"Size:34,38,42",Rs.,2999,1799,40% off,Indianwear-Women
biba,BIBA113,BIBA113 - Indianwear-Women,solid round neck rayon womens kurta pants - peacock,"Size:32,34,36,38,40,42",Rs.,2599,1819,30% off,Indianwear-Women
biba,BIBA114,BIBA114 - Indianwear-Women,womens off white poly cotton short kurti - off white,Size:38,Rs.,1999,999,50% off,Indianwear-Women
biba,BIBA115,BIBA115 - Indianwear-Women,printed viscose shirt collar womens palazzo kurta dupatta set - blue,"Size:32,34,40,42",Rs.,3999,2799,30% off,Indianwear-Women
biba,BIBA116,BIBA116 - Indianwear-Women,printed polyester womens churidar kurta dupatta set - terracotta,"Size:36,42",Rs.,4595,3216,30% off,Indianwear-Women
biba,BIBA117,BIBA117 - Indianwear-Women,printed cotton v-neck womens salwar kurta dupatta set - bluesteel,"Size:32,34,36,38,40,42",Rs.,4899,3429,30% off,Indianwear-Women
biba,BIBA118,BIBA118 - Indianwear-Women,printed round neck cotton womens kurta palazzo - black,"Size:32,34,36,42",Rs.,3999,2799,30% off,Indianwear-Women
biba,BIBA119,BIBA119 - Indianwear-Women,printed round neck cotton womens kurta palazzo set - multi,"Size:32,34,36,38,40",Rs.,5995,4196,30% off,Indianwear-Women
biba,BIBA120,BIBA120 - Indianwear-Women,rayon woven womens palazzo - pink,"Size:Large,Medium,Small,X-Large",Rs.,1299,1039,20% off,Indianwear-Women
biba,BIBA121,BIBA121 - Indianwear-Women,printed round neck rayon flax womens kurta - multi,"Size:32,34,36,38,40",Rs.,3599,2879,20% off,Indianwear-Women
biba,BIBA122,BIBA122 - Indianwear-Women,printed round neck straight fit womens kurta - navy,"Size:32,34,36,38,40,42",Rs.,8.9,2599,10% off,Indianwear-Women
biba,BIBA123,BIBA123 - Indianwear-Women,printed cotton round neck womens salwar kurta dupatta set - multi,"Size:32,34,36,38",Rs.,0,6500,10% off,Indianwear-Women
biba,BIBA124,BIBA124 - Indianwear-Women,yarndyed band collar cotton womens kurta palazzo - multi,"Size:32,34,36,38,42",Rs.,3999,2799,30% off,Indianwear-Women
biba,BIBA125,BIBA125 - Indianwear-Women,printed cotton round neck womens pant kurta dupatta set - peacock,"Size:32,34,36,38,40",Rs.,3999,2799,30% off,Indianwear-Women
biba,BIBA126,BIBA126 - Indianwear-Women,womens ivory viscose a line kurta - ivory,"Size:32,34",Rs.,2799,1399,50% off,Indianwear-Women
biba,BIBA127,BIBA127 - Indianwear-Women,printed round neck cotton womens flared kurta - black,"Size:32,34,36,38",Rs.,3599,2159,40% off,Indianwear-Women
biba,BIBA128,BIBA128 - Indianwear-Women,womens peach cotton double layered kurta - peach,"Size:32,38",Rs.,2599,1299,50% off,Indianwear-Women
biba,BIBA129,BIBA129 - Indianwear-Women,printed cotton round neck womens churidar kurta dupatta set - maroon,"Size:32,34,38,40",Rs.,3599,2519,30% off,Indianwear-Women
biba,BIBA130,BIBA130 - Indianwear-Women,womens golden poly metallic kurti - gold,"Size:32,34,36,38,42",Rs.,2599,1299,50% off,Indianwear-Women
biba,BIBA131,BIBA131 - Indianwear-Women,printed band collar straight fit womens kurta - red,"Size:36,38",Rs.,1999,1199,40% off,Indianwear-Women
biba,BIBA132,BIBA132 - Indianwear-Women,printed cotton round neck womens salwar kurta dupatta set - red,"Size:32,34,36,38,40,42",Rs.,3599,2159,40% off,Indianwear-Women
biba,BIBA133,BIBA133 - Indianwear-Women,printed round neck straight fit womens kurta - indigo,"Size:32,34,36,38,40,42",Rs.,8.9,1799,10% off,Indianwear-Women
biba,BIBA134,BIBA134 - Indianwear-Women,printed v-neck cotton womens regular kurta - green,"Size:32,34,36,38,40,42",Rs.,3199,1919,40% off,Indianwear-Women
biba,BIBA135,BIBA135 - Indianwear-Women,printed round neck a-line womens kurta - ice blue,"Size:32,34,36,38,40,42",Rs.,1999,1399,30% off,Indianwear-Women
biba,BIBA136,BIBA136 - Indianwear-Women,printed round neck polyester womens straight kurta - grey,"Size:34,36,38,40",Rs.,2599,1559,40% off,Indianwear-Women
biba,BIBA137,BIBA137 - Indianwear-Women,printed mandarin rayon blend womens straight dress - mustard,"Size:32,34,36,38,40,42",Rs.,2799,1679,40% off,Indianwear-Women
biba,BIBA138,BIBA138 - Indianwear-Women,printed cotton round neck womens straight fit kurta - yellow,"Size:32,34,36,38,40",Rs.,1799,1259,30% off,Indianwear-Women
biba,BIBA139,BIBA139 - Indianwear-Women,printed round neck a-line womens kurta - blue,Size:38,Rs.,2799,1399,50% off,Indianwear-Women
biba,BIBA140,BIBA140 - Indianwear-Women,solid cotton round neck womens salwar kurta dupatta set - turquoise,"Size:32,34,36,38,42",Rs.,3999,2799,30% off,Indianwear-Women
biba,BIBA141,BIBA141 - Indianwear-Women,printed rayon boat neck womens straight fit kurta - fuschia,"Size:32,34,40,42",Rs.,2299,1379,40% off,Indianwear-Women
biba,BIBA142,BIBA142 - Indianwear-Women,printed band collar straight fit womens kurta - green,"Size:32,34,36,38,40,42",Rs.,2599,1559,40% off,Indianwear-Women
biba,BIBA143,BIBA143 - Indianwear-Women,womens black cotton flax straight kurta - black,"Size:32,34,38",Rs.,2999,1499,50% off,Indianwear-Women
biba,BIBA144,BIBA144 - Indianwear-Women,yarn dyed polyester v neck womens ethnic set - navy,"Size:36,38",Rs.,3599,2159,40% off,Indianwear-Women
biba,BIBA145,BIBA145 - Indianwear-Women,solid band collar cotton womens kurta palazzo - multi,"Size:32,34,36,38,40,42",Rs.,3999,2799,30% off,Indianwear-Women
biba,BIBA146,BIBA146 - Indianwear-Women,womens light blue viscose kurta dress - light blue,"Size:34,36,38,42",Rs.,2999,1499,50% off,Indianwear-Women
biba,BIBA147,BIBA147 - Indianwear-Women,shirt collar cotton straight fit womens dresses - lemon,"Size:32,34,36,38",Rs.,2599,1559,40% off,Indianwear-Women
biba,BIBA148,BIBA148 - Indianwear-Women,round neck cotton flared womens dresses - green,"Size:32,34,36,38,42",Rs.,3599,2879,20% off,Indianwear-Women
biba,BIBA149,BIBA149 - Indianwear-Women,printed round neck cotton womens kurta pants - multi,"Size:32,34,36,38,40,42",Rs.,2999,2099,30% off,Indianwear-Women
biba,BIBA150,BIBA150 - Indianwear-Women,printed polyester cotton round neck womens salwar kurta dupatta set - sea green,"Size:32,34,36,38",Rs.,5995,4196,30% off,Indianwear-Women
biba,BIBA151,BIBA151 - Indianwear-Women,printed round neck a-line womens kurti - off white,"Size:38,40",Rs.,2299,1149,50% off,Indianwear-Women
biba,BIBA152,BIBA152 - Indianwear-Women,printed band collar straight fit womens kurta - sea green,"Size:32,36",Rs.,1999,1399,30% off,Indianwear-Women
biba,BIBA153,BIBA153 - Indianwear-Women,printed round neck a-line womens kurti - multi,"Size:34,40",Rs.,1799,899,50% off,Indianwear-Women
biba,BIBA154,BIBA154 - Indianwear-Women,printed v neck cotton womens kurta palazzo - black,"Size:32,34,36,38,40,42",Rs.,3599,2519,30% off,Indianwear-Women
biba,BIBA155,BIBA155 - Indianwear-Women,yarndyed band collar a-line womens kurta - natural,"Size:32,34,36,38,40,42",Rs.,2599,1559,40% off,Indianwear-Women
biba,BIBA156,BIBA156 - Indianwear-Women,yarndyed round neck cotton womens kurta pants - green,"Size:32,34,36,38,40,42",Rs.,3299,2309,30% off,Indianwear-Women
biba,BIBA157,BIBA157 - Indianwear-Women,yarndyed round neck straight fit womens kurta - off white,Size:32,Rs.,2299,1379,40% off,Indianwear-Women
biba,BIBA158,BIBA158 - Indianwear-Women,rayon round neck womens churidar kurta dupatta set - red,"Size:32,34,36,38,42",Rs.,5495,3297,40% off,Indianwear-Women
biba,BIBA159,BIBA159 - Indianwear-Women,printed round neck poly mettalic womens kurta pants set - grey,"Size:32,34,36,38,40,42",Rs.,4.5,5995,10% off,Indianwear-Women
biba,BIBA160,BIBA160 - Indianwear-Women,printed v-neck polyester womens straight kurta - green,"Size:32,34,36,38",Rs.,1299,779,40% off,Indianwear-Women
biba,BIBA161,BIBA161 - Indianwear-Women,printed round neck rayon blend womens straight dress - turquoise,"Size:32,34,36,38,40,42",Rs.,1999,1199,40% off,Indianwear-Women
biba,BIBA162,BIBA162 - Indianwear-Women,printed rayon round neck womens pant kurta dupatta set - yellow,"Size:32,34,36,38,40,42",Rs.,2999,2099,30% off,Indianwear-Women
biba,BIBA163,BIBA163 - Indianwear-Women,solid straight cotton womens pants - marine,Size:Medium,Rs.,1499,749,50% off,Indianwear-Women
biba,BIBA164,BIBA164 - Indianwear-Women,printed v neck cotton womens kurta palazzo - grey,"Size:32,34,36,38,40,42",Rs.,2799,1959,30% off,Indianwear-Women
biba,BIBA165,BIBA165 - Indianwear-Women,yarndyed shirt collar cotton womens kurta pants - navy,Size:32,Rs.,2999,1799,40% off,Indianwear-Women
biba,BIBA166,BIBA166 - Indianwear-Women,solid band collar cotton womens kurta palazzo - peacock,"Size:32,34,38,40,42",Rs.,2999,2099,30% off,Indianwear-Women
biba,BIBA167,BIBA167 - Indianwear-Women,printed band collar straight fit womens kurta - coral,"Size:32,34",Rs.,2299,1609,30% off,Indianwear-Women
biba,BIBA168,BIBA168 - Indianwear-Women,round neck cotton tired womens dresses - yellow,"Size:34,36,38",Rs.,3299,2639,20% off,Indianwear-Women
biba,BIBA169,BIBA169 - Indianwear-Women,printed rayon round neck womens palazzo kurta dupatta set - red,"Size:32,34,36,38,42",Rs.,3799,2279,40% off,Indianwear-Women
biba,BIBA170,BIBA170 - Indianwear-Women,printed round neck rayon womens kurta - indigo,"Size:34,40",Rs.,8.9,2999,10% off,Indianwear-Women
biba,BIBA171,BIBA171 - Indianwear-Women,printed polyester round neck womens palazzo kurta dupatta set - turquoise,Size:40,Rs.,4995,2497,50% off,Indianwear-Women
biba,BIBA172,BIBA172 - Indianwear-Women,printed v neck flared womens kurta - indigo,"Size:32,34,36,38,40,42",Rs.,2799,2239,20% off,Indianwear-Women
biba,BIBA173,BIBA173 - Indianwear-Women,printed round neck a-line womens kurta - coral,"Size:38,40",Rs.,1799,899,50% off,Indianwear-Women
biba,BIBA174,BIBA174 - Indianwear-Women,solid cotton mandarin womens salwar kurta dupatta set - multi,"Size:32,34,36,38,40,42",Rs.,8.9,3799,10% off,Indianwear-Women
biba,BIBA175,BIBA175 - Indianwear-Women,solid band collar straight womens kurti - coral,Size:34,Rs.,1299,649,50% off,Indianwear-Women
biba,BIBA176,BIBA176 - Indianwear-Women,printed round neck polyester womens straight kurta - black,"Size:32,34,38,40",Rs.,1599,959,40% off,Indianwear-Women
biba,BIBA177,BIBA177 - Indianwear-Women,printed cotton round neck womens straight fit kurta - blue,"Size:34,36,38,40",Rs.,1999,1199,40% off,Indianwear-Women
biba,BIBA178,BIBA178 - Indianwear-Women,printed round neck polyester womens straight kurta - off white,"Size:34,38",Rs.,2299,1609,30% off,Indianwear-Women
biba,BIBA179,BIBA179 - Indianwear-Women,yarn dyed cotton round neck womens ethnic set - black,"Size:32,34,36,38",Rs.,3299,1979,40% off,Indianwear-Women
biba,BIBA180,BIBA180 - Indianwear-Women,printed band collar straight fit womens kurta - yellow,Size:38,Rs.,1999,1399,30% off,Indianwear-Women
biba,BIBA181,BIBA181 - Indianwear-Women,yarndyed round neck cotton viscose womens kurta skirt set - yellow,"Size:32,36,38",Rs.,4.5,7995,10% off,Indianwear-Women
biba,BIBA182,BIBA182 - Indianwear-Women,printed round neck a-line womens kurta - cream,"Size:34,36,42",Rs.,2599,1299,50% off,Indianwear-Women
biba,BIBA183,BIBA183 - Indianwear-Women,printed v neck polyester womens kurta shrug - pink,"Size:32,34,36,38,40,42",Rs.,2999,1799,40% off,Indianwear-Women
biba,BIBA184,BIBA184 - Indianwear-Women,embroidered cotton flax round neck womens straight fit kurta - burnt orange,"Size:32,34,36,38",Rs.,1599,1119,30% off,Indianwear-Women
biba,BIBA185,BIBA185 - Indianwear-Women,printed v neck rayon flax womens kurta pants - multi,"Size:32,34,36,38,42",Rs.,2599,2079,20% off,Indianwear-Women
biba,BIBA186,BIBA186 - Indianwear-Women,printed round neck cotton womens straight fit dress - wine,Size:34,Rs.,2999,1799,40% off,Indianwear-Women
biba,BIBA187,BIBA187 - Indianwear-Women,printed band collar a-line womens kurta - blue,"Size:34,36,38",Rs.,2799,1399,50% off,Indianwear-Women
biba,BIBA188,BIBA188 - Indianwear-Women,yarndyed round neck a-line womens kurta - red,"Size:32,34,36,38,40",Rs.,1999,1199,40% off,Indianwear-Women
biba,BIBA189,BIBA189 - Indianwear-Women,yarn dyed poly mettalic round neck womens straight fit kurta - rust,"Size:32,34,42",Rs.,1999,1199,40% off,Indianwear-Women
biba,BIBA190,BIBA190 - Indianwear-Women,fitted polyester viscose womens classics skirt - magenta,"Size:Large,Medium,XX-Large",Rs.,3999,2399,40% off,Indianwear-Women
biba,BIBA191,BIBA191 - Indianwear-Women,printed v neck flared womens kurta - indigo,"Size:32,36",Rs.,8.9,3299,10% off,Indianwear-Women
biba,BIBA192,BIBA192 - Indianwear-Women,embroidred round neck cotton viscose womens kurta pants set - multi,"Size:32,34,36,38,40,42",Rs.,4995,3496,30% off,Indianwear-Women
biba,BIBA193,BIBA193 - Indianwear-Women,printed round neck cotton womens kurta pants - multi,"Size:32,34,36,38,40,42",Rs.,3999,2799,30% off,Indianwear-Women
biba,BIBA194,BIBA194 - Indianwear-Women,printed polyester round neck womens straight fit kurta - multi,"Size:32,34,36,38,40,42",Rs.,1999,1199,40% off,Indianwear-Women
biba,BIBA195,BIBA195 - Indianwear-Women,printed polyester round neck womens layered kurta - mustard,"Size:32,36,38",Rs.,1999,1199,40% off,Indianwear-Women
biba,BIBA196,BIBA196 - Indianwear-Women,solid polyester womens palazzo kurta dupatta set - red,"Size:32,34,36,38,40,42",Rs.,3599,2519,30% off,Indianwear-Women
biba,BIBA197,BIBA197 - Indianwear-Women,printed band collar straight fit womens kurta - terracotta,"Size:32,34,36,38,40,42",Rs.,1799,1439,20% off,Indianwear-Women
biba,BIBA198,BIBA198 - Indianwear-Women,yarndyed round neck straight fit womens kurta - ecru,"Size:32,38",Rs.,3999,2799,30% off,Indianwear-Women
biba,BIBA199,BIBA199 - Indianwear-Women,solid polyester viscose womens fitted kurta - off white,Size:38,Rs.,1299,909,30% off,Indianwear-Women
biba,BIBA200,BIBA200 - Indianwear-Women,round neck rayon womens flared dress - peacock,Size:40,Rs.,4595,3216,30% off,Indianwear-Women
biba,BIBA201,BIBA201 - Indianwear-Women,printed round neck rayon womens straight fit dress - mustard,"Size:32,34,36,38,40",Rs.,3299,1979,40% off,Indianwear-Women
biba,BIBA202,BIBA202 - Indianwear-Women,printed viscose womens dress - peacock,"Size:36,38",Rs.,3999,2799,30% off,Indianwear-Women
biba,BIBA203,BIBA203 - Indianwear-Women,printed cotton round neck womens ethnic set - navy,"Size:32,34,36,38,40,42",Rs.,3599,2519,30% off,Indianwear-Women
biba,BIBA204,BIBA204 - Indianwear-Women,printed round neck flared womens kurta - indigo,"Size:32,34,36,38,40",Rs.,2599,2079,20% off,Indianwear-Women
biba,BIBA205,BIBA205 - Indianwear-Women,printed cotton v-neck womens pant kurta dupatta set - black,"Size:32,34,36,38,40,42",Rs.,5995,4196,30% off,Indianwear-Women
biba,BIBA206,BIBA206 - Indianwear-Women,yarn dyed rayon round neck womens flared kurta - red,"Size:32,34,36,38,42",Rs.,1999,1199,40% off,Indianwear-Women
biba,BIBA207,BIBA207 - Indianwear-Women,printed round neck rayon womens kurta - pink,"Size:32,34,36,38,40",Rs.,3999,2799,30% off,Indianwear-Women
biba,BIBA208,BIBA208 - Indianwear-Women,printed round neck straight fit womens kurti - mustard,Size:34,Rs.,1499,749,50% off,Indianwear-Women
biba,BIBA209,BIBA209 - Indianwear-Women,printed round neck polyester womens kurta pants set - powder blue,"Size:32,34,36,38,40,42",Rs.,6500,5200,20% off,Indianwear-Women
biba,BIBA210,BIBA210 - Indianwear-Women,yarn dyed poly mettalic round neck womens straight fit kurta - turquoise,Size:34,Rs.,1999,1199,40% off,Indianwear-Women
biba,BIBA211,BIBA211 - Indianwear-Women,printed cotton round neck womens salwar kurta dupatta set - ivory,"Size:32,34,36,38,42",Rs.,0,6500,10% off,Indianwear-Women
biba,BIBA212,BIBA212 - Indianwear-Women,cotton woven womens skirt - mustard,"Size:Large,Medium,Small,X-Large",Rs.,3999,2399,40% off,Indianwear-Women
biba,BIBA213,BIBA213 - Indianwear-Women,printed cotton womens pant kurta dupatta set - yellow,"Size:32,34,36,38,40",Rs.,4995,3496,30% off,Indianwear-Women
biba,BIBA214,BIBA214 - Indianwear-Women,printed rayon round neck womens kalidar kurta - mustard,"Size:32,34",Rs.,1599,959,40% off,Indianwear-Women
biba,BIBA215,BIBA215 - Indianwear-Women,printed round neck viscose womens kurta pants set - sea green,"Size:38,40",Rs.,5995,4796,20% off,Indianwear-Women
biba,BIBA216,BIBA216 - Indianwear-Women,solid embroidred poly viscose round neck womens pant kurta dupatta set - green,"Size:32,42",Rs.,4595,3216,30% off,Indianwear-Women
biba,BIBA217,BIBA217 - Indianwear-Women,yarn dyed poly viscose womens kurta - black,Size:32,Rs.,1599,1119,30% off,Indianwear-Women
biba,BIBA218,BIBA218 - Indianwear-Women,printed polyester round neck womens churidar kurta dupatta set - blue,"Size:32,36,38,40",Rs.,5995,4196,30% off,Indianwear-Women
biba,BIBA219,BIBA219 - Indianwear-Women,printed band collar flared womens kurta - wine,"Size:32,34",Rs.,1999,1399,30% off,Indianwear-Women
biba,BIBA220,BIBA220 - Indianwear-Women,yarndyed round neck flared womens kurta - black,Size:40,Rs.,1999,1199,40% off,Indianwear-Women
biba,BIBA221,BIBA221 - Indianwear-Women,printed polyester round neck womens straight fit kurta - green,Size:34,Rs.,1999,1199,40% off,Indianwear-Women
biba,BIBA222,BIBA222 - Indianwear-Women,solid band collar rayon flax womens kurta pants - navy,"Size:32,34,36,38,40,42",Rs.,2999,2099,30% off,Indianwear-Women
biba,BIBA223,BIBA223 - Indianwear-Women,printed cotton round neck womens salwar kurta set - brown,"Size:32,34,36,38,40,42",Rs.,3299,1979,40% off,Indianwear-Women
biba,BIBA224,BIBA224 - Indianwear-Women,printed band collar rayon flax womens kurta pants - multi,"Size:40,42",Rs.,2599,2079,20% off,Indianwear-Women
biba,BIBA225,BIBA225 - Indianwear-Women,length polyester woven womens dupatta - gold,Nan,Rs.,1599,1119,30% off,Indianwear-Women
biba,BIBA226,BIBA226 - Indianwear-Women,rayon flax woven womens palazzo - natural,"Size:Large,Medium,Small,X-Large",Rs.,8.9,1299,10% off,Indianwear-Women
biba,BIBA227,BIBA227 - Indianwear-Women,printed round neck polyester womens kurta - sky blue,"Size:32,34,36,38,40,42",Rs.,3799,2659,30% off,Indianwear-Women
biba,BIBA228,BIBA228 - Indianwear-Women,printed round neck polyester womens layered kurta - cherry,"Size:34,36,38,40",Rs.,4599,2759,40% off,Indianwear-Women
biba,BIBA229,BIBA229 - Indianwear-Women,printed shirt collar straight fit womens kurta - carbon,"Size:32,34,36,38,40,42",Rs.,1799,1439,20% off,Indianwear-Women
biba,BIBA230,BIBA230 - Indianwear-Women,printed cotton round neck womens ethnic set - fuschia,"Size:34,36,38,42",Rs.,4.5,6995,10% off,Indianwear-Women
biba,BIBA231,BIBA231 - Indianwear-Women,polyester woven womens skirt - green,"Size:Large,Medium",Rs.,3599,2159,40% off,Indianwear-Women
biba,BIBA232,BIBA232 - Indianwear-Women,printed rayon boat neck womens straight fit kurta - peacock,"Size:32,34,36,38,40,42",Rs.,2299,1379,40% off,Indianwear-Women
biba,BIBA233,BIBA233 - Indianwear-Women,solid cotton flax womens churidar kurta dupatta set - black,Size:42,Rs.,4599,3219,30% off,Indianwear-Women
biba,BIBA234,BIBA234 - Indianwear-Women,printed v neck cotton womens kurta palazzo - cream,"Size:32,34,36,38,40,42",Rs.,3999,2799,30% off,Indianwear-Women
biba,BIBA235,BIBA235 - Indianwear-Women,printed cotton round neck womens salwar kurta dupatta set - sky blue,"Size:32,34,36,38,40,42",Rs.,8.9,3299,10% off,Indianwear-Women
biba,BIBA236,BIBA236 - Indianwear-Women,printed band collar cotton womens straight fit dress - red,"Size:32,34,36,38",Rs.,3999,2399,40% off,Indianwear-Women
biba,BIBA237,BIBA237 - Indianwear-Women,printed round neck cotton womens kurta churidar set - multi,"Size:36,38",Rs.,0,6500,10% off,Indianwear-Women
biba,BIBA238,BIBA238 - Indianwear-Women,printed cotton round neck womens kalidar kurta - navy,"Size:32,34,36,38,40",Rs.,1799,1259,30% off,Indianwear-Women
biba,BIBA239,BIBA239 - Indianwear-Women,printed round neck cotton womens kurta palazzo - white,"Size:32,34,36,42",Rs.,3999,2799,30% off,Indianwear-Women
biba,BIBA240,BIBA240 - Indianwear-Women,printed cotton womens face mask - indigo,Nan,Rs.,0.5,125,10% off,Indianwear-Women
biba,BIBA241,BIBA241 - Indianwear-Women,printed round neck modal womens kurta palazzo set - mustard,"Size:32,34,36,38,42",Rs.,3299,1979,40% off,Indianwear-Women
biba,BIBA242,BIBA242 - Indianwear-Women,v-neck metallic cotton womens straight suit set - brown,Size:40,Rs.,8995,4497,50% off,Indianwear-Women
biba,BIBA243,BIBA243 - Indianwear-Women,printed round neck cotton womens kurta pants - multi,Size:34,Rs.,3999,2799,30% off,Indianwear-Women
biba,BIBA244,BIBA244 - Indianwear-Women,printed cotton round neck womens salwar kurta dupatta set - multi,"Size:40,42",Rs.,8.9,6199,10% off,Indianwear-Women
biba,BIBA245,BIBA245 - Indianwear-Women,printed band collar flared womens kurta - indigo,"Size:32,34,36,38,40",Rs.,2999,2399,20% off,Indianwear-Women
biba,BIBA246,BIBA246 - Indianwear-Women,printed band collar straight fit womens kurta - red,"Size:32,34",Rs.,1999,1199,40% off,Indianwear-Women
biba,BIBA247,BIBA247 - Indianwear-Women,round neck rayon flared womens dresses - indigo,"Size:32,34,36,38,40,42",Rs.,2999,2099,30% off,Indianwear-Women
biba,BIBA248,BIBA248 - Indianwear-Women,printed rayon womens face mask - indigo,Nan,Rs.,0.5,125,10% off,Indianwear-Women
biba,BIBA249,BIBA249 - Indianwear-Women,printed band collar straight fit womens kurta - red,"Size:32,34",Rs.,8.9,2599,10% off,Indianwear-Women
biba,BIBA250,BIBA250 - Indianwear-Women,yarn dyed polyester round neck womens churidar kurta dupatta set - black,Size:32,Rs.,8.9,3799,10% off,Indianwear-Women
biba,BIBA251,BIBA251 - Indianwear-Women,printed rayon round neck womens skirt kurta dupatta set - red,Size:38,Rs.,7500,5250,30% off,Indianwear-Women
biba,BIBA252,BIBA252 - Indianwear-Women,printed round neck viscose womens straight fit dress - off white,"Size:36,38",Rs.,3599,2159,40% off,Indianwear-Women
biba,BIBA253,BIBA253 - Indianwear-Women,printed round neck rayon blend womens flared dress - off white,"Size:32,34,36,38,40,42",Rs.,2299,1379,40% off,Indianwear-Women
biba,BIBA254,BIBA254 - Indianwear-Women,printed round neck cotton womens kurta skirt set - yellow,"Size:32,34,38,40,42",Rs.,6995,5596,20% off,Indianwear-Women
biba,BIBA255,BIBA255 - Indianwear-Women,solid embroidered polyester band collar womens salwar kurta dupatta set - black,"Size:32,34,36,38,40",Rs.,4995,3496,30% off,Indianwear-Women
biba,BIBA256,BIBA256 - Indianwear-Women,printed viscose woven womens stole - red,Nan,Rs.,899,539,40% off,Indianwear-Women
biba,BIBA257,BIBA257 - Indianwear-Women,printed shirt collar straight fit womens kurta - red,"Size:32,34",Rs.,8.9,1599,10% off,Indianwear-Women
biba,BIBA258,BIBA258 - Indianwear-Women,printed viscose round neck womens pant kurta dupatta set - mustard,"Size:32,34,42",Rs.,2999,2099,30% off,Indianwear-Women
biba,BIBA259,BIBA259 - Indianwear-Women,printed modal v-neck womens straight fit kurta - ochre,Size:36,Rs.,2299,1379,40% off,Indianwear-Women
biba,BIBA260,BIBA260 - Indianwear-Women,printed cotton mandarin womens salwar kurta dupatta set - multi,"Size:32,34,36,38,42",Rs.,8.9,3599,10% off,Indianwear-Women
biba,BIBA261,BIBA261 - Indianwear-Women,printed cotton round neck womens salwar kurta dupatta set - coral,"Size:38,40,42",Rs.,8.9,6999,10% off,Indianwear-Women
biba,BIBA262,BIBA262 - Indianwear-Women,printed round neck straight fit womens kurta - terracotta,"Size:32,34,36,38",Rs.,2299,1839,20% off,Indianwear-Women
biba,BIBA263,BIBA263 - Indianwear-Women,printed cotton womens face mask - natural,Nan,Rs.,0.5,125,10% off,Indianwear-Women
biba,BIBA264,BIBA264 - Indianwear-Women,printed 3/4th sleeves rayon womens festive palazzo - cherry,Size:Medium,Rs.,1299,779,40% off,Indianwear-Women
biba,BIBA265,BIBA265 - Indianwear-Women,printed cotton round neck womens salwar kurta dupatta set - yellow,"Size:32,34,36,38,40",Rs.,3299,1979,40% off,Indianwear-Women
biba,BIBA266,BIBA266 - Indianwear-Women,womens light pink viscose kurta dress - baby pink,"Size:36,38",Rs.,2999,1499,50% off,Indianwear-Women
biba,BIBA267,BIBA267 - Indianwear-Women,yarndyed band collar flared womens kurta - multi,Size:42,Rs.,1999,1199,40% off,Indianwear-Women
biba,BIBA268,BIBA268 - Indianwear-Women,printed v neck cotton womens kurta palazzo - blue,"Size:36,38",Rs.,3599,2879,20% off,Indianwear-Women
biba,BIBA269,BIBA269 - Indianwear-Women,printed band collar flared womens kurta - indigo,Size:42,Rs.,1999,1599,20% off,Indianwear-Women
biba,BIBA270,BIBA270 - Indianwear-Women,flared fit polyester womens festive wear skirt - black,Size:Large,Rs.,4599,3219,30% off,Indianwear-Women
biba,BIBA271,BIBA271 - Indianwear-Women,printed polyester shirt collar womens palazzo kurta dupatta set - red,Size:34,Rs.,5995,3597,40% off,Indianwear-Women
biba,BIBA272,BIBA272 - Indianwear-Women,solid narrow cotton womens pants - natural,"Size:Large,Medium,Small,X-Large",Rs.,8.9,999,10% off,Indianwear-Women
biba,BIBA273,BIBA273 - Indianwear-Women,embroidered silk cotton womens formal scarf - mustard,Nan,Rs.,999,599,40% off,Indianwear-Women
biba,BIBA274,BIBA274 - Indianwear-Women,round neck cotton straight fit womens dresses - carbon,"Size:34,36,38,40",Rs.,3299,2639,20% off,Indianwear-Women
biba,BIBA275,BIBA275 - Indianwear-Women,printed round neck modal womens anarkali kurta - red,Size:38,Rs.,2799,1679,40% off,Indianwear-Women
biba,BIBA276,BIBA276 - Indianwear-Women,printed polyester round neck womens straight fit kurta - multi,Size:34,Rs.,1799,1079,40% off,Indianwear-Women
biba,BIBA277,BIBA277 - Indianwear-Women,yarn dyed round neck polyester womens straight kurta - natural,"Size:32,34,36",Rs.,1799,1079,40% off,Indianwear-Women
biba,BIBA278,BIBA278 - Indianwear-Women,printed polyester round neck womens straight fit kurta - multi,"Size:32,34,36,38,40,42",Rs.,1999,1199,40% off,Indianwear-Women
biba,BIBA279,BIBA279 - Indianwear-Women,printed shirt collar cotton womens flared dress - black,"Size:34,36,38,42",Rs.,3999,2399,40% off,Indianwear-Women
biba,BIBA280,BIBA280 - Indianwear-Women,printed round neck viscose womens straight fit dress - red,Size:32,Rs.,4995,2997,40% off,Indianwear-Women
biba,BIBA281,BIBA281 - Indianwear-Women,solid narrow cotton flax womens pants - navy,"Size:Large,Medium,Small,X-Large,XX-Large",Rs.,0.9,899,10% off,Indianwear-Women
biba,BIBA282,BIBA282 - Indianwear-Women,printed cotton round neck womens straight fit kurta - peacock,"Size:32,34,36,38",Rs.,3299,1979,40% off,Indianwear-Women
biba,BIBA283,BIBA283 - Indianwear-Women,rayon woven womens palazzo - indigo,"Size:Medium,Small",Rs.,8.9,999,10% off,Indianwear-Women
biba,BIBA284,BIBA284 - Indianwear-Women,printed silk cotton round neck womens layered kurta - navy,Size:34,Rs.,4595,2757,40% off,Indianwear-Women
biba,BIBA285,BIBA285 - Indianwear-Women,yarn dyed polyester boat neck womens ethnic set - green,"Size:34,36,38",Rs.,2999,1799,40% off,Indianwear-Women
biba,BIBA286,BIBA286 - Indianwear-Women,solid embroidered polyester boat neck womens palazzo kurta dupatta set - red,"Size:32,38",Rs.,2999,2099,30% off,Indianwear-Women
biba,BIBA287,BIBA287 - Indianwear-Women,fitted polyester viscose womens classics skirt - red,"Size:Large,Medium,XX-Large",Rs.,3999,2399,40% off,Indianwear-Women
biba,BIBA288,BIBA288 - Indianwear-Women,printed polyester round neck womens pant kurta dupatta set - berry,Size:42,Rs.,3299,2309,30% off,Indianwear-Women
biba,BIBA289,BIBA289 - Indianwear-Women,yarn dyed narrow fit length cotton womens pants - navy,Size:Medium,Rs.,8.9,1999,10% off,Indianwear-Women
biba,BIBA290,BIBA290 - Indianwear-Women,printed rayon round neck womens pant kurta dupatta set - multi,"Size:32,34,36",Rs.,4995,3496,30% off,Indianwear-Women
black panther,BLACK PANTHER1,BLACK PANTHER1 - Westernwear-Women,unisex regular fit socks - multi,Nan,Rs.,0.9,299,10% off,Westernwear-Women
black panther,BLACK PANTHER2,BLACK PANTHER2 - Westernwear-Women,womens stripe socks pack of 3 - multi,Nan,Rs.,0.9,299,10% off,Westernwear-Women
boucheron,BOUCHERON1,BOUCHERON1 - Fragrance-Women,womens quatre pour femme edp - 50ml,Nan,Rs.,3850,2695,30% off,Fragrance-Women
burberry,BURBERRY1,BURBERRY1 - Fragrance-Women,bby her edp 100 ml + bl 75 ml + travel sp 7.5 ml,Nan,Rs.,2.5,9075,10% off,Fragrance-Women
burberry,BURBERRY2,BURBERRY2 - Fragrance-Women,womens weekend edp - 100ml,Nan,Rs.,0,5300,10% off,Fragrance-Women
burberry,BURBERRY3,BURBERRY3 - Fragrance-Women,womens body edp - 60ml,Nan,Rs.,5,4850,10% off,Fragrance-Women
burberry,BURBERRY4,BURBERRY4 - Fragrance-Women,my burberry black - 90ml,Nan,Rs.,0,7800,10% off,Fragrance-Women
burberry,BURBERRY5,BURBERRY5 - Fragrance-Women,womens body edp - 85ml,Nan,Rs.,0,6800,10% off,Fragrance-Women
burberry,BURBERRY6,BURBERRY6 - Fragrance-Women,her intense edp - 50 ml,Nan,Rs.,0,5800,10% off,Fragrance-Women
burberry,BURBERRY7,BURBERRY7 - Fragrance-Women,womens weekend edp - 50ml,Nan,Rs.,5,4550,10% off,Fragrance-Women
burberry,BURBERRY8,BURBERRY8 - Fragrance-Women,my burberry blush edp - 90ml,Nan,Rs.,0,8600,10% off,Fragrance-Women
burberry,BURBERRY9,BURBERRY9 - Fragrance-Women,london eau de parfum - 100 ml,Nan,Rs.,5,6350,10% off,Fragrance-Women
burberry,BURBERRY10,BURBERRY10 - Fragrance-Women,her eau de parfum - 100ml,Nan,Rs.,5,8250,10% off,Fragrance-Women
burberry,BURBERRY11,BURBERRY11 - Fragrance-Women,her blossom edt - 100ml,Nan,Rs.,0,7500,10% off,Fragrance-Women
burberry,BURBERRY12,BURBERRY12 - Fragrance-Women,womens classic edp - 100ml,Nan,Rs.,5,6050,10% off,Fragrance-Women
burberry,BURBERRY13,BURBERRY13 - Fragrance-Women,womens classic edp - 50ml,Nan,Rs.,5,4550,10% off,Fragrance-Women
burberry,BURBERRY14,BURBERRY14 - Fragrance-Women,brit sheer edt - 50ml,Nan,Rs.,0,4600,10% off,Fragrance-Women
burberry,BURBERRY15,BURBERRY15 - Fragrance-Women,my burberry edp - 90ml,Nan,Rs.,0,8600,10% off,Fragrance-Women
calvin klein,CALVIN KLEIN1,CALVIN KLEIN1 - Fragrance-Women,ck one eau de toilette 100ml,Nan,Rs.,0,3600,10% off,Fragrance-Women
calvin klein,CALVIN KLEIN2,CALVIN KLEIN2 - Fragrance-Women,ck everyone eau de parfum 50 ml,Nan,Rs.,0,3200,10% off,Fragrance-Women
calvin klein,CALVIN KLEIN3,CALVIN KLEIN3 - Fragrance-Women,ck everyone eau de parfum 100 ml,Nan,Rs.,0,4700,10% off,Fragrance-Women
calvin klein,CALVIN KLEIN4,CALVIN KLEIN4 - Fragrance-Women,ck be eau de toilette 50ml,Nan,Rs.,0,2800,10% off,Fragrance-Women
calvin klein,CALVIN KLEIN5,CALVIN KLEIN5 - Fragrance-Women,ck everyone eau de parfum 200 ml,Nan,Rs.,0,6100,10% off,Fragrance-Women
calvin klein,CALVIN KLEIN6,CALVIN KLEIN6 - Fragrance-Women,ck be eau de toilette 200ml,Nan,Rs.,5,4750,10% off,Fragrance-Women
calvin klein,CALVIN KLEIN7,CALVIN KLEIN7 - Fragrance-Women,mens klein ck all eau de toilette - 200ml,Nan,Rs.,0,4800,10% off,Fragrance-Women
calvin klein,CALVIN KLEIN8,CALVIN KLEIN8 - Fragrance-Women,ck one eau de toilette 200ml,Nan,Rs.,5,5350,10% off,Fragrance-Women
calvin klein,CALVIN KLEIN9,CALVIN KLEIN9 - Fragrance-Women,ck be eau de toilette 100ml,Nan,Rs.,0,3600,10% off,Fragrance-Women
calvin klein,CALVIN KLEIN10,CALVIN KLEIN10 - Fragrance-Women,womens eternity intense eau de parfum - 50ml,Nan,Rs.,0,3700,10% off,Fragrance-Women
calvin klein,CALVIN KLEIN11,CALVIN KLEIN11 - Fragrance-Women,eternity women eau de parfum 50ml,Nan,Rs.,0,3800,10% off,Fragrance-Women
calvin klein,CALVIN KLEIN12,CALVIN KLEIN12 - Fragrance-Women,mens defy eau de toilette woody fresh 100 ml,Nan,Rs.,0,5000,10% off,Fragrance-Women
calvin klein,CALVIN KLEIN13,CALVIN KLEIN13 - Fragrance-Women,womens eterntiy air eau de perfume - 100ml,Nan,Rs.,0,5300,10% off,Fragrance-Women
calvin klein,CALVIN KLEIN14,CALVIN KLEIN14 - Fragrance-Women,eternity women eau de parfum 100ml,Nan,Rs.,5,5350,10% off,Fragrance-Women
calvin klein,CALVIN KLEIN15,CALVIN KLEIN15 - Fragrance-Women,obsessed edp for women - 100ml,Nan,Rs.,0,6200,10% off,Fragrance-Women
calvin klein,CALVIN KLEIN16,CALVIN KLEIN16 - Fragrance-Women,everyone 6.7 fl oz 200ml eau de toilette,Nan,Rs.,0,5500,10% off,Fragrance-Women
calvin klein underwear,CALVIN KLEIN UNDERWEAR1,CALVIN KLEIN UNDERWEAR1 - Westernwear-Women,solid nylon blend womens regular dress - black,"Size:S,M,L,XL,XX-Large",Rs.,2999,2099,30% off,Westernwear-Women
calvin klein underwear,CALVIN KLEIN UNDERWEAR2,CALVIN KLEIN UNDERWEAR2 - Westernwear-Women,printed polyester womens regular dress - blue,"Size:S,L,XL",Rs.,2799,1959,30% off,Westernwear-Women
campus sutra,CAMPUS SUTRA1,CAMPUS SUTRA1 - Westernwear-Women,solid crepe round neck womens dress - pink,"Size:Large,Medium,Small,X-Large",Rs.,8.9,1999,10% off,Westernwear-Women
campus sutra,CAMPUS SUTRA2,CAMPUS SUTRA2 - Westernwear-Women,solid one shoulder crepe womens dresses - navy,"Size:Large,Medium,Small,X-Large",Rs.,8.9,1999,10% off,Westernwear-Women
campus sutra,CAMPUS SUTRA3,CAMPUS SUTRA3 - Westernwear-Women,solid crepe round neck womens dress - bottle green,"Size:Large,Medium,Small,X-Large",Rs.,8.9,1999,10% off,Westernwear-Women
campus sutra,CAMPUS SUTRA4,CAMPUS SUTRA4 - Westernwear-Women,solid cotton hood womens co-ordinate set - pink,"Size:Large,Medium,Small,X-Large",Rs.,8.9,1599,10% off,Westernwear-Women
campus sutra,CAMPUS SUTRA5,CAMPUS SUTRA5 - Westernwear-Women,solid off shoulder crepe womens dresses - black,"Size:Medium,Small,X-Large",Rs.,8.9,1999,10% off,Westernwear-Women
campus sutra,CAMPUS SUTRA6,CAMPUS SUTRA6 - Westernwear-Women,solid crepe off shoulder womens top skirt set - black mix,"Size:Large,Medium,Small,X-Large",Rs.,8.9,1999,10% off,Westernwear-Women
campus sutra,CAMPUS SUTRA7,CAMPUS SUTRA7 - Westernwear-Women,womens polo neck full sleeve shirt - brown mix,Size:Small,Rs.,8.9,1399,10% off,Westernwear-Women
campus sutra,CAMPUS SUTRA8,CAMPUS SUTRA8 - Westernwear-Women,womens long sleeves solid jacket - grey,Size:Small,Rs.,8.9,2199,10% off,Westernwear-Women
campus sutra,CAMPUS SUTRA9,CAMPUS SUTRA9 - Westernwear-Women,solid cotton notched lapel womens coat - red,Size:X-Large,Rs.,8.9,4999,10% off,Westernwear-Women
campus sutra,CAMPUS SUTRA10,CAMPUS SUTRA10 - Westernwear-Women,solid crepe off shoulder womens top skirt set - black mix,"Size:Large,Medium,Small,X-Large",Rs.,8.9,1999,10% off,Westernwear-Women
campus sutra,CAMPUS SUTRA11,CAMPUS SUTRA11 - Westernwear-Women,solid crepe off shoulder womens top skirt set - black mix,"Size:Large,Medium,Small,X-Large",Rs.,8.9,1999,10% off,Westernwear-Women
campus sutra,CAMPUS SUTRA12,CAMPUS SUTRA12 - Westernwear-Women,womens knit regular fit shirt - black,Size:X-Large,Rs.,8.9,1399,10% off,Westernwear-Women
campus sutra,CAMPUS SUTRA13,CAMPUS SUTRA13 - Westernwear-Women,solid cotton hood womens co-ordinate set - black,"Size:Large,Medium,Small,X-Large",Rs.,8.9,1599,10% off,Westernwear-Women
campus sutra,CAMPUS SUTRA14,CAMPUS SUTRA14 - Westernwear-Women,solid boat neck crepe womens dresses - blue,"Size:Large,Medium,Small,X-Large",Rs.,8.9,1999,10% off,Westernwear-Women
campus sutra,CAMPUS SUTRA15,CAMPUS SUTRA15 - Westernwear-Women,solid regular cotton womens casual wear co-ordinate - wine,"Size:Large,Medium,Small,X-Large",Rs.,8.9,1599,10% off,Westernwear-Women
campus sutra,CAMPUS SUTRA16,CAMPUS SUTRA16 - Westernwear-Women,solid crepe one shoulder womens dress - yellow,"Size:Large,Medium,Small,X-Large",Rs.,8.9,1999,10% off,Westernwear-Women
campus sutra,CAMPUS SUTRA17,CAMPUS SUTRA17 - Westernwear-Women,solid crepe boat neck womens dress - black,"Size:Large,Medium,Small,X-Large",Rs.,8.9,1299,10% off,Westernwear-Women
campus sutra,CAMPUS SUTRA18,CAMPUS SUTRA18 - Westernwear-Women,solid off shoulder crepe womens dresses - royal blue,"Size:Large,Medium,Small,X-Large",Rs.,8.9,1999,10% off,Westernwear-Women
campus sutra,CAMPUS SUTRA19,CAMPUS SUTRA19 - Westernwear-Women,solid crepe round neck womens dress - black,"Size:Large,Medium,Small,X-Large",Rs.,8.9,1999,10% off,Westernwear-Women
campus sutra,CAMPUS SUTRA20,CAMPUS SUTRA20 - Westernwear-Women,solid v neck crepe womens dresses - green,"Size:Large,Medium,Small,X-Large",Rs.,8.9,1999,10% off,Westernwear-Women
campus sutra,CAMPUS SUTRA21,CAMPUS SUTRA21 - Westernwear-Women,womens short sleeves printed top - blue,"Size:Large,Medium,Small,X-Large",Rs.,8.9,1099,10% off,Westernwear-Women
campus sutra,CAMPUS SUTRA22,CAMPUS SUTRA22 - Westernwear-Women,solid regular cotton womens casual wear co-ordinate - grey,"Size:Large,Medium,Small,X-Large",Rs.,8.9,1599,10% off,Westernwear-Women
campus sutra,CAMPUS SUTRA23,CAMPUS SUTRA23 - Westernwear-Women,floral boat neck polyester womens dresses - multi,"Size:Large,Medium,Small,X-Large",Rs.,8.9,2599,10% off,Westernwear-Women
campus sutra,CAMPUS SUTRA24,CAMPUS SUTRA24 - Westernwear-Women,solid crepe off shoulder womens dress - lilac,"Size:Large,Medium,X-Large",Rs.,8.9,1999,10% off,Westernwear-Women
campus sutra,CAMPUS SUTRA25,CAMPUS SUTRA25 - Westernwear-Women,solid crepe boat neck womens dress - green,"Size:Large,Medium,Small,X-Large",Rs.,8.9,1299,10% off,Westernwear-Women
campus sutra,CAMPUS SUTRA26,CAMPUS SUTRA26 - Westernwear-Women,womens knit regular fit shirt - maroon,"Size:Small,X-Large",Rs.,8.9,1399,10% off,Westernwear-Women
campus sutra,CAMPUS SUTRA27,CAMPUS SUTRA27 - Westernwear-Women,womens hooded top - white,"Size:Large,Medium,Small,X-Large",Rs.,0.9,899,10% off,Westernwear-Women
campus sutra,CAMPUS SUTRA28,CAMPUS SUTRA28 - Westernwear-Women,solid crepe v neck womens top - pink,"Size:Large,Medium,Small,X-Large",Rs.,8.9,1299,10% off,Westernwear-Women
campus sutra,CAMPUS SUTRA29,CAMPUS SUTRA29 - Westernwear-Women,womens knit regular fit shirt - navy,"Size:Medium,X-Large",Rs.,8.9,1399,10% off,Westernwear-Women
campus sutra,CAMPUS SUTRA30,CAMPUS SUTRA30 - Westernwear-Women,solid crepe v neck womens top - wine,"Size:Large,Medium,Small,X-Large",Rs.,8.9,1299,10% off,Westernwear-Women
campus sutra,CAMPUS SUTRA31,CAMPUS SUTRA31 - Westernwear-Women,womens knit regular fit shirt - grey,"Size:Large,Medium,Small,X-Large",Rs.,8.9,1399,10% off,Westernwear-Women
campus sutra,CAMPUS SUTRA32,CAMPUS SUTRA32 - Westernwear-Women,printed cotton round neck womens top - pink,"Size:Medium,Small,X-Large",Rs.,8.9,999,10% off,Westernwear-Women
campus sutra,CAMPUS SUTRA33,CAMPUS SUTRA33 - Westernwear-Women,womens knit regular fit shirt - green mix,"Size:Large,Medium,Small",Rs.,8.9,1399,10% off,Westernwear-Women
campus sutra,CAMPUS SUTRA34,CAMPUS SUTRA34 - Westernwear-Women,printed round neck cotton womens dresses - sky blue,"Size:Large,Medium,Small,X-Large",Rs.,8.9,1499,10% off,Westernwear-Women
campus sutra,CAMPUS SUTRA35,CAMPUS SUTRA35 - Westernwear-Women,stripes round neck cotton womens dresses - navy,"Size:Small,X-Large",Rs.,8.9,1599,10% off,Westernwear-Women
campus sutra,CAMPUS SUTRA36,CAMPUS SUTRA36 - Westernwear-Women,solid one shoulder crepe womens dresses - olive,"Size:Large,Medium,Small,X-Large",Rs.,8.9,1999,10% off,Westernwear-Women
campus sutra,CAMPUS SUTRA37,CAMPUS SUTRA37 - Westernwear-Women,womens knit regular fit sweatshirt - mustard,"Size:Medium,Small,X-Large",Rs.,8.9,1399,10% off,Westernwear-Women
campus sutra,CAMPUS SUTRA38,CAMPUS SUTRA38 - Westernwear-Women,womens long sleeves solid sweatshirt - maroon,Size:Medium,Rs.,8.9,1399,10% off,Westernwear-Women
campus sutra,CAMPUS SUTRA39,CAMPUS SUTRA39 - Westernwear-Women,womens long sleeves printed top - grey,Size:X-Large,Rs.,8.9,1099,10% off,Westernwear-Women
campus sutra,CAMPUS SUTRA40,CAMPUS SUTRA40 - Westernwear-Women,solid regular cotton blend womens casual wear co-ordinate - sea green,"Size:Large,Medium,Small,X-Large",Rs.,8.9,1999,10% off,Westernwear-Women
campus sutra,CAMPUS SUTRA41,CAMPUS SUTRA41 - Westernwear-Women,floral polyester v neck womens dress - green,"Size:Large,Medium,Small,X-Large",Rs.,8.9,1999,10% off,Westernwear-Women
campus sutra,CAMPUS SUTRA42,CAMPUS SUTRA42 - Westernwear-Women,womens knit regular fit shirt - multi,"Size:Large,Medium,Small,X-Large",Rs.,8.9,1299,10% off,Westernwear-Women
campus sutra,CAMPUS SUTRA43,CAMPUS SUTRA43 - Westernwear-Women,solid velvet collar neck womens casual coat - natural,"Size:Large,Medium,Small",Rs.,8.9,4999,10% off,Westernwear-Women
campus sutra,CAMPUS SUTRA44,CAMPUS SUTRA44 - Westernwear-Women,solid round neck cotton womens dresses - orange,"Size:Large,Medium,Small,X-Large",Rs.,8.9,1499,10% off,Westernwear-Women
campus sutra,CAMPUS SUTRA45,CAMPUS SUTRA45 - Westernwear-Women,womens long sleeves solid jacket - charcoal,Size:X-Large,Rs.,8.9,1999,10% off,Westernwear-Women
campus sutra,CAMPUS SUTRA46,CAMPUS SUTRA46 - Westernwear-Women,womens knit regular fit shirt - grey,Size:Small,Rs.,8.9,1399,10% off,Westernwear-Women
campus sutra,CAMPUS SUTRA47,CAMPUS SUTRA47 - Westernwear-Women,womens long sleeves solid jacket - grey,"Size:Small,X-Large",Rs.,8.9,2099,10% off,Westernwear-Women
campus sutra,CAMPUS SUTRA48,CAMPUS SUTRA48 - Westernwear-Women,womens knit regular fit shirt - blue,"Size:Large,Medium,X-Large",Rs.,8.9,1499,10% off,Westernwear-Women
campus sutra,CAMPUS SUTRA49,CAMPUS SUTRA49 - Westernwear-Women,solid crepe off shoulder womens dress - blue,"Size:Large,Medium,Small,X-Large",Rs.,8.9,1999,10% off,Westernwear-Women
campus sutra,CAMPUS SUTRA50,CAMPUS SUTRA50 - Westernwear-Women,printed round neck cotton womens dresses - rose,"Size:Large,Medium,Small,X-Large",Rs.,8.9,1499,10% off,Westernwear-Women
campus sutra,CAMPUS SUTRA51,CAMPUS SUTRA51 - Westernwear-Women,womens solid high neck jacket - charcoal,"Size:Large,Medium,Small,X-Large",Rs.,8.9,2099,10% off,Westernwear-Women
campus sutra,CAMPUS SUTRA52,CAMPUS SUTRA52 - Westernwear-Women,womens long sleeves solid sweatshirt - mustard,"Size:Large,X-Large",Rs.,8.9,1399,10% off,Westernwear-Women
campus sutra,CAMPUS SUTRA53,CAMPUS SUTRA53 - Westernwear-Women,womens knit regular fit dresses - navy,"Size:Medium,Small,X-Large",Rs.,8.9,1399,10% off,Westernwear-Women
campus sutra,CAMPUS SUTRA54,CAMPUS SUTRA54 - Westernwear-Women,solid regular cotton womens casual wear co-ordinate - rose,"Size:Large,Medium,Small,X-Large",Rs.,8.9,1999,10% off,Westernwear-Women
campus sutra,CAMPUS SUTRA55,CAMPUS SUTRA55 - Westernwear-Women,solid crepe off shoulder womens dress - pink,"Size:Large,Medium,Small,X-Large",Rs.,8.9,1999,10% off,Westernwear-Women
campus sutra,CAMPUS SUTRA56,CAMPUS SUTRA56 - Westernwear-Women,stripes cotton hooded womens top - pink,"Size:Medium,Small,X-Large",Rs.,3.9,1049,10% off,Westernwear-Women
campus sutra,CAMPUS SUTRA57,CAMPUS SUTRA57 - Westernwear-Women,womens round neck half sleeves top - green,"Size:Large,Medium,Small,X-Large",Rs.,0.9,799,10% off,Westernwear-Women
campus sutra,CAMPUS SUTRA58,CAMPUS SUTRA58 - Westernwear-Women,womens round neck full sleeve top - maroon,"Size:Large,Medium,Small,X-Large",Rs.,0.9,799,10% off,Westernwear-Women
campus sutra,CAMPUS SUTRA59,CAMPUS SUTRA59 - Westernwear-Women,womens long sleeves checks shirt - grey,Size:X-Large,Rs.,8.9,1399,10% off,Westernwear-Women
campus sutra,CAMPUS SUTRA60,CAMPUS SUTRA60 - Westernwear-Women,womens long sleeves solid jacket - black,Size:Large,Rs.,8.9,2699,10% off,Westernwear-Women
campus sutra,CAMPUS SUTRA61,CAMPUS SUTRA61 - Westernwear-Women,graphic polyester polo neck womens top - cream,Size:Small,Rs.,8.9,999,10% off,Westernwear-Women
campus sutra,CAMPUS SUTRA62,CAMPUS SUTRA62 - Westernwear-Women,womens round neck half sleeves top - maroon,"Size:Large,Medium,Small,X-Large",Rs.,0.9,799,10% off,Westernwear-Women
campus sutra,CAMPUS SUTRA63,CAMPUS SUTRA63 - Westernwear-Women,womens long sleeves solid jacket - black,"Size:Large,Medium,X-Large",Rs.,8.9,2699,10% off,Westernwear-Women
campus sutra,CAMPUS SUTRA64,CAMPUS SUTRA64 - Westernwear-Women,womens printed hooded sweatshirt - black,"Size:Large,Small,X-Large",Rs.,8.9,1399,10% off,Westernwear-Women
campus sutra,CAMPUS SUTRA65,CAMPUS SUTRA65 - Westernwear-Women,womens polo neck full sleeve shirt - new grey,"Size:Medium,Small",Rs.,8.9,1399,10% off,Westernwear-Women
campus sutra,CAMPUS SUTRA66,CAMPUS SUTRA66 - Westernwear-Women,solid crepe boat neck womens dress - royal blue,"Size:Large,Medium,Small,X-Large",Rs.,8.9,1299,10% off,Westernwear-Women
campus sutra,CAMPUS SUTRA67,CAMPUS SUTRA67 - Westernwear-Women,solid v neck crepe womens dresses - pink,"Size:Large,Medium,Small,X-Large",Rs.,8.9,1999,10% off,Westernwear-Women
campus sutra,CAMPUS SUTRA68,CAMPUS SUTRA68 - Westernwear-Women,solid cotton notched lapel womens coat - white,Size:Medium,Rs.,8.9,4999,10% off,Westernwear-Women
campus sutra,CAMPUS SUTRA69,CAMPUS SUTRA69 - Westernwear-Women,womens solid sweatshirt - charcoal,Size:Large,Rs.,8.9,1599,10% off,Westernwear-Women
campus sutra,CAMPUS SUTRA70,CAMPUS SUTRA70 - Westernwear-Women,womens knit regular fit shirt - royal blue,"Size:Medium,Small",Rs.,8.9,1499,10% off,Westernwear-Women
campus sutra,CAMPUS SUTRA71,CAMPUS SUTRA71 - Westernwear-Women,womens solid hooded sweatshirt - denim,"Size:Small,X-Large",Rs.,8.9,1399,10% off,Westernwear-Women
campus sutra,CAMPUS SUTRA72,CAMPUS SUTRA72 - Westernwear-Women,printed cotton round neck womens top - green,"Size:Medium,Small",Rs.,8.9,999,10% off,Westernwear-Women
campus sutra,CAMPUS SUTRA73,CAMPUS SUTRA73 - Westernwear-Women,solid v neck cotton womens regular fit dress - blue,Size:Small,Rs.,8.9,1899,10% off,Westernwear-Women
campus sutra,CAMPUS SUTRA74,CAMPUS SUTRA74 - Westernwear-Women,solid crepe boat neck womens co-ordinate set - peach,"Size:Large,Medium,Small,X-Large",Rs.,8.9,1999,10% off,Westernwear-Women
campus sutra,CAMPUS SUTRA75,CAMPUS SUTRA75 - Westernwear-Women,solid v neck crepe womens dresses - wine,"Size:Large,Medium,Small",Rs.,8.9,1999,10% off,Westernwear-Women
campus sutra,CAMPUS SUTRA76,CAMPUS SUTRA76 - Westernwear-Women,womens round neck 3/4th sleeves top - brown,Size:X-Large,Rs.,0.9,699,10% off,Westernwear-Women
campus sutra,CAMPUS SUTRA77,CAMPUS SUTRA77 - Westernwear-Women,womens knit regular fit top - denim regular,"Size:Medium,Small,X-Large",Rs.,0.9,699,10% off,Westernwear-Women
campus sutra,CAMPUS SUTRA78,CAMPUS SUTRA78 - Westernwear-Women,womens round neck half sleeves top - white,"Size:Large,X-Large",Rs.,0.9,899,10% off,Westernwear-Women
campus sutra,CAMPUS SUTRA79,CAMPUS SUTRA79 - Westernwear-Women,womens long sleeves solid jacket - denim,"Size:Medium,Small",Rs.,8.9,2499,10% off,Westernwear-Women
campus sutra,CAMPUS SUTRA80,CAMPUS SUTRA80 - Westernwear-Women,printed cotton round neck womens dress - pink,"Size:Large,Medium,Small,X-Large",Rs.,8.9,1499,10% off,Westernwear-Women
campus sutra,CAMPUS SUTRA81,CAMPUS SUTRA81 - Westernwear-Women,womens solid hooded sweatshirt - denim,"Size:Large,Medium,Small,X-Large",Rs.,8.9,1299,10% off,Westernwear-Women
campus sutra,CAMPUS SUTRA82,CAMPUS SUTRA82 - Westernwear-Women,womens knit regular fit shirt - brown mix,"Size:Large,Medium,Small,X-Large",Rs.,8.9,1399,10% off,Westernwear-Women
campus sutra,CAMPUS SUTRA83,CAMPUS SUTRA83 - Westernwear-Women,printed cotton round neck womens top - maroon,"Size:Large,Medium,Small",Rs.,8.9,999,10% off,Westernwear-Women
campus sutra,CAMPUS SUTRA84,CAMPUS SUTRA84 - Westernwear-Women,womens long sleeves solid sweatshirt - denim,"Size:Medium,Small,X-Large",Rs.,3.9,1149,10% off,Westernwear-Women
campus sutra,CAMPUS SUTRA85,CAMPUS SUTRA85 - Westernwear-Women,solid peter pan collar viscose womens regular fit dress - black,Size:Medium,Rs.,8.9,1899,10% off,Westernwear-Women
campus sutra,CAMPUS SUTRA86,CAMPUS SUTRA86 - Westernwear-Women,womens solid high neck jacket - royal blue,"Size:Large,Medium",Rs.,8.9,1999,10% off,Westernwear-Women
campus sutra,CAMPUS SUTRA87,CAMPUS SUTRA87 - Westernwear-Women,printed round neck cotton womens dresses - green,"Size:Large,Medium,Small,X-Large",Rs.,8.9,1499,10% off,Westernwear-Women
campus sutra,CAMPUS SUTRA88,CAMPUS SUTRA88 - Westernwear-Women,solid v neck cotton womens regular fit dress - purple,"Size:Large,Small",Rs.,8.9,1699,10% off,Westernwear-Women
campus sutra,CAMPUS SUTRA89,CAMPUS SUTRA89 - Westernwear-Women,solid v neck crepe womens dresses - lilac,"Size:Large,Medium,Small,X-Large",Rs.,8.9,1999,10% off,Westernwear-Women
campus sutra,CAMPUS SUTRA90,CAMPUS SUTRA90 - Westernwear-Women,womens knit regular fit jacket - charcoal,"Size:Large,Medium,Small",Rs.,8.9,1999,10% off,Westernwear-Women
campus sutra,CAMPUS SUTRA91,CAMPUS SUTRA91 - Westernwear-Women,womens knit tailored fit treggings - black mix,Size:Medium,Rs.,8.9,1499,10% off,Westernwear-Women
campus sutra,CAMPUS SUTRA92,CAMPUS SUTRA92 - Westernwear-Women,printed round neck cotton womens sweatshirt - pink,Size:Small,Rs.,8.9,1699,10% off,Westernwear-Women
campus sutra,CAMPUS SUTRA93,CAMPUS SUTRA93 - Westernwear-Women,womens knit regular fit shirt - blue mix light,Size:Large,Rs.,8.9,1399,10% off,Westernwear-Women
campus sutra,CAMPUS SUTRA94,CAMPUS SUTRA94 - Westernwear-Women,womens round neck 3/4th sleeves top - charcoal,"Size:Large,X-Large",Rs.,0.9,699,10% off,Westernwear-Women
campus sutra,CAMPUS SUTRA95,CAMPUS SUTRA95 - Westernwear-Women,womens long sleeves solid sweatshirt - denim,"Size:Small,X-Large",Rs.,8.9,1399,10% off,Westernwear-Women
campus sutra,CAMPUS SUTRA96,CAMPUS SUTRA96 - Westernwear-Women,womens solid high neck jacket - black,"Size:Large,Medium,X-Large",Rs.,8.9,2699,10% off,Westernwear-Women
campus sutra,CAMPUS SUTRA97,CAMPUS SUTRA97 - Westernwear-Women,solid crepe off shoulder womens top skirt set - pink,"Size:Large,Medium,Small,X-Large",Rs.,8.9,1999,10% off,Westernwear-Women
campus sutra,CAMPUS SUTRA98,CAMPUS SUTRA98 - Westernwear-Women,solid regular fit cotton womens track pants - charcoal,"Size:Large,Medium,Small,X-Large",Rs.,8.9,1799,10% off,Westernwear-Women
campus sutra,CAMPUS SUTRA99,CAMPUS SUTRA99 - Westernwear-Women,womens denim slim jeans - blue,"Size:26,28,30",Rs.,8.9,1899,10% off,Westernwear-Women
campus sutra,CAMPUS SUTRA100,CAMPUS SUTRA100 - Westernwear-Women,printed cotton round neck womens top - green,"Size:Medium,Small,X-Large",Rs.,8.9,999,10% off,Westernwear-Women
campus sutra,CAMPUS SUTRA101,CAMPUS SUTRA101 - Westernwear-Women,womens knit regular fit top - green,"Size:Small,X-Large",Rs.,8.9,999,10% off,Westernwear-Women
campus sutra,CAMPUS SUTRA102,CAMPUS SUTRA102 - Westernwear-Women,womens colour blocked hooded jacket - blue,"Size:Large,Medium,Small,X-Large",Rs.,8.9,1599,10% off,Westernwear-Women
campus sutra,CAMPUS SUTRA103,CAMPUS SUTRA103 - Westernwear-Women,womens knit regular fit t-shirt - pink,"Size:Medium,Small",Rs.,8.9,999,10% off,Westernwear-Women
campus sutra,CAMPUS SUTRA104,CAMPUS SUTRA104 - Westernwear-Women,womens knit regular fit shirt - royal blue,"Size:Large,Medium,Small,X-Large",Rs.,8.9,1399,10% off,Westernwear-Women
campus sutra,CAMPUS SUTRA105,CAMPUS SUTRA105 - Westernwear-Women,womens solid sweatshirt - charcoal,"Size:Large,Medium,X-Large",Rs.,8.9,1799,10% off,Westernwear-Women
campus sutra,CAMPUS SUTRA106,CAMPUS SUTRA106 - Westernwear-Women,womens solid high neck jacket - grey,"Size:Large,Small,X-Large",Rs.,8.9,2099,10% off,Westernwear-Women
campus sutra,CAMPUS SUTRA107,CAMPUS SUTRA107 - Westernwear-Women,womens round neck full sleeve top - white,"Size:Large,Medium,Small,X-Large",Rs.,0.9,899,10% off,Westernwear-Women
campus sutra,CAMPUS SUTRA108,CAMPUS SUTRA108 - Westernwear-Women,womens round neck full sleeve top - white,"Size:Large,X-Large",Rs.,0.9,899,10% off,Westernwear-Women
campus sutra,CAMPUS SUTRA109,CAMPUS SUTRA109 - Westernwear-Women,womens hooded top - black,Size:X-Large,Rs.,0.9,899,10% off,Westernwear-Women
campus sutra,CAMPUS SUTRA110,CAMPUS SUTRA110 - Westernwear-Women,womens cotton track pants - new grey,Size:X-Large,Rs.,8.9,1399,10% off,Westernwear-Women
campus sutra,CAMPUS SUTRA111,CAMPUS SUTRA111 - Westernwear-Women,womens colour blocked hooded sweatshirt - cream,Size:Large,Rs.,8.9,2599,10% off,Westernwear-Women
campus sutra,CAMPUS SUTRA112,CAMPUS SUTRA112 - Westernwear-Women,womens long sleeves solid jacket - black,"Size:Large,X-Large",Rs.,8.9,2599,10% off,Westernwear-Women
campus sutra,CAMPUS SUTRA113,CAMPUS SUTRA113 - Westernwear-Women,solid hooded cotton womens sweatshirt - natural,"Size:Large,Medium,Small",Rs.,8.9,2199,10% off,Westernwear-Women
campus sutra,CAMPUS SUTRA114,CAMPUS SUTRA114 - Westernwear-Women,womens knit regular fit jacket - grey,"Size:Large,Medium,Small",Rs.,8.9,1499,10% off,Westernwear-Women
campus sutra,CAMPUS SUTRA115,CAMPUS SUTRA115 - Westernwear-Women,womens long sleeves solid jacket - black,"Size:Large,Medium,Small",Rs.,8.9,2699,10% off,Westernwear-Women
carolina herrera,CAROLINA HERRERA1,CAROLINA HERRERA1 - Fragrance-Women,good girl super star eau de parfum 80 ml,Nan,Rs.,8000,6000,25% off,Fragrance-Women
carolina herrera,CAROLINA HERRERA2,CAROLINA HERRERA2 - Fragrance-Women,womens 212 sexy eau de parfum 60 ml,Nan,Rs.,5200,3900,25% off,Fragrance-Women
carolina herrera,CAROLINA HERRERA3,CAROLINA HERRERA3 - Fragrance-Women,womens good girl eau de parfum legere 50 ml,Nan,Rs.,5800,4930,15% off,Fragrance-Women
carolina herrera,CAROLINA HERRERA4,CAROLINA HERRERA4 - Fragrance-Women,womens good girl eau de parfum 80 ml,Nan,Rs.,7600,6840,10% off,Fragrance-Women
carolina herrera,CAROLINA HERRERA5,CAROLINA HERRERA5 - Fragrance-Women,womens 212 nyc deodorant 150 ml,Nan,Rs.,1600,1360,15% off,Fragrance-Women
carolina herrera,CAROLINA HERRERA6,CAROLINA HERRERA6 - Fragrance-Women,very good girl 80 ml with liquid lipstick,Nan,Rs.,5,8350,10% off,Fragrance-Women
carolina herrera,CAROLINA HERRERA7,CAROLINA HERRERA7 - Fragrance-Women,womens good girl eau de parfum legere 80 ml,Nan,Rs.,0,7600,10% off,Fragrance-Women
carolina herrera,CAROLINA HERRERA8,CAROLINA HERRERA8 - Fragrance-Women,womens 212 heroes eau de parfum 30 ml,Nan,Rs.,0,4200,10% off,Fragrance-Women
carolina herrera,CAROLINA HERRERA9,CAROLINA HERRERA9 - Fragrance-Women,very good girl eau de parfum 30 ml,Nan,Rs.,5,4350,10% off,Fragrance-Women
carolina herrera,CAROLINA HERRERA10,CAROLINA HERRERA10 - Fragrance-Women,very good girl eau de parfum 80 ml with body lotion 100 ml and miniature 7 ml,Nan,Rs.,5,8350,10% off,Fragrance-Women
carolina herrera,CAROLINA HERRERA11,CAROLINA HERRERA11 - Fragrance-Women,womens ch eau de toilette 50 ml,Nan,Rs.,5500,4125,25% off,Fragrance-Women
carolina herrera,CAROLINA HERRERA12,CAROLINA HERRERA12 - Fragrance-Women,womens 212 nyc eau de toilette 100 ml,Nan,Rs.,6900,5865,15% off,Fragrance-Women
carolina herrera,CAROLINA HERRERA13,CAROLINA HERRERA13 - Fragrance-Women,womens good girl eau de parfum 50 ml,Nan,Rs.,5800,5220,10% off,Fragrance-Women
carolina herrera,CAROLINA HERRERA14,CAROLINA HERRERA14 - Fragrance-Women,womens 212 vip sport collector edition eau de parfum 80 ml,Nan,Rs.,6700,5025,25% off,Fragrance-Women
carolina herrera,CAROLINA HERRERA15,CAROLINA HERRERA15 - Fragrance-Women,womens 212 sexy bae eau de parfum and body lotion set - 100 + 100 ml,Nan,Rs.,5,6550,10% off,Fragrance-Women
carolina herrera,CAROLINA HERRERA16,CAROLINA HERRERA16 - Fragrance-Women,womens 212 vip rose eau de parfum 50 ml,Nan,Rs.,5500,4675,15% off,Fragrance-Women
carolina herrera,CAROLINA HERRERA17,CAROLINA HERRERA17 - Fragrance-Women,womens 212 heroes eau de parfum 80 ml,Nan,Rs.,8000,7200,10% off,Fragrance-Women
carolina herrera,CAROLINA HERRERA18,CAROLINA HERRERA18 - Fragrance-Women,womens 212 heroes eau de parfum 50 ml,Nan,Rs.,6100,5490,10% off,Fragrance-Women
carolina herrera,CAROLINA HERRERA19,CAROLINA HERRERA19 - Fragrance-Women,womens 212 nyc eau de toilette 60 ml,Nan,Rs.,5200,4420,15% off,Fragrance-Women
carolina herrera,CAROLINA HERRERA20,CAROLINA HERRERA20 - Fragrance-Women,very good girl eau de parfum 50 ml with body lotion 100 ml,Nan,Rs.,0,6400,10% off,Fragrance-Women
carolina herrera,CAROLINA HERRERA21,CAROLINA HERRERA21 - Fragrance-Women,womens 212 vip rose eau de parfum 80 ml,Nan,Rs.,7200,6120,15% off,Fragrance-Women
carolina herrera,CAROLINA HERRERA22,CAROLINA HERRERA22 - Fragrance-Women,womens 212 heroes eau de parfum 80 ml with body lotion 100 ml,Nan,Rs.,0,8000,10% off,Fragrance-Women
carolina herrera,CAROLINA HERRERA23,CAROLINA HERRERA23 - Fragrance-Women,womens 212 vip rose sport collector edition eau de parfum 80 ml,Nan,Rs.,6700,5025,25% off,Fragrance-Women
carolina herrera,CAROLINA HERRERA24,CAROLINA HERRERA24 - Fragrance-Women,womens 212 vip eau de parfum 50 ml - multi,Nan,Rs.,5500,4675,15% off,Fragrance-Women
carolina herrera,CAROLINA HERRERA25,CAROLINA HERRERA25 - Fragrance-Women,unisex 212 vip rose eau de parfum and body lotion set,Nan,Rs.,2.5,6875,10% off,Fragrance-Women
casio,CASIO1,CASIO1 - Watches-Women,unisex vintage two tone dial metallic digital watch - d133,Nan,Rs.,2695,2425,10% off,Watches-Women
casio,CASIO2,CASIO2 - Watches-Women,unisex vintage rose gold dial digital watch - wcad217,Nan,Rs.,4895,4405,10% off,Watches-Women
casio,CASIO3,CASIO3 - Watches-Women,vintage vintage collection mens stainless steel digital watch - b640wd-1avdf (d129),Nan,Rs.,4.5,2695,10% off,Watches-Women
casio,CASIO4,CASIO4 - Watches-Women,womens enticer analogue leather watch - a1232,Nan,Rs.,3795,2656,30% off,Watches-Women
casio,CASIO5,CASIO5 - Watches-Women,unisex vintage rose gold dial digital watch - wcad216,Nan,Rs.,5995,5395,10% off,Watches-Women
casio,CASIO6,CASIO6 - Watches-Women,unisex vintage grey dial metallic digital watch - d171,Nan,Rs.,5295,4765,10% off,Watches-Women
casio,CASIO7,CASIO7 - Watches-Women,youth vintage series mens stainless steel analogue-digital watch - aq-230a-1dmq (ad01),Nan,Rs.,2395,2155,10% off,Watches-Women
casio,CASIO8,CASIO8 - Watches-Women,womens enticer rose gold stainless steel analog watch - a1995,Nan,Rs.,7495,5246,30% off,Watches-Women
casio,CASIO9,CASIO9 - Watches-Women,unisex g-shock rose gold dial resin analogue-digital watch - ga-800,Nan,Rs.,7495,5246,30% off,Watches-Women
casio,CASIO10,CASIO10 - Watches-Women,unisex vintage rose gold dial steel digital watch - d197,Nan,Rs.,11995,10795,10% off,Watches-Women
casio,CASIO11,CASIO11 - Watches-Women,womens enticer green stainless steel analog watch - a1999,Nan,Rs.,4995,3496,30% off,Watches-Women
casio,CASIO12,CASIO12 - Watches-Women,unisex 30-39 mm vintage gold dial metal digital watch - d240,Nan,Rs.,5495,4945,10% off,Watches-Women
casio,CASIO13,CASIO13 - Watches-Women,womens 40-49 mm g-shock black dial resin digital watch - g1070,Nan,Rs.,13495,10796,20% off,Watches-Women
casio,CASIO14,CASIO14 - Watches-Women,womens enticer analogue black dial metallic watch - a1547,Nan,Rs.,6495,4546,30% off,Watches-Women
casio,CASIO15,CASIO15 - Watches-Women,unisex vintage gold dial steel digital watch - d198,Nan,Rs.,5295,4765,10% off,Watches-Women
casio,CASIO16,CASIO16 - Watches-Women,unisex 30-39 mm vintage silver dial metal digital watch - d148,Nan,Rs.,5295,4765,10% off,Watches-Women
casio,CASIO17,CASIO17 - Watches-Women,unisex vintage gold dial steel digital watch - d188,Nan,Rs.,5995,4796,20% off,Watches-Women
casio,CASIO18,CASIO18 - Watches-Women,womens 35-45 mm black dial stainless steel analogue watch - a1955,Nan,Rs.,4995,4495,10% off,Watches-Women
casio,CASIO19,CASIO19 - Watches-Women,womens sheen off white dial mesh band analogue watch - sx276,Nan,Rs.,11995,8396,30% off,Watches-Women
casio,CASIO20,CASIO20 - Watches-Women,unisex 36 mm vintage black dial metal digital watch,Nan,Rs.,5495,4945,10% off,Watches-Women
casio,CASIO21,CASIO21 - Watches-Women,unisex vintage rose gold dial steel digital watch - d195,Nan,Rs.,11995,9596,20% off,Watches-Women
casio,CASIO22,CASIO22 - Watches-Women,unisex silver dial stainless steel digital watch,Nan,Rs.,2695,2156,20% off,Watches-Women
casio,CASIO23,CASIO23 - Watches-Women,unisex vintage rose gold dial digital watch - wcad214,Nan,Rs.,2495,2245,10% off,Watches-Women
casio,CASIO24,CASIO24 - Watches-Women,womens 45 mm g-shock grey dial resin analog-digital watch,Nan,Rs.,9295,8365,10% off,Watches-Women
casio,CASIO25,CASIO25 - Watches-Women,unisex gold dial stainless steel digital watch,Nan,Rs.,5495,4945,10% off,Watches-Women
casio,CASIO26,CASIO26 - Watches-Women,unisex vintage silver dial steel digital watch - d194,Nan,Rs.,8495,6796,20% off,Watches-Women
casio,CASIO27,CASIO27 - Watches-Women,mens enticer ltp-v300d-2audf (a1147) enticer watch,Nan,Rs.,3995,3196,20% off,Watches-Women
casio,CASIO28,CASIO28 - Watches-Women,mens vintage digital stainless steel watch - db36,Nan,Rs.,3095,2785,10% off,Watches-Women
casio,CASIO29,CASIO29 - Watches-Women,womens enticer black dial leather analogue watch - ltp-vt01l-1b,Nan,Rs.,3295,2636,20% off,Watches-Women
casio,CASIO30,CASIO30 - Watches-Women,womens 40-49 mm sheen rose gold dial metal analogue-digital watch - sx243,Nan,Rs.,10495,7346,30% off,Watches-Women
casio,CASIO31,CASIO31 - Watches-Women,womens 30-39 mm enticer black dial mesh band analogue watch - a1791,Nan,Rs.,7195,5756,20% off,Watches-Women
casio,CASIO32,CASIO32 - Watches-Women,womens enticer analogue round dial watch-a478,Nan,Rs.,4395,3955,10% off,Watches-Women
casio,CASIO33,CASIO33 - Watches-Women,womens black dial resin analog-digital watch,Nan,Rs.,9995,6996,30% off,Watches-Women
casio,CASIO34,CASIO34 - Watches-Women,womens 35-45 mm rose gold dial stainless steel analogue watch - sh252,Nan,Rs.,11995,8396,30% off,Watches-Women
casio,CASIO35,CASIO35 - Watches-Women,womens enticer black stainless steel analog watch - a1997,Nan,Rs.,3795,3415,10% off,Watches-Women
casio,CASIO36,CASIO36 - Watches-Women,womens baby-g resin analogue-digital watch - bgs-100-7a2dr,Nan,Rs.,7695,5386,30% off,Watches-Women
casio,CASIO37,CASIO37 - Watches-Women,unisex 30-39 mm vintage black dial metal digital watch - d223,Nan,Rs.,3295,2636,20% off,Watches-Women
casio,CASIO38,CASIO38 - Watches-Women,enticer ladies multi dial women's watch - a1000,Nan,Rs.,4195,2936,30% off,Watches-Women
casio,CASIO39,CASIO39 - Watches-Women,unisex vintage two tone dial metallic digital watch - d124,Nan,Rs.,3995,3595,10% off,Watches-Women
casio,CASIO40,CASIO40 - Watches-Women,unisex vintage black dial metallic digital watch - d181,Nan,Rs.,5295,4765,10% off,Watches-Women
casio,CASIO41,CASIO41 - Watches-Women,womens black dial stainless steel analog watch,Nan,Rs.,4995,3996,20% off,Watches-Women
casio,CASIO42,CASIO42 - Watches-Women,womens enticer rose gold stainless steel analog watch - a1996,Nan,Rs.,7495,5246,30% off,Watches-Women
casio,CASIO43,CASIO43 - Watches-Women,unisex silver dial stainless steel digital watch,Nan,Rs.,2695,2156,20% off,Watches-Women
casio,CASIO44,CASIO44 - Watches-Women,unisex sheen grey dial metallic digital watch - d180,Nan,Rs.,5995,5395,10% off,Watches-Women
casio,CASIO45,CASIO45 - Watches-Women,womens 35 mm sheen rose gold dial metal analog watch,Nan,Rs.,10995,9895,10% off,Watches-Women
casio,CASIO46,CASIO46 - Watches-Women,womens blue dial stainless steel analogue watch - ltp-2088d-2a1vdf,Nan,Rs.,4695,3286,30% off,Watches-Women
casio,CASIO47,CASIO47 - Watches-Women,unisex multicolor dial stainless steel digital watch,Nan,Rs.,5195,4156,20% off,Watches-Women
casio,CASIO48,CASIO48 - Watches-Women,mens youth resin analogue-digital watch - aeq-110w-3avdf,Nan,Rs.,3995,3595,10% off,Watches-Women
casio,CASIO49,CASIO49 - Watches-Women,womens baby-g pink dial analogue-digital watch - bx164,Nan,Rs.,8495,5946,30% off,Watches-Women
casio,CASIO50,CASIO50 - Watches-Women,womens 30-39 mm enticer gold dial metal analogue watch - a1916,Nan,Rs.,4995,3996,20% off,Watches-Women
casio,CASIO51,CASIO51 - Watches-Women,unisex vintage rose gold dial steel digital watch - d196,Nan,Rs.,11995,10795,10% off,Watches-Women
casio,CASIO52,CASIO52 - Watches-Women,womens enticer pink dial steel analogue watch - a1795,Nan,Rs.,4.5,7295,10% off,Watches-Women
casio,CASIO53,CASIO53 - Watches-Women,womens baby-g turquoise dial resin analogue-digital watch - bga-190gl-7bdr (bx058),Nan,Rs.,7495,5246,30% off,Watches-Women
casio,CASIO54,CASIO54 - Watches-Women,unisex 30-39 mm vintage gold dial metal digital watch - d163,Nan,Rs.,4395,3955,10% off,Watches-Women
casio,CASIO55,CASIO55 - Watches-Women,womens enticer analogue white dial metallic watch - a1548,Nan,Rs.,6495,5845,10% off,Watches-Women
casio,CASIO56,CASIO56 - Watches-Women,unisex vintage two tone dial metallic digital watch - d134,Nan,Rs.,4995,4495,10% off,Watches-Women
casio,CASIO57,CASIO57 - Watches-Women,unisex vintage silver dial steel digital watch - d193,Nan,Rs.,8295,6636,20% off,Watches-Women
casio,CASIO58,CASIO58 - Watches-Women,womens 40-49 mm g-shock white dial resin analogue-digital watch - g1110,Nan,Rs.,9295,7436,20% off,Watches-Women
casio,CASIO59,CASIO59 - Watches-Women,womens sheen black dial band analogue watch - sh233,Nan,Rs.,10995,7696,30% off,Watches-Women
casio,CASIO60,CASIO60 - Watches-Women,womens 40-49 mm sheen rose gold silver & white dial metal analogue-digital watch - sx167,Nan,Rs.,9995,6996,30% off,Watches-Women
casio,CASIO61,CASIO61 - Watches-Women,womens enticer beige dial metallic analogue watch - a1693,Nan,Rs.,6995,5596,20% off,Watches-Women
casio,CASIO62,CASIO62 - Watches-Women,womens enticer black dial metallic analogue watch - ltp-vt01d-1budf (a1622),Nan,Rs.,3795,3036,20% off,Watches-Women
casio,CASIO63,CASIO63 - Watches-Women,womens enticer leather analogue watch - a1496,Nan,Rs.,3995,2796,30% off,Watches-Women
casio,CASIO64,CASIO64 - Watches-Women,unisex gold dial stainless steel digital watch,Nan,Rs.,4495,4045,10% off,Watches-Women
casio,CASIO65,CASIO65 - Watches-Women,womens enticer rose gold dial metal analogue watch - a1853,Nan,Rs.,7295,6565,10% off,Watches-Women
casio,CASIO66,CASIO66 - Watches-Women,womens baby-g resin analogue-digital watch - bgs-100-4adr,Nan,Rs.,6995,4896,30% off,Watches-Women
casio,CASIO67,CASIO67 - Watches-Women,round analog wall clock - iq-71-9df,Nan,Rs.,4.5,1995,10% off,Watches-Women
casio,CASIO68,CASIO68 - Watches-Women,womens baby-g pink dial analogue-digital watch - bx163,Nan,Rs.,8495,6796,20% off,Watches-Women
casio,CASIO69,CASIO69 - Watches-Women,womens enticer black stainless steel analog watch - a1992,Nan,Rs.,6995,4896,30% off,Watches-Women
casio,CASIO70,CASIO70 - Watches-Women,unisex 30-39 mm vintage golden dial metal digital watch - d224,Nan,Rs.,4995,3996,20% off,Watches-Women
casio,CASIO71,CASIO71 - Watches-Women,womens enticer analogue watch-a529,Nan,Rs.,4195,2936,30% off,Watches-Women
casio,CASIO72,CASIO72 - Watches-Women,enticer - metallic strap watch with sky blue round dial,Nan,Rs.,3995,2796,30% off,Watches-Women
casio,CASIO73,CASIO73 - Watches-Women,womens outdoor rose gold dial metallic analogue watch - sh206,Nan,Rs.,10995,7696,30% off,Watches-Women
casio,CASIO74,CASIO74 - Watches-Women,womens enticer green leather analog watch - a2002,Nan,Rs.,3495,3145,10% off,Watches-Women
casio,CASIO75,CASIO75 - Watches-Women,unisex 40-49 mm vintage gold dial metal digital watch - a1867,Nan,Rs.,7195,5036,30% off,Watches-Women
casio,CASIO76,CASIO76 - Watches-Women,womens 40-49 mm sheen blue dial metal analogue-digital watch - sx237,Nan,Rs.,10995,7696,30% off,Watches-Women
casio,CASIO77,CASIO77 - Watches-Women,womens enticer black dial steel analogue watch - a1798,Nan,Rs.,6995,5596,20% off,Watches-Women
casio,CASIO78,CASIO78 - Watches-Women,womens sheen brown dial leather multi-function watch - sh215,Nan,Rs.,7695,5386,30% off,Watches-Women
casio,CASIO79,CASIO79 - Watches-Women,mens 45-55 mm black dial stainless steel analogue watch - a1941,Nan,Rs.,4395,3516,20% off,Watches-Women
casio,CASIO80,CASIO80 - Watches-Women,womens sheen black dial analogue watch - wcash238,Nan,Rs.,10995,7696,30% off,Watches-Women
casio,CASIO81,CASIO81 - Watches-Women,womens enticer pink dial leather analogue watch - a1797,Nan,Rs.,5795,4636,20% off,Watches-Women
casio,CASIO82,CASIO82 - Watches-Women,womens sheen chronograph watch-sx120,Nan,Rs.,10995,7696,30% off,Watches-Women
casio,CASIO83,CASIO83 - Watches-Women,womens 40-49 mm enticer white dial metal analogue watch - a847,Nan,Rs.,5995,4196,30% off,Watches-Women
casio,CASIO84,CASIO84 - Watches-Women,womens enticer blue dial leather analogue watch - ltp-vt01l-2b,Nan,Rs.,3295,2636,20% off,Watches-Women
casio,CASIO85,CASIO85 - Watches-Women,womens rose gold dial resin analog-digital watch,Nan,Rs.,9995,6996,30% off,Watches-Women
casio,CASIO86,CASIO86 - Watches-Women,womens enticer white dial stainless steel multi-function watch - a1602,Nan,Rs.,5995,4196,30% off,Watches-Women
casio,CASIO87,CASIO87 - Watches-Women,womens baby-g blue dial resin analogue-digital watch - bsa-b100ac-2adr,Nan,Rs.,7995,5596,30% off,Watches-Women
casio,CASIO88,CASIO88 - Watches-Women,womens enticer blue dial stainless steel analogue watch - a1588,Nan,Rs.,4995,3496,30% off,Watches-Women
casio,CASIO89,CASIO89 - Watches-Women,womens sheen analogue watch-sx130,Nan,Rs.,8795,6156,30% off,Watches-Women
casio,CASIO90,CASIO90 - Watches-Women,womens sheen gold dial analogue watch - sx271,Nan,Rs.,10995,7696,30% off,Watches-Women
casio,CASIO91,CASIO91 - Watches-Women,womens enticer silver dial metallic multi-function watch - a975,Nan,Rs.,7695,5386,30% off,Watches-Women
casio,CASIO92,CASIO92 - Watches-Women,womens enticer blue leather analog watch - a2001,Nan,Rs.,3495,3145,10% off,Watches-Women
casio,CASIO93,CASIO93 - Watches-Women,womens 35-45 mm black dial stainless steel analogue watch - a1938,Nan,Rs.,7195,6475,10% off,Watches-Women
casio,CASIO94,CASIO94 - Watches-Women,mens vintage digital watch-db27,Nan,Rs.,2695,2425,10% off,Watches-Women
casio,CASIO95,CASIO95 - Watches-Women,womens enticer white dial metallic analogue watch - ltp-vt01d-7budf (a1625),Nan,Rs.,3795,3415,10% off,Watches-Women
casio,CASIO96,CASIO96 - Watches-Women,womens enticer black dial metal analogue watch - a1852,Nan,Rs.,7295,6565,10% off,Watches-Women
casio,CASIO97,CASIO97 - Watches-Women,womens 40-49 mm baby-g black dial resin analogue-digital watch - g1164,Nan,Rs.,14495,13045,10% off,Watches-Women
casio,CASIO98,CASIO98 - Watches-Women,womens enticer blue dial leather multi-function watch - a1700,Nan,Rs.,3495,2446,30% off,Watches-Women
casio,CASIO99,CASIO99 - Watches-Women,womens enticer black stainless steel analog watch - a1994,Nan,Rs.,7195,5036,30% off,Watches-Women
casio,CASIO100,CASIO100 - Watches-Women,womens enticer blue dial stainless steel analogue watch - a1587,Nan,Rs.,5995,4196,30% off,Watches-Women
casio,CASIO101,CASIO101 - Watches-Women,unisex 40-49 mm vintage black dial metal digital watch - a1865,Nan,Rs.,7195,5036,30% off,Watches-Women
casio,CASIO102,CASIO102 - Watches-Women,womens sheen off white dial leather analogue watch - sx278,Nan,Rs.,9995,6996,30% off,Watches-Women
casio,CASIO103,CASIO103 - Watches-Women,womens baby-g resin analogue-digital watch - bgs-100-1adr,Nan,Rs.,6995,4896,30% off,Watches-Women
casio,CASIO104,CASIO104 - Watches-Women,womens 45-55 mm black dial resin analogue-digital watch - g1187,Nan,Rs.,9295,6506,30% off,Watches-Women
casio,CASIO105,CASIO105 - Watches-Women,womens 45-55 mm dial resin analogue-digital watch - bx195,Nan,Rs.,7295,6565,10% off,Watches-Women
casio,CASIO106,CASIO106 - Watches-Women,womens 35-45 mm black dial leather analogue watch - a1957,Nan,Rs.,3995,3595,10% off,Watches-Women
casio,CASIO107,CASIO107 - Watches-Women,womens sheen black dial analogue watch - wcash235,Nan,Rs.,9995,6996,30% off,Watches-Women
casio,CASIO108,CASIO108 - Watches-Women,womens 20-29 mm sheen gold dial metal analogue-digital watch - sh248,Nan,Rs.,11995,8396,30% off,Watches-Women
casio,CASIO109,CASIO109 - Watches-Women,womens 45-55 mm grey dial resin analogue-digital watch - b220,Nan,Rs.,8495,6796,20% off,Watches-Women
casio,CASIO110,CASIO110 - Watches-Women,unisex 30-39 mm vintage black dial metal digital watch - d241,Nan,Rs.,5495,4396,20% off,Watches-Women
casio,CASIO111,CASIO111 - Watches-Women,womens 30-39 mm sheen black dial metal analogue watch - sh201,Nan,Rs.,9995,6996,30% off,Watches-Women
casio,CASIO112,CASIO112 - Watches-Women,womens silver dial leather analog watch,Nan,Rs.,9995,6996,30% off,Watches-Women
casio,CASIO113,CASIO113 - Watches-Women,womens enticer pink dial leather analogue watch - a1808,Nan,Rs.,5795,4056,30% off,Watches-Women
casio,CASIO114,CASIO114 - Watches-Women,womens 40-49 mm g-shock beige dial resin analogue-digital watch - g1109,Nan,Rs.,9295,8365,10% off,Watches-Women
casio,CASIO115,CASIO115 - Watches-Women,womens enticer light gray dial stainless steel analogue watch - ltp-e162d-7adf,Nan,Rs.,4395,3076,30% off,Watches-Women
casio,CASIO116,CASIO116 - Watches-Women,womens enticer pink dial metallic analogue watch - a1731,Nan,Rs.,4395,3076,30% off,Watches-Women
casio,CASIO117,CASIO117 - Watches-Women,womens baby-g gold dial resin analogue watch - bx183,Nan,Rs.,14495,10146,30% off,Watches-Women
casio,CASIO118,CASIO118 - Watches-Women,womens enticer blue dial metallic analogue watch - a1760,Nan,Rs.,3495,2446,30% off,Watches-Women
casio,CASIO119,CASIO119 - Watches-Women,womens baby-g analogue-digital resin watch - bx106,Nan,Rs.,6995,4896,30% off,Watches-Women
casio,CASIO120,CASIO120 - Watches-Women,womens 40-49 mm baby-g pink dial resin analogue watch - b163,Nan,Rs.,7295,5106,30% off,Watches-Women
casio,CASIO121,CASIO121 - Watches-Women,womens sheen black dial analogue watch - wcash239,Nan,Rs.,11995,8396,30% off,Watches-Women
casio,CASIO122,CASIO122 - Watches-Women,unisex 40-49 mm vintage white dial metal digital watch - a1866,Nan,Rs.,5495,3846,30% off,Watches-Women
casio,CASIO123,CASIO123 - Watches-Women,womens 45-55 mm black dial resin analogue-digital watch - g1185,Nan,Rs.,14495,10146,30% off,Watches-Women
casio,CASIO124,CASIO124 - Watches-Women,womens 30-39 mm enticer black dial steel analogue watch - a1813,Nan,Rs.,7295,6565,10% off,Watches-Women
casio,CASIO125,CASIO125 - Watches-Women,womens 40-49 mm g-shock black dial resin analogue-digital watch - g1107,Nan,Rs.,9295,8365,10% off,Watches-Women
casio,CASIO126,CASIO126 - Watches-Women,ladies enticer watches - classic collection - sh20,Nan,Rs.,3295,2636,20% off,Watches-Women
casio,CASIO127,CASIO127 - Watches-Women,womens baby-g grey dial analogue-digital watch - bx116,Nan,Rs.,7995,5596,30% off,Watches-Women
casio,CASIO128,CASIO128 - Watches-Women,womens baby-g resin analogue-digital watch - bgs-100gs-7adr,Nan,Rs.,7995,5596,30% off,Watches-Women
casio,CASIO129,CASIO129 - Watches-Women,womens enticer blue dial metallic analogue watch - ltp-vt01d-2b,Nan,Rs.,3795,3036,20% off,Watches-Women
casio,CASIO130,CASIO130 - Watches-Women,womens sheen metallic analogue watch - she-3061sg-4audr,Nan,Rs.,10995,7696,30% off,Watches-Women
casio,CASIO131,CASIO131 - Watches-Women,womens 35-45 mm green dial leather analogue watch - sh257,Nan,Rs.,9995,8995,10% off,Watches-Women
casio,CASIO132,CASIO132 - Watches-Women,womens sheen white dial metallic analogue watch,Nan,Rs.,9995,6996,30% off,Watches-Women
casio,CASIO133,CASIO133 - Watches-Women,womens baby-g pink dial resin analogue-digital watch - bsa-b100-4a1dr,Nan,Rs.,7995,5596,30% off,Watches-Women
casio,CASIO134,CASIO134 - Watches-Women,womens 30-39 mm sheen silver dial leather analogue watch - sx254,Nan,Rs.,7995,5596,30% off,Watches-Women
casio,CASIO135,CASIO135 - Watches-Women,womens bga-240-1a2dr (b188) baby-g analog-digital watch,Nan,Rs.,6495,4546,30% off,Watches-Women
casio,CASIO136,CASIO136 - Watches-Women,womens enticer silver dial leather analogue watch - a1761,Nan,Rs.,3495,2446,30% off,Watches-Women
casio,CASIO137,CASIO137 - Watches-Women,womens baby-g grey dial analogue-digital watch - bx146,Nan,Rs.,8795,7915,10% off,Watches-Women
casio,CASIO138,CASIO138 - Watches-Women,womens enticer rose gold dial stainless steel analogue watch - a1590,Nan,Rs.,4995,3496,30% off,Watches-Women
casio,CASIO139,CASIO139 - Watches-Women,womens sheen off white dial mesh band analogue watch - sx277,Nan,Rs.,8795,6156,30% off,Watches-Women
casio,CASIO140,CASIO140 - Watches-Women,womens enticer analogue round dial watch-a1044,Nan,Rs.,5495,3846,30% off,Watches-Women
casio,CASIO141,CASIO141 - Watches-Women,womens rose gold dial leather analog watch,Nan,Rs.,5495,3846,30% off,Watches-Women
casio,CASIO142,CASIO142 - Watches-Women,womens 20-29 mm enticer beige dial metal analogue watch - a908,Nan,Rs.,2995,2096,30% off,Watches-Women
casio,CASIO143,CASIO143 - Watches-Women,womens 35-45 mm blue dial stainless steel analogue watch - a1939,Nan,Rs.,7195,5756,20% off,Watches-Women
casio,CASIO144,CASIO144 - Watches-Women,unisex 30-39 mm vintage golden dial metal digital watch - d226,Nan,Rs.,5495,4396,20% off,Watches-Women
casio,CASIO145,CASIO145 - Watches-Women,womens 30-39 mm enticer black dial steel analogue watch - a1794,Nan,Rs.,4.5,7295,10% off,Watches-Women
casio,CASIO146,CASIO146 - Watches-Women,womens sheen red dial metallic multi-function watch - sh212,Nan,Rs.,9995,6996,30% off,Watches-Women
casio,CASIO147,CASIO147 - Watches-Women,womens enticer pink dial steel analogue watch - a1799,Nan,Rs.,6995,6295,10% off,Watches-Women
casio,CASIO148,CASIO148 - Watches-Women,womens 43 mm baby-g pink dial resin analog-digital watch,Nan,Rs.,7995,7195,10% off,Watches-Women
casio,CASIO149,CASIO149 - Watches-Women,womens enticer two tone dial stainless steel analogue watch - a1595,Nan,Rs.,5495,3846,30% off,Watches-Women
casio,CASIO150,CASIO150 - Watches-Women,womens 20-29 mm sheen silver dial metal analogue-digital watch - sh249,Nan,Rs.,8795,7915,10% off,Watches-Women
casio,CASIO151,CASIO151 - Watches-Women,mens 40-49 mm enticer blue dial metal analogue watch - a1918,Nan,Rs.,6595,4616,30% off,Watches-Women
casio,CASIO152,CASIO152 - Watches-Women,womens enticer white dial steel analogue watch - a1807,Nan,Rs.,7295,6565,10% off,Watches-Women
casio,CASIO153,CASIO153 - Watches-Women,womens enticer two tone dial leather analogue watch - ltp-e160gl-1adf (a1641),Nan,Rs.,4395,3076,30% off,Watches-Women
casio,CASIO154,CASIO154 - Watches-Women,womens baby-g baby g two tone dial analogue-digital watch - bx157,Nan,Rs.,9995,7996,20% off,Watches-Women
casio,CASIO155,CASIO155 - Watches-Women,womens enticer ltp-v300l-1audf (a1149) enticer watch,Nan,Rs.,3795,3036,20% off,Watches-Women
casio,CASIO156,CASIO156 - Watches-Women,womens sheen analogue leather watch - sx214,Nan,Rs.,8795,6156,30% off,Watches-Women
casio,CASIO157,CASIO157 - Watches-Women,womens blue dial stainless steel analog watch,Nan,Rs.,10995,7696,30% off,Watches-Women
casio,CASIO158,CASIO158 - Watches-Women,womens sheen round dial analogue watch - sx224,Nan,Rs.,9995,6996,30% off,Watches-Women
casio,CASIO159,CASIO159 - Watches-Women,womens 40-49 mm baby-g pink dial resin analogue-digital watch - bx167,Nan,Rs.,9995,8995,10% off,Watches-Women
casio,CASIO160,CASIO160 - Watches-Women,womens enticer black dial metal analogue watch - a1854,Nan,Rs.,4.5,6795,10% off,Watches-Women
casio,CASIO161,CASIO161 - Watches-Women,womens 40-49 mm baby-g pink & white dial resin analogue watch - bx016,Nan,Rs.,9995,7996,20% off,Watches-Women
casio,CASIO162,CASIO162 - Watches-Women,womens 35 mm sheen black dial metal analog watch,Nan,Rs.,7995,7195,10% off,Watches-Women
casio,CASIO163,CASIO163 - Watches-Women,womens 40-49 mm sheen rose gold dial metal analogue-digital watch - sx223,Nan,Rs.,10495,7346,30% off,Watches-Women
casio,CASIO164,CASIO164 - Watches-Women,womens baby-g grey dial analogue-digital watch - bx171,Nan,Rs.,7495,5246,30% off,Watches-Women
casio,CASIO165,CASIO165 - Watches-Women,womens 40 mm g-shock grey dial resin analog-digital watch,Nan,Rs.,14495,13045,10% off,Watches-Women
casio,CASIO166,CASIO166 - Watches-Women,womens rose gold dial leather analog watch,Nan,Rs.,8795,6156,30% off,Watches-Women
casio,CASIO167,CASIO167 - Watches-Women,womens 45 mm g-shock green dial resin analog-digital watch,Nan,Rs.,9295,8365,10% off,Watches-Women
casio,CASIO168,CASIO168 - Watches-Women,womens 41 mm baby-g white dial resin analog-digital watch,Nan,Rs.,8495,7645,10% off,Watches-Women
casio,CASIO169,CASIO169 - Watches-Women,womens 38 mm g-shock blue dial resin digital watch,Nan,Rs.,12995,11695,10% off,Watches-Women
casio,CASIO170,CASIO170 - Watches-Women,womens 40-49 mm g-shock black dial resin analogue-digital watch - g1061,Nan,Rs.,8795,7915,10% off,Watches-Women
casio,CASIO171,CASIO171 - Watches-Women,mens g-shock gma-s120mf-4adr (g732) g-shock analog-digital watch,Nan,Rs.,9795,8815,10% off,Watches-Women
casio,CASIO172,CASIO172 - Watches-Women,womens ba-120sp-1adr (b174) baby-g analog-digital watch,Nan,Rs.,7495,5246,30% off,Watches-Women
casio,CASIO173,CASIO173 - Watches-Women,womens 35-45 mm black dial stainless steel analogue watch - a1936,Nan,Rs.,5495,4945,10% off,Watches-Women
casio,CASIO174,CASIO174 - Watches-Women,womens 40-49 mm g-shock black dial resin analogue-digital watch - g1060,Nan,Rs.,8795,7915,10% off,Watches-Women
casio,CASIO175,CASIO175 - Watches-Women,womens light brown dial leather analogue watch - ltp-2088l-9avdf,Nan,Rs.,4495,3146,30% off,Watches-Women
casio,CASIO176,CASIO176 - Watches-Women,unisex 30-39 mm vintage silver dial metal digital watch - db39,Nan,Rs.,3995,3595,10% off,Watches-Women
casio,CASIO177,CASIO177 - Watches-Women,womens enticer blue stainless steel analog watch - a1998,Nan,Rs.,3795,3415,10% off,Watches-Women
casio,CASIO178,CASIO178 - Watches-Women,womens 40-49 mm baby-g black dial resin analogue-digital watch - bx192,Nan,Rs.,11995,10795,10% off,Watches-Women
casio,CASIO179,CASIO179 - Watches-Women,womens sheen off white dial leather analogue watch - sx279,Nan,Rs.,9995,6996,30% off,Watches-Women
casio,CASIO180,CASIO180 - Watches-Women,womens 40-49 mm sheen white dial metal analogue-digital watch - sx242,Nan,Rs.,9495,6646,30% off,Watches-Women
casio,CASIO181,CASIO181 - Watches-Women,unisex 30-39 mm vintage black dial metal digital watch - d225,Nan,Rs.,4995,3996,20% off,Watches-Women
casio,CASIO182,CASIO182 - Watches-Women,womens white dial analogue watch - sx220,Nan,Rs.,8995,6296,30% off,Watches-Women
casio,CASIO183,CASIO183 - Watches-Women,womens 45 mm g-shock green dial resin analog-digital watch,Nan,Rs.,9295,8365,10% off,Watches-Women
casio,CASIO184,CASIO184 - Watches-Women,unisex g-shock champagne dial resin analogue-digital watch - ga-100mmc-1a,Nan,Rs.,8795,6156,30% off,Watches-Women
casio,CASIO185,CASIO185 - Watches-Women,womens 30-39 mm sheen beige dial leather analogue watch - sh241,Nan,Rs.,10995,9895,10% off,Watches-Women
casio,CASIO186,CASIO186 - Watches-Women,womens enticer turquoise dial stainless steel multi-function watch - a1601,Nan,Rs.,6495,4546,30% off,Watches-Women
casio,CASIO187,CASIO187 - Watches-Women,womens 40-49 mm sheen brown & rose gold dial leather analogue-digital watch - sx244,Nan,Rs.,8795,6156,30% off,Watches-Women
casio,CASIO188,CASIO188 - Watches-Women,womens enticer analogue watch-a577,Nan,Rs.,3295,2965,10% off,Watches-Women
casio,CASIO189,CASIO189 - Watches-Women,womens enticer black dial steel analogue watch - a1811,Nan,Rs.,7295,6565,10% off,Watches-Women
casio,CASIO190,CASIO190 - Watches-Women,womens sheen pink gold dial stainless steel analogue watch - she-4532pg-4audf,Nan,Rs.,9995,6996,30% off,Watches-Women
casio,CASIO191,CASIO191 - Watches-Women,womens enticer two tone dial metallic analogue watch - ltp-e160rg-9a,Nan,Rs.,4995,3496,30% off,Watches-Women
casio,CASIO192,CASIO192 - Watches-Women,womens baby-g bga-240-7adr (b190) baby-g analog-digital watch,Nan,Rs.,7195,5036,30% off,Watches-Women
casio,CASIO193,CASIO193 - Watches-Women,womens baby-g pink dial resin analogue-digital watch - bga-150pg-2b1dr,Nan,Rs.,7695,6925,10% off,Watches-Women
casio,CASIO194,CASIO194 - Watches-Women,womens enticer black dial metal analogue watch - sh234,Nan,Rs.,6795,6115,10% off,Watches-Women
casio,CASIO195,CASIO195 - Watches-Women,womens enticer white dial stainless steel analogue watch - ltp-vt01g-7budf,Nan,Rs.,4995,3996,20% off,Watches-Women
casio,CASIO196,CASIO196 - Watches-Women,womens silver dial stainless steel analog watch,Nan,Rs.,10995,7696,30% off,Watches-Women
casio,CASIO197,CASIO197 - Watches-Women,womens enticer analogue watch-sh35,Nan,Rs.,2995,2396,20% off,Watches-Women
casio,CASIO198,CASIO198 - Watches-Women,womens enticer silver dial leather analogue watch - ltp-vt01l-7b3udf (a1631),Nan,Rs.,3295,2636,20% off,Watches-Women
catwalk,CATWALK1,CATWALK1 - Footwear-Women,womens braided slip ons - gold,"Size:4,5,6",Rs.,1995,599,70% off,Footwear-Women
catwalk,CATWALK2,CATWALK2 - Footwear-Women,fabric velcro womens casual wear ballerinas - blue,"Size:4,5,6,7,8,9",Rs.,3095,1547,50% off,Footwear-Women
catwalk,CATWALK3,CATWALK3 - Footwear-Women,womens criss cross strap sandals - gold,"Size:4,5",Rs.,2695,1347,50% off,Footwear-Women
catwalk,CATWALK4,CATWALK4 - Footwear-Women,womens metallic sequined slip ons - gold,"Size:4,5,6,7",Rs.,2695,599,78% off,Footwear-Women
catwalk,CATWALK5,CATWALK5 - Footwear-Women,pu slip on womens casual platform sandals - green,"Size:4,5,6,7,8",Rs.,2095,1047,50% off,Footwear-Women
catwalk,CATWALK6,CATWALK6 - Footwear-Women,synthetic round toe womens party wear sandals - gold,"Size:4,5",Rs.,2295,1119,51% off,Footwear-Women
catwalk,CATWALK7,CATWALK7 - Footwear-Women,synthetic slip on womens party mules - gold,"Size:4,5,6,7,8,9",Rs.,3195,1597,50% off,Footwear-Women
catwalk,CATWALK8,CATWALK8 - Footwear-Women,pu buckle womens casual wear platforms - pink,"Size:4,5,6,7",Rs.,2695,1347,50% off,Footwear-Women
catwalk,CATWALK9,CATWALK9 - Footwear-Women,synthetic slip on womens occasion flats - brown,"Size:4,5,6,7,8,9",Rs.,2795,1397,50% off,Footwear-Women
catwalk,CATWALK10,CATWALK10 - Footwear-Women,womens dual-toned cut-out sneakers - blue,"Size:4,5,6,7,8",Rs.,3295,1647,50% off,Footwear-Women
catwalk,CATWALK11,CATWALK11 - Footwear-Women,pu tie up womens casual wedge sandals - black,"Size:4,5,6,7,8,9",Rs.,2395,1119,53% off,Footwear-Women
catwalk,CATWALK12,CATWALK12 - Footwear-Women,pu slip on womens casual wedge sandals - stone,"Size:4,5,6,7,8,9",Rs.,2395,1119,53% off,Footwear-Women
catwalk,CATWALK13,CATWALK13 - Footwear-Women,pu velcro womens casual flats - brown,"Size:4,5,6,7,8,9",Rs.,2895,1447,50% off,Footwear-Women
catwalk,CATWALK14,CATWALK14 - Footwear-Women,fabric buckle womens work wear pumps - brown,"Size:6,7,8,9",Rs.,2495,1247,50% off,Footwear-Women
catwalk,CATWALK15,CATWALK15 - Footwear-Women,womens metal embellished thongs - black,"Size:4,5,6,7,8,9",Rs.,2195,1097,50% off,Footwear-Women
catwalk,CATWALK16,CATWALK16 - Footwear-Women,womens chunky sole brogues - black,"Size:4,5,6,7,8,9",Rs.,2895,1447,50% off,Footwear-Women
catwalk,CATWALK17,CATWALK17 - Footwear-Women,fabric zipper womens casual wear flat sandals - black,"Size:4,5,6,7,8,9",Rs.,2195,1097,50% off,Footwear-Women
catwalk,CATWALK18,CATWALK18 - Footwear-Women,womens metallic chain link mules - black,"Size:4,5,6,7,8,9",Rs.,2495,1247,50% off,Footwear-Women
catwalk,CATWALK19,CATWALK19 - Footwear-Women,suede slipon womens work wear ballerinas - black,"Size:4,5,6,7,8,9",Rs.,2395,1119,53% off,Footwear-Women
catwalk,CATWALK20,CATWALK20 - Footwear-Women,suede buckle womens casual wear flat sandals - black,"Size:4,5,6,7,8,9",Rs.,3195,1597,50% off,Footwear-Women
catwalk,CATWALK21,CATWALK21 - Footwear-Women,womens see-through metallic slip ons - gunmetal,"Size:5,6,7,8,9",Rs.,2495,1996,20% off,Footwear-Women
catwalk,CATWALK22,CATWALK22 - Footwear-Women,womens stitch detail thong slip ons - brown,"Size:5,6",Rs.,2095,599,71% off,Footwear-Women
catwalk,CATWALK23,CATWALK23 - Footwear-Women,womens leather embellished toe ring slip ons - bronze,Size:4,Rs.,1895,599,68% off,Footwear-Women
catwalk,CATWALK24,CATWALK24 - Footwear-Women,metallic fabric slipon womens casual flats - multi,"Size:4,5,6,7,8,9",Rs.,2295,1119,51% off,Footwear-Women
catwalk,CATWALK25,CATWALK25 - Footwear-Women,fabric velcro womens casual wear ballerinas - black,"Size:4,5,6,7,8",Rs.,2795,1397,50% off,Footwear-Women
catwalk,CATWALK26,CATWALK26 - Footwear-Women,womens metallic accent slip ons - bronze,"Size:4,5,6,7,8,9",Rs.,1995,1596,20% off,Footwear-Women
catwalk,CATWALK27,CATWALK27 - Footwear-Women,synthetic tie up womens active wear sneakers - pink,"Size:4,8,9",Rs.,3495,1647,53% off,Footwear-Women
catwalk,CATWALK28,CATWALK28 - Footwear-Women,womens patent chunky sneakers - black,"Size:4,5,6,7,8,9",Rs.,2895,1447,50% off,Footwear-Women
catwalk,CATWALK29,CATWALK29 - Footwear-Women,womens metallic wood textured slip ons - gold,"Size:4,5,7,8,9",Rs.,1995,1596,20% off,Footwear-Women
catwalk,CATWALK30,CATWALK30 - Footwear-Women,patent slip on womens formal mules - black,"Size:5,6,7,8",Rs.,3195,1597,50% off,Footwear-Women
catwalk,CATWALK31,CATWALK31 - Footwear-Women,womens hot-fix rhinestone slip ons - red,"Size:4,5,6,7,8,9",Rs.,2395,1119,53% off,Footwear-Women
catwalk,CATWALK32,CATWALK32 - Footwear-Women,womens hot-fix rhinestone slip ons - black,"Size:4,5,6,7,8,9",Rs.,2495,1247,50% off,Footwear-Women
catwalk,CATWALK33,CATWALK33 - Footwear-Women,womens asymmetric metallic slip ons - bronze,"Size:5,6,7",Rs.,1995,997,50% off,Footwear-Women
catwalk,CATWALK34,CATWALK34 - Footwear-Women,leather buckle womens formal wedge sandals - brown,"Size:4,5,6,7,8,9",Rs.,2495,1996,20% off,Footwear-Women
catwalk,CATWALK35,CATWALK35 - Footwear-Women,fabric slipon womens casual wear platforms - black,"Size:4,5,6",Rs.,2595,1297,50% off,Footwear-Women
catwalk,CATWALK36,CATWALK36 - Footwear-Women,fabric slipon womens casual wear platforms - black,"Size:4,5,6,7,8,9",Rs.,2095,1047,50% off,Footwear-Women
catwalk,CATWALK37,CATWALK37 - Footwear-Women,womens studded see-through slip ons - natural,"Size:4,5,6,7,8,9",Rs.,2095,1047,50% off,Footwear-Women
catwalk,CATWALK38,CATWALK38 - Footwear-Women,pu tie up womens casual wear loafers - pink,"Size:4,5,6,7,8",Rs.,2295,1119,51% off,Footwear-Women
catwalk,CATWALK39,CATWALK39 - Footwear-Women,pu slip on womens casual platform sandals - black,"Size:4,5,6,7,8",Rs.,2895,2316,20% off,Footwear-Women
catwalk,CATWALK40,CATWALK40 - Footwear-Women,synthetic round toe womens party wear sandals - silver grey,"Size:5,6,7",Rs.,2495,1247,50% off,Footwear-Women
catwalk,CATWALK41,CATWALK41 - Footwear-Women,synthetic buckle womens casual wear platforms - white,"Size:4,5,6,7,8",Rs.,2095,1676,20% off,Footwear-Women
catwalk,CATWALK42,CATWALK42 - Footwear-Women,womens solid textured slip ons - black,"Size:4,5,6,7,8,9",Rs.,1995,1596,20% off,Footwear-Women
catwalk,CATWALK43,CATWALK43 - Footwear-Women,fabric slipon womens casual wear flat sandals - pink,Size:4,Rs.,2895,1447,50% off,Footwear-Women
catwalk,CATWALK44,CATWALK44 - Footwear-Women,womens color-block platform sandals - brown,"Size:5,6,7,8",Rs.,2495,1247,50% off,Footwear-Women
catwalk,CATWALK45,CATWALK45 - Footwear-Women,womens velvet strappy slides - blue,"Size:4,5",Rs.,1895,599,68% off,Footwear-Women
catwalk,CATWALK46,CATWALK46 - Footwear-Women,fabric slipon womens casual wear platforms - bronze,"Size:5,6,7,8",Rs.,2595,1297,50% off,Footwear-Women
catwalk,CATWALK47,CATWALK47 - Footwear-Women,synthetic slip on womens party mules - multi,"Size:4,5,6,7,8,9",Rs.,2895,2316,20% off,Footwear-Women
catwalk,CATWALK48,CATWALK48 - Footwear-Women,womens pure leather stitch detailed mules - tan,"Size:4,5,6,7,8,9",Rs.,1895,1516,20% off,Footwear-Women
catwalk,CATWALK49,CATWALK49 - Footwear-Women,womens floral rim mules - blue,Size:5,Rs.,1995,599,70% off,Footwear-Women
catwalk,CATWALK50,CATWALK50 - Footwear-Women,womens dual-toned textured sandals - black,"Size:4,5,6,7,8",Rs.,1995,1596,20% off,Footwear-Women
catwalk,CATWALK51,CATWALK51 - Footwear-Women,womens criss cross sandals - black,"Size:5,6,7",Rs.,1695,847,50% off,Footwear-Women
catwalk,CATWALK52,CATWALK52 - Footwear-Women,fabric slipon womens casual wear ballerinas - blue,"Size:4,5,6,7,8,9",Rs.,3395,1697,50% off,Footwear-Women
catwalk,CATWALK53,CATWALK53 - Footwear-Women,womens glitter platform slip ons - gold,"Size:4,5,6,7,8",Rs.,2995,1996,33% off,Footwear-Women
catwalk,CATWALK54,CATWALK54 - Footwear-Women,womens velvet and glitter sneakers - grey,"Size:4,5,6,7,8,9",Rs.,3195,1597,50% off,Footwear-Women
catwalk,CATWALK55,CATWALK55 - Footwear-Women,womens metal accent thong sandals - bronze,Size:9,Rs.,1495,599,60% off,Footwear-Women
catwalk,CATWALK56,CATWALK56 - Footwear-Women,womens embroidered toe loop slip ons - bronze,Size:5,Rs.,2495,599,76% off,Footwear-Women
catwalk,CATWALK57,CATWALK57 - Footwear-Women,fabric slipon womens casual wear platforms - multi,"Size:4,5,6,7,8",Rs.,2295,1836,20% off,Footwear-Women
catwalk,CATWALK58,CATWALK58 - Footwear-Women,leather almond shape womens casual wear sandals - tan,"Size:5,6,7",Rs.,2695,2156,20% off,Footwear-Women
catwalk,CATWALK59,CATWALK59 - Footwear-Women,womens pure leather round cut-out sandals - tan,"Size:4,5,6,7,8,9",Rs.,1695,847,50% off,Footwear-Women
catwalk,CATWALK60,CATWALK60 - Footwear-Women,womens embellished toe ring slip ons - purple,Size:4,Rs.,2295,599,74% off,Footwear-Women
catwalk,CATWALK61,CATWALK61 - Footwear-Women,printed leather slipon womens casual flats - brown,"Size:5,6,7,8",Rs.,2995,1497,50% off,Footwear-Women
catwalk,CATWALK62,CATWALK62 - Footwear-Women,synthetic slip on womens athleisure sneakers - multi,"Size:4,5,6,7,8",Rs.,4095,2047,50% off,Footwear-Women
catwalk,CATWALK63,CATWALK63 - Footwear-Women,synthetic buckle womens casual wear ballerinas - black,"Size:4,5,6,7",Rs.,2995,1497,50% off,Footwear-Women
catwalk,CATWALK64,CATWALK64 - Footwear-Women,pu slipon womens casual wear flat sandals - brown,"Size:4,5,6,7,8",Rs.,2195,1756,20% off,Footwear-Women
catwalk,CATWALK65,CATWALK65 - Footwear-Women,synthetic buckle womens evening wear ballerinas - bronze,"Size:4,5,6,7,8,9",Rs.,2495,1247,50% off,Footwear-Women
catwalk,CATWALK66,CATWALK66 - Footwear-Women,solid pu slipon womens casual flats - natural,"Size:4,5,6,7,8,9",Rs.,2395,1119,53% off,Footwear-Women
catwalk,CATWALK67,CATWALK67 - Footwear-Women,synthetic buckle womens evening wear pumps - gold,"Size:4,5,6,7,8,9",Rs.,2595,2076,20% off,Footwear-Women
catwalk,CATWALK68,CATWALK68 - Footwear-Women,patent tie up womens casual wear loafers - black,"Size:4,5,6,7,8,9",Rs.,2495,1247,50% off,Footwear-Women
catwalk,CATWALK69,CATWALK69 - Footwear-Women,womens pure leather t-bar thongs - tan,"Size:4,5,6,7,8,9",Rs.,1895,1516,20% off,Footwear-Women
catwalk,CATWALK70,CATWALK70 - Footwear-Women,pu slipon womens casual wear wedges - natural,"Size:4,5,6,7,8,9",Rs.,2295,1836,20% off,Footwear-Women
catwalk,CATWALK71,CATWALK71 - Footwear-Women,fabric slip on womens party mules - white,"Size:4,5,6,7,8,9",Rs.,3095,1547,50% off,Footwear-Women
catwalk,CATWALK72,CATWALK72 - Footwear-Women,fabric buckle womens casual open toes - copper,"Size:5,6,7",Rs.,2995,2396,20% off,Footwear-Women
catwalk,CATWALK73,CATWALK73 - Footwear-Women,womens wood textured platform sandals - brown,Size:8,Rs.,1995,997,50% off,Footwear-Women
catwalk,CATWALK74,CATWALK74 - Footwear-Women,synthetic slipon womens casual flats - multi,"Size:5,6,7",Rs.,2695,2156,20% off,Footwear-Women
catwalk,CATWALK75,CATWALK75 - Footwear-Women,synthetic slipon metal embellished womens casual wedges - brown,"Size:7,8",Rs.,2595,1297,50% off,Footwear-Women
catwalk,CATWALK76,CATWALK76 - Footwear-Women,womens color splash sandals - multi,"Size:4,5,6,7",Rs.,2095,1047,50% off,Footwear-Women
catwalk,CATWALK77,CATWALK77 - Footwear-Women,womens multi strap studded sandals - black,"Size:4,5,6,7,9",Rs.,2195,1097,50% off,Footwear-Women
catwalk,CATWALK78,CATWALK78 - Footwear-Women,synthetic slipon womens evening wear wedges - gold,"Size:4,5,6,7,8,9",Rs.,1895,1516,20% off,Footwear-Women
catwalk,CATWALK79,CATWALK79 - Footwear-Women,fabric slip on womens casual flats - multi,"Size:4,5,6,7",Rs.,2595,1297,50% off,Footwear-Women
catwalk,CATWALK80,CATWALK80 - Footwear-Women,womens pearl faux fur mules - natural,"Size:4,5",Rs.,2095,599,71% off,Footwear-Women
catwalk,CATWALK81,CATWALK81 - Footwear-Women,fabric buckle womens casual flats - gold,"Size:4,5,6,7,8,9",Rs.,2695,2156,20% off,Footwear-Women
catwalk,CATWALK82,CATWALK82 - Footwear-Women,synthetic slipon womens casual wear platforms - gold,"Size:4,5,6,7,8,9",Rs.,2495,1247,50% off,Footwear-Women
catwalk,CATWALK83,CATWALK83 - Footwear-Women,synthetic slip on womens party flats - gold,"Size:4,5,6,7,8,9",Rs.,2995,1497,50% off,Footwear-Women
catwalk,CATWALK84,CATWALK84 - Footwear-Women,synthetic slip on womens casual loafers - blue,"Size:5,6,7",Rs.,2595,1297,50% off,Footwear-Women
catwalk,CATWALK85,CATWALK85 - Footwear-Women,womens pure leather dual-toned textured sandals - brown,"Size:4,5,6,7",Rs.,1795,1436,20% off,Footwear-Women
catwalk,CATWALK86,CATWALK86 - Footwear-Women,suede slipon womens casual wear ballerinas - black,"Size:4,5,6,7",Rs.,2195,1097,50% off,Footwear-Women
catwalk,CATWALK87,CATWALK87 - Footwear-Women,womens african wood embellished t-bars - brown,"Size:4,5,6",Rs.,2095,1047,50% off,Footwear-Women
catwalk,CATWALK88,CATWALK88 - Footwear-Women,womens dual-toned textured sandals - black,"Size:4,5,6,7,8",Rs.,2095,1676,20% off,Footwear-Women
catwalk,CATWALK89,CATWALK89 - Footwear-Women,synthetic round toe womens party wear sandals - copper,"Size:5,6,7",Rs.,2495,1996,20% off,Footwear-Women
catwalk,CATWALK90,CATWALK90 - Footwear-Women,womens suede chelsea boots - black,"Size:4,5,6,7,8",Rs.,2895,2316,20% off,Footwear-Women
catwalk,CATWALK91,CATWALK91 - Footwear-Women,womens criss cross metallic slip ons - bronze,Size:5,Rs.,2295,1047,54% off,Footwear-Women
catwalk,CATWALK92,CATWALK92 - Footwear-Women,printed leather slipon womens casual flats - brown,"Size:4,5,6,7,8,9",Rs.,3295,1647,50% off,Footwear-Women
catwalk,CATWALK93,CATWALK93 - Footwear-Women,synthetic slip on womens flats - multi,"Size:4,5,6,7,8,9",Rs.,1995,997,50% off,Footwear-Women
catwalk,CATWALK94,CATWALK94 - Footwear-Women,suede buckle womens casual wear flip flops - brown,"Size:4,5,6,7,8",Rs.,2995,1497,50% off,Footwear-Women
catwalk,CATWALK95,CATWALK95 - Footwear-Women,fabric slip on womens occasion wear loafers - multi,"Size:4,5,6,7,8,9",Rs.,2995,1497,50% off,Footwear-Women
catwalk,CATWALK96,CATWALK96 - Footwear-Women,fabric zipper womens casual wear flat sandals - brown,"Size:4,5,6,7,8,9",Rs.,2195,1756,20% off,Footwear-Women
catwalk,CATWALK97,CATWALK97 - Footwear-Women,womens dual-toned metallic slip ons - gold,"Size:4,5,6,7,8",Rs.,2395,1916,20% off,Footwear-Women
catwalk,CATWALK98,CATWALK98 - Footwear-Women,synthetic slip on round toe womens occasions sandals - multi,"Size:4,5,6,7,8,9",Rs.,2095,1047,50% off,Footwear-Women
catwalk,CATWALK99,CATWALK99 - Footwear-Women,leather slip on womens formal mules - brown,"Size:4,5,6,7,8,9",Rs.,2595,2076,20% off,Footwear-Women
catwalk,CATWALK100,CATWALK100 - Footwear-Women,pu tie up womens casual wear loafers - black,"Size:4,5,6,7,8,9",Rs.,2295,1119,51% off,Footwear-Women
catwalk,CATWALK101,CATWALK101 - Footwear-Women,fabric slipon womens casual wear ballerinas - tan,"Size:4,5,6,7,8,9",Rs.,2395,1119,53% off,Footwear-Women
catwalk,CATWALK102,CATWALK102 - Footwear-Women,womens embroidered monks - rose,Size:9,Rs.,1995,947,53% off,Footwear-Women
catwalk,CATWALK103,CATWALK103 - Footwear-Women,synthetic round toe womens casual wear sandals - khaki,"Size:5,6,7",Rs.,2795,2236,20% off,Footwear-Women
catwalk,CATWALK104,CATWALK104 - Footwear-Women,synthetic slip on womens casual wear sandals - gold,"Size:4,5,6,7,8,9",Rs.,2695,1347,50% off,Footwear-Women
catwalk,CATWALK105,CATWALK105 - Footwear-Women,womens panelled corporate shoes - black,"Size:4,5,6",Rs.,2595,2076,20% off,Footwear-Women
catwalk,CATWALK106,CATWALK106 - Footwear-Women,womens pure leather stitch detailed ballerinas - black,"Size:5,6,7,8,9",Rs.,1995,1596,20% off,Footwear-Women
catwalk,CATWALK107,CATWALK107 - Footwear-Women,womens pure leather braided sandals - tan,"Size:4,5,6,7,8",Rs.,1895,1516,20% off,Footwear-Women
catwalk,CATWALK108,CATWALK108 - Footwear-Women,pu slipon womens casual wear platforms - tan,"Size:4,5,6,7,8,9",Rs.,1995,1596,20% off,Footwear-Women
catwalk,CATWALK109,CATWALK109 - Footwear-Women,womens metal accent thongs - black,"Size:4,5,6,7,8,9",Rs.,2195,1756,20% off,Footwear-Women
catwalk,CATWALK110,CATWALK110 - Footwear-Women,leather tie up womens work wear loafers - brown,"Size:4,5,6,7,8,9",Rs.,2495,1996,20% off,Footwear-Women
catwalk,CATWALK111,CATWALK111 - Footwear-Women,fabric slip on womens casual mules - gold,"Size:5,6,7",Rs.,2895,2316,20% off,Footwear-Women
catwalk,CATWALK112,CATWALK112 - Footwear-Women,perforations leather tie up womens formal flats - black,"Size:4,5,6,7,8,9",Rs.,2695,1347,50% off,Footwear-Women
catwalk,CATWALK113,CATWALK113 - Footwear-Women,fabric buckle womens casual open toes - silver grey,"Size:5,6,7",Rs.,2295,1836,20% off,Footwear-Women
catwalk,CATWALK114,CATWALK114 - Footwear-Women,synthetic slipon womens casual wear platforms - silver grey,"Size:4,5,6,7,8",Rs.,2095,1047,50% off,Footwear-Women
catwalk,CATWALK115,CATWALK115 - Footwear-Women,synthetic buckle womens casual wear ballerinas - gunmetal,"Size:5,6,7",Rs.,2095,1047,50% off,Footwear-Women
catwalk,CATWALK116,CATWALK116 - Footwear-Women,womens pure leather laser-cut sandals - brown,"Size:7,8,9",Rs.,1795,1436,20% off,Footwear-Women
catwalk,CATWALK117,CATWALK117 - Footwear-Women,womens metallic accents toe ring wedges - maroon,"Size:4,5,6,7,8,9",Rs.,2195,1097,50% off,Footwear-Women
catwalk,CATWALK118,CATWALK118 - Footwear-Women,womens criss cross corporate sandals - black,"Size:5,6,7,8",Rs.,2295,1836,20% off,Footwear-Women
catwalk,CATWALK119,CATWALK119 - Footwear-Women,womens pure leather stitch detailed ballerinas - natural,"Size:4,5,6,7,8",Rs.,1995,1596,20% off,Footwear-Women
catwalk,CATWALK120,CATWALK120 - Footwear-Women,fabric slipon womens casual wear platforms - bronze,"Size:4,5,6,7,8,9",Rs.,2095,1676,20% off,Footwear-Women
catwalk,CATWALK121,CATWALK121 - Footwear-Women,patent tie up womens casual wear boots - black,"Size:4,5,6,7,8,9",Rs.,3495,2796,20% off,Footwear-Women
catwalk,CATWALK122,CATWALK122 - Footwear-Women,womens velvet strappy slides - taupe,"Size:5,7",Rs.,1895,599,68% off,Footwear-Women
catwalk,CATWALK123,CATWALK123 - Footwear-Women,suede slip on womens party platform sandals - black,"Size:4,5,6,7,8",Rs.,2495,1996,20% off,Footwear-Women
catwalk,CATWALK124,CATWALK124 - Footwear-Women,synthetic slipon womens casual wear ballerinas - gold,"Size:4,5,6,7",Rs.,2295,1836,20% off,Footwear-Women
catwalk,CATWALK125,CATWALK125 - Footwear-Women,polyurethane buckle womens ethnic open toes - brown,"Size:5,6,7",Rs.,2795,1397,50% off,Footwear-Women
catwalk,CATWALK126,CATWALK126 - Footwear-Women,womens metallic accent slip ons - gunmetal,"Size:4,5,6,7,8,9",Rs.,2195,1756,20% off,Footwear-Women
catwalk,CATWALK127,CATWALK127 - Footwear-Women,womens lace upper textured sandals - black,"Size:4,5,7,8,9",Rs.,1995,1596,20% off,Footwear-Women
catwalk,CATWALK128,CATWALK128 - Footwear-Women,synthetic slipon womens casual flats - pink,"Size:5,6,7",Rs.,2295,1836,20% off,Footwear-Women
catwalk,CATWALK129,CATWALK129 - Footwear-Women,womens shimmer criss cross slip ons - black,"Size:4,5,6,7,8,9",Rs.,2295,1836,20% off,Footwear-Women
catwalk,CATWALK130,CATWALK130 - Footwear-Women,synthetic slip on womens occasion wear loafers - pink,"Size:4,5,6,7,8,9",Rs.,2895,1447,50% off,Footwear-Women
catwalk,CATWALK131,CATWALK131 - Footwear-Women,synthetic slip on womens casual wear sandals - gold,"Size:4,5,6,7,8,9",Rs.,2795,2236,20% off,Footwear-Women
catwalk,CATWALK132,CATWALK132 - Footwear-Women,synthetic slipon womens casual wear flip flops - brown,"Size:5,6,7",Rs.,2795,1397,50% off,Footwear-Women
catwalk,CATWALK133,CATWALK133 - Footwear-Women,womens pure leather cut-out sandals - brown,"Size:4,5,6,8",Rs.,1895,1516,20% off,Footwear-Women
catwalk,CATWALK134,CATWALK134 - Footwear-Women,fabric buckle womens casual wear sandals - black,"Size:5,6,7",Rs.,2595,2076,20% off,Footwear-Women
catwalk,CATWALK135,CATWALK135 - Footwear-Women,pu slipon womens occasion wear flat sandals - gold,"Size:5,6,7",Rs.,2995,1497,50% off,Footwear-Women
catwalk,CATWALK136,CATWALK136 - Footwear-Women,womens dual-toned metallic sandals - bronze,"Size:4,5,6,7,8,9",Rs.,2095,1676,20% off,Footwear-Women
catwalk,CATWALK137,CATWALK137 - Footwear-Women,womens square toe corporate sandals - black,"Size:4,5,6,7,8",Rs.,2095,1676,20% off,Footwear-Women
catwalk,CATWALK138,CATWALK138 - Footwear-Women,patent buckle womens work wear ballerinas - black,"Size:5,6,7",Rs.,2095,1047,50% off,Footwear-Women
catwalk,CATWALK139,CATWALK139 - Footwear-Women,synthetic buckle womens casual wear flip flops - brown,"Size:5,6,7",Rs.,2995,1497,50% off,Footwear-Women
catwalk,CATWALK140,CATWALK140 - Footwear-Women,synthetic slip on womens occasion wear loafers - yellow,"Size:4,5,6,7,8,9",Rs.,2795,1397,50% off,Footwear-Women
catwalk,CATWALK141,CATWALK141 - Footwear-Women,fabric buckle womens casual mules - blue,"Size:5,6,7",Rs.,2895,2316,20% off,Footwear-Women
catwalk,CATWALK142,CATWALK142 - Footwear-Women,suede buckle womens casual wear ballerinas - toffee,"Size:4,5,6,7,8,9",Rs.,2195,1756,20% off,Footwear-Women
catwalk,CATWALK143,CATWALK143 - Footwear-Women,leather tie up womens casual wear loafers - brown,"Size:4,5,6,7,8",Rs.,2695,2156,20% off,Footwear-Women
catwalk,CATWALK144,CATWALK144 - Footwear-Women,raffia slipon womens casual wear ballerinas - gold,"Size:4,5,6,7,8",Rs.,2495,1247,50% off,Footwear-Women
catwalk,CATWALK145,CATWALK145 - Footwear-Women,synthetic slip on womens party wear sandals - gold,"Size:4,5,6,7,8,9",Rs.,2795,2236,20% off,Footwear-Women
catwalk,CATWALK146,CATWALK146 - Footwear-Women,womens metallic link slip ons - natural,"Size:4,5,6,7",Rs.,2195,1097,50% off,Footwear-Women
catwalk,CATWALK147,CATWALK147 - Footwear-Women,womens tri-strap structured lycra slides - black,"Size:4,5,6,7,8,9",Rs.,1795,1436,20% off,Footwear-Women
catwalk,CATWALK148,CATWALK148 - Footwear-Women,synthetic lace up womens occasion wear boots - tan,"Size:4,5,6,7,8,9",Rs.,4295,3436,20% off,Footwear-Women
catwalk,CATWALK149,CATWALK149 - Footwear-Women,synthetic square toe womens casual wear sandals - tan,"Size:5,6,7",Rs.,2195,1756,20% off,Footwear-Women
catwalk,CATWALK150,CATWALK150 - Footwear-Women,womens patent combat boots - black,"Size:4,5,6,7,8",Rs.,3895,3116,20% off,Footwear-Women
catwalk,CATWALK151,CATWALK151 - Footwear-Women,womens snake print sandals - natural,"Size:4,5,6,7,8",Rs.,1995,1596,20% off,Footwear-Women
catwalk,CATWALK152,CATWALK152 - Footwear-Women,womens solid-striped sandals - blue,"Size:4,5,6,7,8,9",Rs.,1995,1596,20% off,Footwear-Women
catwalk,CATWALK153,CATWALK153 - Footwear-Women,fabric slip on womens athleisure sneakers - multi,"Size:5,7",Rs.,4095,2047,50% off,Footwear-Women
catwalk,CATWALK154,CATWALK154 - Footwear-Women,womens african wood embellished sandals - brown,"Size:4,5,6,7,8,9",Rs.,1795,1436,20% off,Footwear-Women
catwalk,CATWALK155,CATWALK155 - Footwear-Women,solid pu tie up womens casual flats - blue,"Size:4,5,6,7,8,9",Rs.,2595,2076,20% off,Footwear-Women
catwalk,CATWALK156,CATWALK156 - Footwear-Women,pu slipon womens work wear flat sandals - brown,"Size:6,7",Rs.,2595,1297,50% off,Footwear-Women
catwalk,CATWALK157,CATWALK157 - Footwear-Women,raffia slipon womens casual wear ballerinas - multi,"Size:4,5,6,7,8",Rs.,2295,1119,51% off,Footwear-Women
catwalk,CATWALK158,CATWALK158 - Footwear-Women,leather slip on womens casual flip flops - natural,"Size:4,5,6,7,8,9",Rs.,1995,1596,20% off,Footwear-Women
catwalk,CATWALK159,CATWALK159 - Footwear-Women,womens metallic wood textured slip ons - bronze,"Size:6,7,8",Rs.,2195,1756,20% off,Footwear-Women
catwalk,CATWALK160,CATWALK160 - Footwear-Women,patent buckle womens work wear ballerinas - black,"Size:4,5,6,7,8,9",Rs.,2595,2076,20% off,Footwear-Women
catwalk,CATWALK161,CATWALK161 - Footwear-Women,synthetic slip on womens casual mules - gold,"Size:5,6,7",Rs.,2495,1247,50% off,Footwear-Women
catwalk,CATWALK162,CATWALK162 - Footwear-Women,pu slipon womens casual wear flat sandals - tan,"Size:4,5,6,7",Rs.,1695,847,50% off,Footwear-Women
catwalk,CATWALK163,CATWALK163 - Footwear-Women,womens woven toe loop slip ons - gold,Size:6,Rs.,2295,1119,51% off,Footwear-Women
catwalk,CATWALK164,CATWALK164 - Footwear-Women,synthetic tie up womens casual shoes - tan,"Size:5,6,7",Rs.,4095,3276,20% off,Footwear-Women
catwalk,CATWALK165,CATWALK165 - Footwear-Women,synthetic slipon womens casual wear ballerinas - gold,"Size:4,5,6,7",Rs.,2095,1047,50% off,Footwear-Women
catwalk,CATWALK166,CATWALK166 - Footwear-Women,polyurethane slipon womens ethnic clogs - yellow,"Size:5,6,7",Rs.,2895,2316,20% off,Footwear-Women
catwalk,CATWALK167,CATWALK167 - Footwear-Women,womens embellished heel slip ons - black,"Size:4,5,6,7",Rs.,2595,2076,20% off,Footwear-Women
catwalk,CATWALK168,CATWALK168 - Footwear-Women,pu slipon womens casual wear flat sandals - bronze,"Size:4,5,6,7,8,9",Rs.,2295,1836,20% off,Footwear-Women
catwalk,CATWALK169,CATWALK169 - Footwear-Women,pu round toe womens party wear sandals - silver grey,"Size:5,6,7",Rs.,2495,1996,20% off,Footwear-Women
catwalk,CATWALK170,CATWALK170 - Footwear-Women,womens metal accent thongs - natural,"Size:4,5,6,7,8,9",Rs.,2295,1836,20% off,Footwear-Women
catwalk,CATWALK171,CATWALK171 - Footwear-Women,solid patent lace up womens formal mules - black,"Size:4,5,6,7,8,9",Rs.,3095,2476,20% off,Footwear-Women
catwalk,CATWALK172,CATWALK172 - Footwear-Women,womens iridescent platform sneakers - green,"Size:4,5,6,7,8,9",Rs.,3795,3036,20% off,Footwear-Women
catwalk,CATWALK173,CATWALK173 - Footwear-Women,womens elastic ankle straps sandals - black,"Size:4,5,6,7,8,9",Rs.,1995,1596,20% off,Footwear-Women
catwalk,CATWALK174,CATWALK174 - Footwear-Women,pu slipon womens casual wear flat sandals - gunmetal,Size:6,Rs.,2395,1119,53% off,Footwear-Women
catwalk,CATWALK175,CATWALK175 - Footwear-Women,fabric slipon womens casual wear platforms - brown,"Size:4,5,6,7,8",Rs.,2695,2156,20% off,Footwear-Women
catwalk,CATWALK176,CATWALK176 - Footwear-Women,fabric buckle womens casual wear ballerinas - gold,"Size:6,7",Rs.,2495,1996,20% off,Footwear-Women
catwalk,CATWALK177,CATWALK177 - Footwear-Women,pu buckle womens occasion wear flat sandals - gold,Size:7,Rs.,2695,1347,50% off,Footwear-Women
catwalk,CATWALK178,CATWALK178 - Footwear-Women,suede tie up womens casual wear boots - brown,"Size:4,5,6,7,8,9",Rs.,3495,2796,20% off,Footwear-Women
catwalk,CATWALK179,CATWALK179 - Footwear-Women,patent slip on womens occasion wear boots - black,"Size:4,5,6,7,8,9",Rs.,4095,3276,20% off,Footwear-Women
catwalk,CATWALK180,CATWALK180 - Footwear-Women,womens textured ankle strap sandals - black,"Size:4,5,6,7,8",Rs.,2095,1676,20% off,Footwear-Women
catwalk,CATWALK181,CATWALK181 - Footwear-Women,womens metallic two-strap sandals - gold,"Size:4,5,6,7,8",Rs.,2395,1916,20% off,Footwear-Women
catwalk,CATWALK182,CATWALK182 - Footwear-Women,leather slip on womens formal flats - tan,"Size:4,5,6,7,8,9",Rs.,2495,1996,20% off,Footwear-Women
catwalk,CATWALK183,CATWALK183 - Footwear-Women,polyurethane slipon womens casual loafers - brown,"Size:5,6,7",Rs.,2895,1447,50% off,Footwear-Women
catwalk,CATWALK184,CATWALK184 - Footwear-Women,raffia slipon womens casual wear ballerinas - natural,"Size:4,5,6,7,8",Rs.,2595,2076,20% off,Footwear-Women
catwalk,CATWALK185,CATWALK185 - Footwear-Women,synthetic slipon womens casual wear ballerinas - pink,"Size:5,6,7",Rs.,2895,1447,50% off,Footwear-Women
catwalk,CATWALK186,CATWALK186 - Footwear-Women,pu slipon womens casual wear flat sandals - yellow,Size:7,Rs.,2695,1347,50% off,Footwear-Women
catwalk,CATWALK187,CATWALK187 - Footwear-Women,suede slip on womens casual wear sandals - gunmetal,"Size:4,5,6,7,8,9",Rs.,2795,2236,20% off,Footwear-Women
catwalk,CATWALK188,CATWALK188 - Footwear-Women,womens embroidered monks - multi,"Size:4,5,6,7,8,9",Rs.,2595,2076,20% off,Footwear-Women
catwalk,CATWALK189,CATWALK189 - Footwear-Women,womens embroidered toe loop thongs - multi,"Size:4,5,6,7,8,9",Rs.,2495,1996,20% off,Footwear-Women
catwalk,CATWALK190,CATWALK190 - Footwear-Women,synthetic slipon womens casual wear ballerinas - pink,"Size:5,6,7",Rs.,2695,1347,50% off,Footwear-Women
catwalk,CATWALK191,CATWALK191 - Footwear-Women,printed fabric slipon womens casual mules - brown,"Size:4,5,6,7,8,9",Rs.,3995,3196,20% off,Footwear-Women
catwalk,CATWALK192,CATWALK192 - Footwear-Women,synthetic round toe womens party wear sandals - gold,"Size:5,6,7",Rs.,5495,4396,20% off,Footwear-Women
catwalk,CATWALK193,CATWALK193 - Footwear-Women,fabric tie up womens casual wear sneakers - multi,"Size:4,5,6,7,8,9",Rs.,2895,2316,20% off,Footwear-Women
catwalk,CATWALK194,CATWALK194 - Footwear-Women,embellished fabric buckle womens casual clogs - yellow,"Size:4,5,6,7,8,9",Rs.,1995,1596,20% off,Footwear-Women
catwalk,CATWALK195,CATWALK195 - Footwear-Women,fabric buckle womens casual mules - silver grey,"Size:5,6,7",Rs.,2895,2316,20% off,Footwear-Women
catwalk,CATWALK196,CATWALK196 - Footwear-Women,embellished pu slipon womens casual flats - brown,"Size:4,5,6,7,8,9",Rs.,4295,3436,20% off,Footwear-Women
catwalk,CATWALK197,CATWALK197 - Footwear-Women,suede slip on womens occasion wear boots - black,"Size:4,5,6,7,8,9",Rs.,3695,2956,20% off,Footwear-Women
catwalk,CATWALK198,CATWALK198 - Footwear-Women,womens pure leather croc-effect thongs - tan,"Size:4,5,6,7,8,9",Rs.,1695,1356,20% off,Footwear-Women
catwalk,CATWALK199,CATWALK199 - Footwear-Women,womens pearl faux fur mules - black,Size:5,Rs.,2095,599,71% off,Footwear-Women
catwalk,CATWALK200,CATWALK200 - Footwear-Women,fabric slip on womens casual mules - multi,"Size:5,6,7",Rs.,2595,1297,50% off,Footwear-Women
catwalk,CATWALK201,CATWALK201 - Footwear-Women,womens diamond encrusted slip ons - gold,"Size:4,5,6,7,8",Rs.,2695,2156,20% off,Footwear-Women
catwalk,CATWALK202,CATWALK202 - Footwear-Women,fabric buckle womens casual sandals - black,"Size:5,6,7",Rs.,2495,1996,20% off,Footwear-Women
catwalk,CATWALK203,CATWALK203 - Footwear-Women,pu round toe womens party wear sandals - brown,"Size:5,6,7",Rs.,2895,2316,20% off,Footwear-Women
catwalk,CATWALK204,CATWALK204 - Footwear-Women,patent lace up womens formal mules - black,"Size:4,5,6,7,8,9",Rs.,3895,3116,20% off,Footwear-Women
catwalk,CATWALK205,CATWALK205 - Footwear-Women,fabric buckle womens casual sandals - black,"Size:5,6,7",Rs.,2495,1996,20% off,Footwear-Women
catwalk,CATWALK206,CATWALK206 - Footwear-Women,synthetic slipon womens casual wear ballerinas - green,"Size:5,6,7",Rs.,2695,1347,50% off,Footwear-Women
catwalk,CATWALK207,CATWALK207 - Footwear-Women,fabric tie up womens athleisure sneakers - pink,"Size:5,6,7",Rs.,3095,2476,20% off,Footwear-Women
catwalk,CATWALK208,CATWALK208 - Footwear-Women,raffia slipon womens work wear ballerinas - natural,"Size:4,5,6,7,8,9",Rs.,2795,2236,20% off,Footwear-Women
catwalk,CATWALK209,CATWALK209 - Footwear-Women,synthetic slipon womens casual wear ballerinas - stone,"Size:4,5,6,7,8",Rs.,2795,2236,20% off,Footwear-Women
catwalk,CATWALK210,CATWALK210 - Footwear-Women,pu almond shape womens casual wear sandals - brown,"Size:5,6,7",Rs.,2295,1836,20% off,Footwear-Women
catwalk,CATWALK211,CATWALK211 - Footwear-Women,fabric slipon womens work wear wedges - black,"Size:4,5,6,7,8,9",Rs.,2395,1916,20% off,Footwear-Women
catwalk,CATWALK212,CATWALK212 - Footwear-Women,suede slipon womens casual wear loafers - turquoise,"Size:5,6,7",Rs.,3095,1547,50% off,Footwear-Women
catwalk,CATWALK213,CATWALK213 - Footwear-Women,synthetic slipon womens casual wear flip flops - black,"Size:5,6,7",Rs.,2895,2316,20% off,Footwear-Women
catwalk,CATWALK214,CATWALK214 - Footwear-Women,fabric buckle womens party mules - brown,"Size:4,5,6,7,8",Rs.,3295,1647,50% off,Footwear-Women
catwalk,CATWALK215,CATWALK215 - Footwear-Women,patent slip on womens occasion wear boots - black,"Size:4,5,6,7,8,9",Rs.,4295,3436,20% off,Footwear-Women
catwalk,CATWALK216,CATWALK216 - Footwear-Women,womens solid ankle bracelet sandals - brown,"Size:4,5,6,7,8",Rs.,2095,1676,20% off,Footwear-Women
catwalk,CATWALK217,CATWALK217 - Footwear-Women,womens pure leather stitch detailed ballerinas - blue,"Size:4,5,6,7,8,9",Rs.,1995,1596,20% off,Footwear-Women
catwalk,CATWALK218,CATWALK218 - Footwear-Women,synthetic slip on womens casual loafers - natural,"Size:5,6,7",Rs.,2895,1447,50% off,Footwear-Women
catwalk,CATWALK219,CATWALK219 - Footwear-Women,patent tie up womens casual wear loafers - blue,"Size:5,6,7",Rs.,2795,1397,50% off,Footwear-Women
catwalk,CATWALK220,CATWALK220 - Footwear-Women,snake print pu slipon womens casual flats - white,"Size:5,6,7",Rs.,1895,1516,20% off,Footwear-Women
catwalk,CATWALK221,CATWALK221 - Footwear-Women,fabric slip on womens casual mules - black,"Size:5,6,7",Rs.,2595,2076,20% off,Footwear-Women
catwalk,CATWALK222,CATWALK222 - Footwear-Women,polyurethane slipon womens casual loafers - brown,"Size:5,6,7",Rs.,2895,1447,50% off,Footwear-Women
catwalk,CATWALK223,CATWALK223 - Footwear-Women,textured patent tie up womens casual boots - blue,"Size:4,5,6,7,8,9",Rs.,1995,1596,20% off,Footwear-Women
catwalk,CATWALK224,CATWALK224 - Footwear-Women,womens beaded detail t-bar flats - multi,"Size:4,5,6,7,8",Rs.,2195,1756,20% off,Footwear-Women
catwalk,CATWALK225,CATWALK225 - Footwear-Women,embellished fabric slipon womens casual sandals - brown,"Size:5,6,7",Rs.,2095,1676,20% off,Footwear-Women
catwalk,CATWALK226,CATWALK226 - Footwear-Women,pu velcro womens casual wear wedges - blue,"Size:4,5,6,7,8,9",Rs.,2895,2316,20% off,Footwear-Women
catwalk,CATWALK227,CATWALK227 - Footwear-Women,pu round toe womens casual wear sandals - gold,"Size:5,6,7",Rs.,2795,2236,20% off,Footwear-Women
catwalk,CATWALK228,CATWALK228 - Footwear-Women,embellished pu slipon womens casual flats - black,"Size:4,5,6,7,8,9",Rs.,4295,3436,20% off,Footwear-Women
catwalk,CATWALK229,CATWALK229 - Footwear-Women,synthetic slipon womens casual wear flat sandals - bronze,"Size:5,6",Rs.,2395,1916,20% off,Footwear-Women
catwalk,CATWALK230,CATWALK230 - Footwear-Women,pu slipon womens casual wear flat sandals - pink,Size:5,Rs.,2695,1347,50% off,Footwear-Women
catwalk,CATWALK231,CATWALK231 - Footwear-Women,perforations leather tie up womens formal flats - brown,"Size:4,5,6,7,8,9",Rs.,2595,1297,50% off,Footwear-Women
catwalk,CATWALK232,CATWALK232 - Footwear-Women,synthetic slipon womens casual wear ballerinas - multi,"Size:4,5,6,7",Rs.,2095,1676,20% off,Footwear-Women
catwalk,CATWALK233,CATWALK233 - Footwear-Women,embellished suede slipon womens casual mules - brown,"Size:4,5,6,7,8,9",Rs.,2395,1916,20% off,Footwear-Women
catwalk,CATWALK234,CATWALK234 - Footwear-Women,leather slip on womens casual flip flops - blue,Size:4,Rs.,1895,1516,20% off,Footwear-Women
catwalk,CATWALK235,CATWALK235 - Footwear-Women,womens suede glitter heel mules - toffee,Size:5,Rs.,2295,1836,20% off,Footwear-Women
catwalk,CATWALK236,CATWALK236 - Footwear-Women,suede slipon womens casual wear loafers - purple,"Size:5,6,7",Rs.,3095,1547,50% off,Footwear-Women
catwalk,CATWALK237,CATWALK237 - Footwear-Women,textured raffia buckle womens casual flats - navy,"Size:4,5,6,7,8,9",Rs.,2495,1996,20% off,Footwear-Women
ceriz,CERIZ1,CERIZ1 - Footwear-Women,pu slip on womens casual ballerinas - natural,"Size:35,36,37,38,39",Rs.,2099,1259,40% off,Footwear-Women
ceriz,CERIZ2,CERIZ2 - Footwear-Women,pu slip on womens casual sandals - natural,"Size:35,36,37,38,39",Rs.,2199,1319,40% off,Footwear-Women
ceriz,CERIZ3,CERIZ3 - Footwear-Women,polyurethane open toe womens casual sandals - blush,"Size:35,36,37,38,39,40,41",Rs.,8.9,2299,10% off,Footwear-Women
ceriz,CERIZ4,CERIZ4 - Footwear-Women,pu slip on womens casual ballerinas - black,"Size:35,36,37,38,39,40",Rs.,2099,1259,40% off,Footwear-Women
ceriz,CERIZ5,CERIZ5 - Footwear-Women,polyurethane pointed toe womens casual ballerinas - sage,"Size:35,36,37,38,39,40,41",Rs.,8.9,1899,10% off,Footwear-Women
ceriz,CERIZ6,CERIZ6 - Footwear-Women,polyurethane open toe womens casual sandals - sage,"Size:35,36,37,38,39,40,41",Rs.,8.9,2299,10% off,Footwear-Women
ceriz,CERIZ7,CERIZ7 - Footwear-Women,pu slip on womens casual sandals - navy,"Size:35,36,37,38,39,40",Rs.,2399,1439,40% off,Footwear-Women
ceriz,CERIZ8,CERIZ8 - Footwear-Women,pu slip on womens casual sandals - baby pink,"Size:35,36,37,38,39",Rs.,1999,1199,40% off,Footwear-Women
ceriz,CERIZ9,CERIZ9 - Footwear-Women,polyurethane pointed toe womens casual ballerinas - black,"Size:35,36,37,38,39,40,41",Rs.,8.9,1899,10% off,Footwear-Women
ceriz,CERIZ10,CERIZ10 - Footwear-Women,polyurethane round toe womens casual ballerinas - taupe,"Size:35,36,37,38,39,40,41",Rs.,8.9,2299,10% off,Footwear-Women
ceriz,CERIZ11,CERIZ11 - Footwear-Women,polyurethane pointed toe womens casual flats - black,"Size:35,36,37,38,39,40",Rs.,8.9,1599,10% off,Footwear-Women
ceriz,CERIZ12,CERIZ12 - Footwear-Women,polyurethane open toe womens casual sandals - navy,"Size:35,36,37,38,39,40,41",Rs.,8.9,2299,10% off,Footwear-Women
ceriz,CERIZ13,CERIZ13 - Footwear-Women,polyurethane round toe womens casual loafers - natural,"Size:35,36,37,38,39,40,41",Rs.,2299,1609,30% off,Footwear-Women
ceriz,CERIZ14,CERIZ14 - Footwear-Women,polyurethane round toe womens casual ballerinas - sage,"Size:35,36,37,38,39,40,41",Rs.,8.9,2299,10% off,Footwear-Women
ceriz,CERIZ15,CERIZ15 - Footwear-Women,polyurethane pointed toe womens casual pumps - natural,"Size:35,36,37,38,39,40,41",Rs.,8.9,2299,10% off,Footwear-Women
ceriz,CERIZ16,CERIZ16 - Footwear-Women,polyurethane open toe womens casual sandals - pink,"Size:35,36,37,38,39,40,41",Rs.,8.9,2199,10% off,Footwear-Women
ceriz,CERIZ17,CERIZ17 - Footwear-Women,polyurethane round toe womens casual loafers - navy,"Size:35,36,37,38,39,40,41",Rs.,1999,1399,30% off,Footwear-Women
ceriz,CERIZ18,CERIZ18 - Footwear-Women,polyurethane pointed toe womens casual pumps - black,"Size:35,36,37,38,39,40,41",Rs.,8.9,2299,10% off,Footwear-Women
ceriz,CERIZ19,CERIZ19 - Footwear-Women,polyurethane open toe womens casual sandals - grey,"Size:35,36,37,38,39,40,41",Rs.,8.9,2299,10% off,Footwear-Women
ceriz,CERIZ20,CERIZ20 - Footwear-Women,polyurethane pointed toe womens casual ballerinas - natural,"Size:35,36,37,38,39,40,41",Rs.,1899,1329,30% off,Footwear-Women
ceriz,CERIZ21,CERIZ21 - Footwear-Women,polyurethane pointed toe womens casual flats - tan,"Size:35,36,37,38,39,40",Rs.,8.9,1599,10% off,Footwear-Women
ceriz,CERIZ22,CERIZ22 - Footwear-Women,polyurethane round toe womens casual loafers - burgundy,"Size:35,36,37,38,39,40,41",Rs.,2299,1609,30% off,Footwear-Women
ceriz,CERIZ23,CERIZ23 - Footwear-Women,polyurethane open toe womens casual sandals - burgundy,"Size:35,36,37,38,39,40,41",Rs.,8.9,2199,10% off,Footwear-Women
ceriz,CERIZ24,CERIZ24 - Footwear-Women,polyurethane round toe womens sneakers - white,"Size:35,36,37,38,39,40,41",Rs.,8.9,2499,10% off,Footwear-Women
ceriz,CERIZ25,CERIZ25 - Footwear-Women,polyurethane pointed toe womens casual sandals - lilac,"Size:35,36,37,38,39,40,41",Rs.,2199,1539,30% off,Footwear-Women
ceriz,CERIZ26,CERIZ26 - Footwear-Women,polyurethane open toe womens casual sandals - grey,"Size:35,36,37,38,39,40,41",Rs.,8.9,2199,10% off,Footwear-Women
ceriz,CERIZ27,CERIZ27 - Footwear-Women,polyurethane round toe womens casual ballerinas - navy,"Size:35,36,37,38,39,40,41",Rs.,8.9,2299,10% off,Footwear-Women
ceriz,CERIZ28,CERIZ28 - Footwear-Women,polyurethane round toe womens casual ballerinas - sage,"Size:35,36,37,38,39,40",Rs.,8.9,2099,10% off,Footwear-Women
ceriz,CERIZ29,CERIZ29 - Footwear-Women,polyurethane round toe womens casual ballerinas - pink,"Size:35,36,37,38,39,40,41",Rs.,1999,1399,30% off,Footwear-Women
ceriz,CERIZ30,CERIZ30 - Footwear-Women,polyurethane open toe womens casual sandals - olive,"Size:35,36,37,38,39,40,41",Rs.,8.9,2199,10% off,Footwear-Women
ceriz,CERIZ31,CERIZ31 - Footwear-Women,polyurethane round toe womens sneakers - white,"Size:35,36,37,38,39,40,41",Rs.,2499,1749,30% off,Footwear-Women
ceriz,CERIZ32,CERIZ32 - Footwear-Women,polyurethane pointed toe womens casual sandals - natural,"Size:35,36,37,38,39,40",Rs.,8.9,1999,10% off,Footwear-Women
ceriz,CERIZ33,CERIZ33 - Footwear-Women,polyurethane round toe womens casual ballerinas - navy,"Size:35,36,37,38,39,40",Rs.,8.9,2099,10% off,Footwear-Women
ceriz,CERIZ34,CERIZ34 - Footwear-Women,polyurethane round toe womens casual loafers - navy,"Size:35,36,37,38,39,40,41",Rs.,2199,1539,30% off,Footwear-Women
ceriz,CERIZ35,CERIZ35 - Footwear-Women,pu slip on womens casual loafers - burgundy,"Size:35,36,37,38,39,40",Rs.,2299,1379,40% off,Footwear-Women
ceriz,CERIZ36,CERIZ36 - Footwear-Women,polyurethane pointed toe womens casual ballerinas - mint,"Size:35,36,37,38,39,40,41",Rs.,8.9,1799,10% off,Footwear-Women
ceriz,CERIZ37,CERIZ37 - Footwear-Women,polyurethane pointed toe womens casual ballerinas - black,"Size:35,36,37,38,39,40,41",Rs.,1899,1329,30% off,Footwear-Women
ceriz,CERIZ38,CERIZ38 - Footwear-Women,polyurethane round toe womens casual loafers - sand,"Size:35,36,37,38,39,40,41",Rs.,1999,1399,30% off,Footwear-Women
ceriz,CERIZ39,CERIZ39 - Footwear-Women,pu slip on womens casual loafers - navy,"Size:35,36,37,38,39,40",Rs.,2199,1319,40% off,Footwear-Women
ceriz,CERIZ40,CERIZ40 - Footwear-Women,polyurethane pointed toe womens casual sandals - navy,"Size:35,36,37,38,39,40,41",Rs.,2199,1539,30% off,Footwear-Women
ceriz,CERIZ41,CERIZ41 - Footwear-Women,polyurethane round toe womens casual loafers - grey,"Size:35,36,37,38,39,40,41",Rs.,2199,1539,30% off,Footwear-Women
ceriz,CERIZ42,CERIZ42 - Footwear-Women,pu zipper womens casual boots - black,"Size:35,36,37,38,39,40",Rs.,2499,1499,40% off,Footwear-Women
ceriz,CERIZ43,CERIZ43 - Footwear-Women,polyurethane pointed toe womens casual sandals - navy,"Size:35,36,37,38,39,40,41",Rs.,8.9,2199,10% off,Footwear-Women
ceriz,CERIZ44,CERIZ44 - Footwear-Women,polyurethane open toe womens casual sandals - grey,"Size:35,36,37,38,39,40,41",Rs.,2299,1609,30% off,Footwear-Women
ceriz,CERIZ45,CERIZ45 - Footwear-Women,polyurethane round toe womens casual ballerinas - pink,"Size:35,36,37,38,39,40,41",Rs.,8.9,2299,10% off,Footwear-Women
ceriz,CERIZ46,CERIZ46 - Footwear-Women,pu zipper womens casual boots - camel,"Size:35,36,37,38,39,40",Rs.,2499,1499,40% off,Footwear-Women
ceriz,CERIZ47,CERIZ47 - Footwear-Women,polyurethane open toe womens casual sandals - rose gold,"Size:35,36,37,38,39,40,41",Rs.,8.9,2299,10% off,Footwear-Women
ceriz,CERIZ48,CERIZ48 - Footwear-Women,artificial leather open toe womens casual sandals - blue,Size:36,Rs.,2199,1099,50% off,Footwear-Women
ceriz,CERIZ49,CERIZ49 - Footwear-Women,polyurethane round toe womens casual loafers - black,"Size:35,36,37,38,39,40",Rs.,8.9,2299,10% off,Footwear-Women
ceriz,CERIZ50,CERIZ50 - Footwear-Women,polyurethane pointed toe womens casual ballerinas - mustard,"Size:35,36,37,38,39,40,41",Rs.,8.9,1799,10% off,Footwear-Women
ceriz,CERIZ51,CERIZ51 - Footwear-Women,polyurethane pointed toe womens casual flats - sage,"Size:35,36,37,38,39,40",Rs.,1699,1189,30% off,Footwear-Women
ceriz,CERIZ52,CERIZ52 - Footwear-Women,polyurethane pointed toe womens casual flats - tan,"Size:35,36,37,38,39,40",Rs.,1699,1189,30% off,Footwear-Women
ceriz,CERIZ53,CERIZ53 - Footwear-Women,polyurethane round toe womens casual ballerinas - mint,"Size:35,36,37,38,39,40,41",Rs.,1999,1399,30% off,Footwear-Women
ceriz,CERIZ54,CERIZ54 - Footwear-Women,pu slip on womens casual loafers - navy,"Size:35,36,37,38,39,40",Rs.,2299,1379,40% off,Footwear-Women
ceriz,CERIZ55,CERIZ55 - Footwear-Women,artificial leather womens casual sandals - rose gold,Size:37,Rs.,2199,1099,50% off,Footwear-Women
ceriz,CERIZ56,CERIZ56 - Footwear-Women,polyurethane open toe womens casual sandals - mustard,"Size:35,36,37,38,39,40,41",Rs.,2299,1609,30% off,Footwear-Women
ceriz,CERIZ57,CERIZ57 - Footwear-Women,polyurethane pointed toe womens casual sandals - natural,"Size:35,36,37,38,39,40",Rs.,2199,1539,30% off,Footwear-Women
ceriz,CERIZ58,CERIZ58 - Footwear-Women,pu slip on womens casual sandals - navy,"Size:36,38,39",Rs.,1999,1199,40% off,Footwear-Women
ceriz,CERIZ59,CERIZ59 - Footwear-Women,polyurethane pointed toe womens casual flats - black,"Size:35,36,37,38,39,40",Rs.,1499,1049,30% off,Footwear-Women
ceriz,CERIZ60,CERIZ60 - Footwear-Women,artificial leather womens loafers - pink,Size:39,Rs.,2199,1099,50% off,Footwear-Women
ceriz,CERIZ61,CERIZ61 - Footwear-Women,synthetic square toe womens casual ballerinas - navy,Size:36,Rs.,1999,999,50% off,Footwear-Women
ceriz,CERIZ62,CERIZ62 - Footwear-Women,polyurethane pointed toe womens casual sandals - pewter,"Size:35,36,37,38,39,40",Rs.,2199,1539,30% off,Footwear-Women
ceriz,CERIZ63,CERIZ63 - Footwear-Women,synthetic open toe womens casual flats - cream,"Size:36,38",Rs.,1299,649,50% off,Footwear-Women
ceriz,CERIZ64,CERIZ64 - Footwear-Women,pu slip on womens casual sandals - olive,"Size:35,36,37,38,39,40",Rs.,2399,1439,40% off,Footwear-Women
ceriz,CERIZ65,CERIZ65 - Footwear-Women,pu zipper womens casual boots - brown,"Size:37,38",Rs.,2699,1619,40% off,Footwear-Women
ceriz,CERIZ66,CERIZ66 - Footwear-Women,polyurethane open toe womens casual sandals - blue,"Size:35,36,37,38,39,40,41",Rs.,2299,1609,30% off,Footwear-Women
ceriz,CERIZ67,CERIZ67 - Footwear-Women,polyurethane pointed toe womens casual sandals - rose gold,"Size:35,36,37,38,39,40",Rs.,1999,1399,30% off,Footwear-Women
ceriz,CERIZ68,CERIZ68 - Footwear-Women,polyurethane pointed toe womens casual flats - pink,"Size:35,36,37,38,39,40",Rs.,1499,1049,30% off,Footwear-Women
ceriz,CERIZ69,CERIZ69 - Footwear-Women,pu zipper womens casual boots - black,"Size:35,36,38",Rs.,2699,1619,40% off,Footwear-Women
ceriz,CERIZ70,CERIZ70 - Footwear-Women,polyurethane pointed toe womens casual ballerinas - natural,"Size:35,36,37,38,39,40,41",Rs.,8.9,1899,10% off,Footwear-Women
ceriz,CERIZ71,CERIZ71 - Footwear-Women,polyurethane pointed toe womens casual sandals - natural,"Size:35,36,37,38,39,40,41",Rs.,8.9,2199,10% off,Footwear-Women
ceriz,CERIZ72,CERIZ72 - Footwear-Women,synthetic round toe womens casual sneakers - white,Size:38,Rs.,2499,1249,50% off,Footwear-Women
ceriz,CERIZ73,CERIZ73 - Footwear-Women,synthetic open toe womens casual sandals - gold,"Size:36,37,39",Rs.,1899,949,50% off,Footwear-Women
ceriz,CERIZ74,CERIZ74 - Footwear-Women,synthetic square toe womens casual ballerinas - natural,"Size:36,37",Rs.,1999,999,50% off,Footwear-Women
ceriz,CERIZ75,CERIZ75 - Footwear-Women,polyurethane round toe womens sneakers - navy,"Size:35,36,37,38,39,40,41",Rs.,2499,1749,30% off,Footwear-Women
ceriz,CERIZ76,CERIZ76 - Footwear-Women,synthetic open toe womens casual sandals - navy,Size:37,Rs.,2299,1149,50% off,Footwear-Women
ceriz,CERIZ77,CERIZ77 - Footwear-Women,artificial leather womens ballerinas - natural,Size:36,Rs.,1799,899,50% off,Footwear-Women
ceriz,CERIZ78,CERIZ78 - Footwear-Women,synthetic open toe womens casual flats - bronze,"Size:36,37,38,40",Rs.,1499,749,50% off,Footwear-Women
ceriz,CERIZ79,CERIZ79 - Footwear-Women,artificial leather womens ballerinas - navy,"Size:36,37",Rs.,1799,899,50% off,Footwear-Women
ceriz,CERIZ80,CERIZ80 - Footwear-Women,synthetic open toe womens casual sandals - taupe,Size:35,Rs.,2399,1199,50% off,Footwear-Women
ceriz,CERIZ81,CERIZ81 - Footwear-Women,artificial leather womens casual ballerinas - tan,"Size:36,37,38,39",Rs.,1999,999,50% off,Footwear-Women
ceriz,CERIZ82,CERIZ82 - Footwear-Women,polyurethane pointed toe womens casual flats - lilac,"Size:35,36,37,38,39,40",Rs.,1599,1119,30% off,Footwear-Women
ceriz,CERIZ83,CERIZ83 - Footwear-Women,polyurethane open toe womens casual sandals - sage,"Size:35,36,37,38,39,40,41",Rs.,2299,1609,30% off,Footwear-Women
ceriz,CERIZ84,CERIZ84 - Footwear-Women,artificial leather round toe womens casual loafers - natural,Size:36,Rs.,1999,999,50% off,Footwear-Women
ceriz,CERIZ85,CERIZ85 - Footwear-Women,pu slip on womens casual loafers - grey,"Size:35,36,37,38,39,40",Rs.,2199,1319,40% off,Footwear-Women
ceriz,CERIZ86,CERIZ86 - Footwear-Women,polyurethane regular toe womens casual flats - sage,"Size:35,36,37,39",Rs.,1799,1259,30% off,Footwear-Women
ceriz,CERIZ87,CERIZ87 - Footwear-Women,synthetic open toe womens casual sandals - grey,"Size:36,37",Rs.,2199,1099,50% off,Footwear-Women
ceriz,CERIZ88,CERIZ88 - Footwear-Women,synthetic pointed toe womens casual ballerinas - natural,Size:37,Rs.,1899,949,50% off,Footwear-Women
ceriz,CERIZ89,CERIZ89 - Footwear-Women,polyurethane pointed toe womens casual flats - mustard,"Size:35,36,37,38,39,40",Rs.,1599,1119,30% off,Footwear-Women
ceriz,CERIZ90,CERIZ90 - Footwear-Women,polyurethane round toe womens casual loafers - tan,"Size:35,36,37,38,39,40",Rs.,8.9,2299,10% off,Footwear-Women
ceriz,CERIZ91,CERIZ91 - Footwear-Women,polyurethane regular toe womens casual flats - pink,"Size:35,36,37,39",Rs.,1799,1259,30% off,Footwear-Women
ceriz,CERIZ92,CERIZ92 - Footwear-Women,artificial leather mesh womens casual sneakers - tan,Size:40,Rs.,2899,1449,50% off,Footwear-Women
ceriz,CERIZ93,CERIZ93 - Footwear-Women,artificial leather open toe womens casual sandals - blue,"Size:38,39",Rs.,1999,999,50% off,Footwear-Women
ceriz,CERIZ94,CERIZ94 - Footwear-Women,artificial leather womens casual wedges - pewter,"Size:36,39",Rs.,2199,1099,50% off,Footwear-Women
ceriz,CERIZ95,CERIZ95 - Footwear-Women,synthetic leather round toe womens casual loafers - mustard,"Size:35,36",Rs.,2199,1099,50% off,Footwear-Women
ceriz,CERIZ96,CERIZ96 - Footwear-Women,artificial leather womens ballerinas - mustard,"Size:36,38",Rs.,1799,899,50% off,Footwear-Women
charchit,CHARCHIT1,CHARCHIT1 - Westernwear-Women,checks cotton shirt collar boys shirt - white,Size:13-14Y,Rs.,990,841,15% off,Westernwear-Women
chloe,CHLOE1,CHLOE1 - Fragrance-Women,womens nomade eau de parfum 75 ml,Nan,Rs.,5,8150,10% off,Fragrance-Women
chloe,CHLOE2,CHLOE2 - Fragrance-Women,womens signature eau de parfum naturelle 50 ml,Nan,Rs.,0,8500,10% off,Fragrance-Women
chopard,CHOPARD1,CHOPARD1 - Fragrance-Women,rose malaki eau de parfum 80 ml,Nan,Rs.,0,8800,10% off,Fragrance-Women
chopard,CHOPARD2,CHOPARD2 - Fragrance-Women,pink wish eau de toilette 75ml,Nan,Rs.,0,5500,10% off,Fragrance-Women
chopard,CHOPARD3,CHOPARD3 - Fragrance-Women,happy felicia roses eau de parfum 100ml,Nan,Rs.,0,10000,10% off,Fragrance-Women
citizen,CITIZEN1,CITIZEN1 - Watches-Women,ladies watch ex0294-58h,Nan,Rs.,0,7900,10% off,Watches-Women
citizen,CITIZEN2,CITIZEN2 - Watches-Women,ladies watch ex0293-51a,Nan,Rs.,0,7900,10% off,Watches-Women
citizen,CITIZEN3,CITIZEN3 - Watches-Women,womens black dial metallic analogue watch - eq0595-55l,Nan,Rs.,30,10300,10% off,Watches-Women
citizen,CITIZEN4,CITIZEN4 - Watches-Women,womens off white dial metallic analogue watch - wczs-el3043-81x,Nan,Rs.,90,9900,10% off,Watches-Women
clara,CLARA1,CLARA1 - Jewellery-Women,womens 925 sterling silver halo mangalsutra tanmaniya pendant with chain,Nan,Rs.,1999,1899,5% off,Jewellery-Women
clara,CLARA2,CLARA2 - Jewellery-Women,925 sterling silver rhodium plated swiss zirconia dark green oval ring with adjustable band gift,Nan,Rs.,1999,1899,5% off,Jewellery-Women
clara,CLARA3,CLARA3 - Jewellery-Women,925 sterling silver rhodium plated swiss zirconia v shape ring with adjustable band gift,Nan,Rs.,1598,1518,5% off,Jewellery-Women
clara,CLARA4,CLARA4 - Jewellery-Women,womens 925 sterling silver star mangalsutra tanmaniya pendant with chain,Nan,Rs.,1599,1519,5% off,Jewellery-Women
clara,CLARA5,CLARA5 - Jewellery-Women,womens 925 sterling silver ball mangalsutra tanmaniya pendant with chain,Nan,Rs.,1699,1614,5% off,Jewellery-Women
clara,CLARA6,CLARA6 - Jewellery-Women,anti-tarnish 925 sterling silver box chain necklace in 18 inch,Nan,Rs.,899,854,5% off,Jewellery-Women
clara,CLARA7,CLARA7 - Jewellery-Women,925 sterling silver rhodium plated swiss zirconia pearl asuka earrings,Nan,Rs.,1499,1424,5% off,Jewellery-Women
clara,CLARA8,CLARA8 - Jewellery-Women,womens 925 sterling silver pear mangalsutra tanmaniya pendant with chain,Nan,Rs.,1699,1614,5% off,Jewellery-Women
clara,CLARA9,CLARA9 - Jewellery-Women,925 sterling silver rhodium plated rope pendant necklace with chain gift,Nan,Rs.,1599,1519,5% off,Jewellery-Women
clara,CLARA10,CLARA10 - Jewellery-Women,925 sterling silver rhodium plated royal blue cushion pendant earring chain jewellery set,Nan,Rs.,4399,4179,5% off,Jewellery-Women
clara,CLARA11,CLARA11 - Jewellery-Women,womens 925 sterling silver valentine mangalsutra tanmaniya pendant with chain,Nan,Rs.,1799,1709,5% off,Jewellery-Women
clara,CLARA12,CLARA12 - Jewellery-Women,mens pure 925 sterling silver luca adjustable ring,Nan,Rs.,1899,1804,5% off,Jewellery-Women
clara,CLARA13,CLARA13 - Jewellery-Women,anti-tarnish 925 sterling silver ball chain necklace in 18 inch,Nan,Rs.,899,854,5% off,Jewellery-Women
clara,CLARA14,CLARA14 - Jewellery-Women,925 sterling silver rhodium plated swiss zirconia dark green eye ring with adjustable band gift,Nan,Rs.,1999,1899,5% off,Jewellery-Women
clara,CLARA15,CLARA15 - Jewellery-Women,925 sterling silver rhodium plated swiss zirconia dark green tear drop ring with adjustable band gift,Nan,Rs.,1999,1899,5% off,Jewellery-Women
clara,CLARA16,CLARA16 - Jewellery-Women,womens pure 925 sterling silver luca adjustable ring,Nan,Rs.,1199,1139,5% off,Jewellery-Women
clara,CLARA17,CLARA17 - Jewellery-Women,anti-tarnish 925 sterling silver designer chain necklace in 18 inch,Nan,Rs.,1499,1424,5% off,Jewellery-Women
clara,CLARA18,CLARA18 - Jewellery-Women,unisex pure 925 sterling silver luca adjustable couple band,Nan,Rs.,2699,2564,5% off,Jewellery-Women
clara,CLARA19,CLARA19 - Jewellery-Women,925 sterling silver rhodium plated swiss zirconia royal blue oval ring with adjustable band gift,Nan,Rs.,1999,1899,5% off,Jewellery-Women
clara,CLARA20,CLARA20 - Jewellery-Women,925 sterling silver rhodium plated black beads infinity hand mangalsutra bracelet,Nan,Rs.,1599,1519,5% off,Jewellery-Women
clara,CLARA21,CLARA21 - Jewellery-Women,925 sterling silver rhodium plated swiss zirconia pearl yua earrings,Nan,Rs.,1499,1424,5% off,Jewellery-Women
clara,CLARA22,CLARA22 - Jewellery-Women,925 sterling silver gold plated classic pearl earrings gift,Nan,Rs.,1349,1281,5% off,Jewellery-Women
clara,CLARA23,CLARA23 - Jewellery-Women,925 sterling silver rhodium plated swiss zirconia royal blue cushion ring with adjustable band gift,Nan,Rs.,1999,1899,5% off,Jewellery-Women
clara,CLARA24,CLARA24 - Jewellery-Women,womens 925 sterling silver 7 stone mangalsutra tanmaniya pendant with chain,Nan,Rs.,2199,2089,5% off,Jewellery-Women
clara,CLARA25,CLARA25 - Jewellery-Women,made with swarovski zirconia 925 sterling silver siena solitaire bracelet gift,Nan,Rs.,2999,2849,5% off,Jewellery-Women
clara,CLARA26,CLARA26 - Jewellery-Women,womens pure 925 sterling silver franco adjustable ring,Nan,Rs.,1299,1234,5% off,Jewellery-Women
clara,CLARA27,CLARA27 - Jewellery-Women,unisex pure 925 sterling silver monte adjustable couple band,Nan,Rs.,2699,2564,5% off,Jewellery-Women
clara,CLARA28,CLARA28 - Jewellery-Women,925 sterling silver swiss zirconia pearl earrings gift,Nan,Rs.,1899,1804,5% off,Jewellery-Women
clara,CLARA29,CLARA29 - Jewellery-Women,925 sterling silver rhodium plated blood red tear drop pendant with chain necklace,Nan,Rs.,2499,2374,5% off,Jewellery-Women
clara,CLARA30,CLARA30 - Jewellery-Women,925 sterling silver rhodium plated sky blue eye dangler earrings,Nan,Rs.,2599,2469,5% off,Jewellery-Women
clara,CLARA31,CLARA31 - Jewellery-Women,womens 925 sterling silver 5 stone mangalsutra tanmaniya pendant with chain,Nan,Rs.,1999,1899,5% off,Jewellery-Women
clara,CLARA32,CLARA32 - Jewellery-Women,925 sterling silver rhodium plated dark green oval stud earrings with screw back,Nan,Rs.,1999,1899,5% off,Jewellery-Women
clara,CLARA33,CLARA33 - Jewellery-Women,womens 925 sterling silver isla mangalsutra tanmaniya pendant with chain,Nan,Rs.,1999,1899,5% off,Jewellery-Women
clara,CLARA34,CLARA34 - Jewellery-Women,womens 925 sterling silver leaf mangalsutra tanmaniya pendant with chain,Nan,Rs.,1999,1899,5% off,Jewellery-Women
clara,CLARA35,CLARA35 - Jewellery-Women,925 sterling silver rhodium plated swiss zirconia dark green cushion ring with adjustable band gift,Nan,Rs.,1999,1899,5% off,Jewellery-Women
clara,CLARA36,CLARA36 - Jewellery-Women,mens pure 925 sterling silver nario adjustable ring partial matte finish,Nan,Rs.,1499,1424,5% off,Jewellery-Women
clara,CLARA37,CLARA37 - Jewellery-Women,unisex pure 925 sterling silver rocco adjustable couple band partial matte finish,Nan,Rs.,2999,2849,5% off,Jewellery-Women
clara,CLARA38,CLARA38 - Jewellery-Women,womens 925 sterling silver maya mangalsutra tanmaniya pendant with chain,Nan,Rs.,2799,2659,5% off,Jewellery-Women
clara,CLARA39,CLARA39 - Jewellery-Women,925 sterling silver rhodium plated swiss zirconia pearl separable earrings,Nan,Rs.,1999,1899,5% off,Jewellery-Women
clara,CLARA40,CLARA40 - Jewellery-Women,925 sterling silver rhodium plated swiss zirconia graduation ring with adjustable band gift,Nan,Rs.,1599,1519,5% off,Jewellery-Women
clara,CLARA41,CLARA41 - Jewellery-Women,925 sterling silver rhodium plated royal blue oval pendant with chain necklace,Nan,Rs.,2499,2374,5% off,Jewellery-Women
clara,CLARA42,CLARA42 - Jewellery-Women,womens pure 925 sterling silver nario adjustable ring,Nan,Rs.,1299,1234,5% off,Jewellery-Women
clara,CLARA43,CLARA43 - Jewellery-Women,mens pure 925 sterling silver monte adjustable ring,Nan,Rs.,1699,1614,5% off,Jewellery-Women
clara,CLARA44,CLARA44 - Jewellery-Women,925 silver pearl twist pendant earring chain jewellery set rhodium plated,Nan,Rs.,3999,3799,5% off,Jewellery-Women
clara,CLARA45,CLARA45 - Jewellery-Women,womens 925 sterling silver daisy mangalsutra tanmaniya pendant with chain,Nan,Rs.,2699,2564,5% off,Jewellery-Women
clara,CLARA46,CLARA46 - Jewellery-Women,925 sterling silver rhodium plated swiss zirconia cute ring with adjustable band gift,Nan,Rs.,1699,1614,5% off,Jewellery-Women
clara,CLARA47,CLARA47 - Jewellery-Women,925 sterling silver rhodium plated swiss zirconia royal blue eye ring with adjustable band gift,Nan,Rs.,1999,1899,5% off,Jewellery-Women
clara,CLARA48,CLARA48 - Jewellery-Women,925 sterling silver 5 stone mangalsutra tanmaniya pendant earring jewellery set with chain gift,Nan,Rs.,2699,2564,5% off,Jewellery-Women
clara,CLARA49,CLARA49 - Jewellery-Women,925 sterling silver rhodium plated halo pendant earring necklace set with chain gift,Nan,Rs.,3399,3229,5% off,Jewellery-Women
clara,CLARA50,CLARA50 - Jewellery-Women,925 sterling silver rhodium plated ball pendant earring necklace set with chain gift,Nan,Rs.,2399,2279,5% off,Jewellery-Women
clara,CLARA51,CLARA51 - Jewellery-Women,womens 925 sterling silver freya mangalsutra tanmaniya pendant with chain,Nan,Rs.,2399,2279,5% off,Jewellery-Women
clara,CLARA52,CLARA52 - Jewellery-Women,925 silver real pearl aki pendant with chain necklace rhodium plated gift,Nan,Rs.,2199,2089,5% off,Jewellery-Women
clara,CLARA53,CLARA53 - Jewellery-Women,womens 925 sterling silver poppy mangalsutra tanmaniya pendant with chain,Nan,Rs.,2699,2564,5% off,Jewellery-Women
clarins,CLARINS1,CLARINS1 - Fragrance-Women,pick and love fix makeup 15 ml,Nan,Rs.,,850,10% off,Fragrance-Women
clarks,CLARKS1,CLARKS1 - Footwear-Women,leather slipon womens formal ballerinas - black,"Size:4,5,6,7,8",Rs.,3999,1999,50% off,Footwear-Women
clarks,CLARKS2,CLARKS2 - Footwear-Women,synthetic leather slip on womens casual sandals - red,"Size:4,6,7,8",Rs.,8.9,3499,10% off,Footwear-Women
clarks,CLARKS3,CLARKS3 - Footwear-Women,synthetic slipon womens formal pumps - black,"Size:5,6,7,8",Rs.,5999,2999,50% off,Footwear-Women
clarks,CLARKS4,CLARKS4 - Footwear-Women,synthetic slipon womens formal ballerinas - black,"Size:4,6,7",Rs.,3999,1999,50% off,Footwear-Women
clarks,CLARKS5,CLARKS5 - Footwear-Women,synthetic slipon womens formal pumps - blush,"Size:4,6,7,8",Rs.,5999,2999,50% off,Footwear-Women
clarks,CLARKS6,CLARKS6 - Footwear-Women,leather slip on womens casual pumps,"Size:4,5,6,7,8",Rs.,4999,3499,30% off,Footwear-Women
clarks,CLARKS7,CLARKS7 - Footwear-Women,leather slipon womens casual ballerinas - blush,"Size:4,5,6,7",Rs.,4999,2499,50% off,Footwear-Women
clarks,CLARKS8,CLARKS8 - Footwear-Women,leather slip on womens casual sandals - white,"Size:4,5,6,7,8",Rs.,8.9,6499,10% off,Footwear-Women
clarks,CLARKS9,CLARKS9 - Footwear-Women,leather slipon womens casual ballerinas - black,"Size:4,5,6,7,8",Rs.,4999,2499,50% off,Footwear-Women
clarks,CLARKS10,CLARKS10 - Footwear-Women,fabric slip on womens casual sandals - black,"Size:3,4,5,6,7,8",Rs.,8.9,4499,10% off,Footwear-Women
clarks,CLARKS11,CLARKS11 - Footwear-Women,synthetic leather slip on womens casual sandals,"Size:4,5,6,7,8",Rs.,8.9,4999,10% off,Footwear-Women
clarks,CLARKS12,CLARKS12 - Footwear-Women,synthetic leather slip on womens casual sandals - pink,"Size:4,5,6,7,8",Rs.,8.9,3999,10% off,Footwear-Women
clarks,CLARKS13,CLARKS13 - Footwear-Women,suede slip on womens casual sandals - black,"Size:3,4,5,6,7,8",Rs.,6499,5199,20% off,Footwear-Women
clarks,CLARKS14,CLARKS14 - Footwear-Women,suede slip on womens casual sandals - natural,"Size:3,4,5,6,7,8",Rs.,6499,5199,20% off,Footwear-Women
clarks,CLARKS15,CLARKS15 - Footwear-Women,leather slip on womens casual sandals - orange,"Size:4,5,6,7,8",Rs.,5499,3849,30% off,Footwear-Women
clarks,CLARKS16,CLARKS16 - Footwear-Women,fabric slip on womens casual sandals - brown,"Size:3,4,5,6,7,8",Rs.,8.9,4499,10% off,Footwear-Women
clarks,CLARKS17,CLARKS17 - Footwear-Women,leather slip on womens casual sandals - black,"Size:4,5,6,7,8",Rs.,5499,3299,40% off,Footwear-Women
clarks,CLARKS18,CLARKS18 - Footwear-Women,leather slipon womens formal pumps - black,"Size:7,8",Rs.,6499,3899,40% off,Footwear-Women
clarks,CLARKS19,CLARKS19 - Footwear-Women,leather slipon womens casual shoes - black,"Size:3.5,4,4.5,5,6,6.5,7,7.5,8",Rs.,4999,2999,40% off,Footwear-Women
clarks,CLARKS20,CLARKS20 - Footwear-Women,leather slipon womens casual ballerinas - dark tan,"Size:4,5,6,7,8",Rs.,8.9,4499,10% off,Footwear-Women
clarks,CLARKS21,CLARKS21 - Footwear-Women,leather slipon womens casual shoes - red,"Size:4,5,6,7",Rs.,4999,2499,50% off,Footwear-Women
clarks,CLARKS22,CLARKS22 - Footwear-Women,suede slipon womens casual shoes - black,"Size:4,5,6,7",Rs.,4999,2499,50% off,Footwear-Women
clarks,CLARKS23,CLARKS23 - Footwear-Women,fabric slip on womens casual sandals - brown,"Size:4,5,6,7,8",Rs.,8.9,4999,10% off,Footwear-Women
clarks,CLARKS24,CLARKS24 - Footwear-Women,leather slip on womens casual sandals - brown,"Size:3,4,5,6,7,8",Rs.,5999,4199,30% off,Footwear-Women
clarks,CLARKS25,CLARKS25 - Footwear-Women,leather slip on womens casual sandals,"Size:4,5,6,7,8",Rs.,8999,6299,30% off,Footwear-Women
clarks,CLARKS26,CLARKS26 - Footwear-Women,synthetic leather slip on womens casual flats - pink,"Size:4,5,6,7,8",Rs.,8.9,3499,10% off,Footwear-Women
clarks,CLARKS27,CLARKS27 - Footwear-Women,fabric slipon womens casual shoes - black,"Size:3.5,4,5,6,7,8",Rs.,4999,2499,50% off,Footwear-Women
clarks,CLARKS28,CLARKS28 - Footwear-Women,synthetic slipon womens casual ballerinas - black,"Size:4,5,6,7,8",Rs.,4999,2499,50% off,Footwear-Women
clarks,CLARKS29,CLARKS29 - Footwear-Women,leather lace up womens casual shoes - white,"Size:4,5,6,7,8",Rs.,7999,5599,30% off,Footwear-Women
clarks,CLARKS30,CLARKS30 - Footwear-Women,fabric slip on womens casual sandals - brown,"Size:3,4,5,6,7,8",Rs.,4499,3149,30% off,Footwear-Women
clarks,CLARKS31,CLARKS31 - Footwear-Women,synthetic slipon womens casual shoes - gunmetal,"Size:4,5,6,7",Rs.,4999,3499,30% off,Footwear-Women
clarks,CLARKS32,CLARKS32 - Footwear-Women,synthetic leather slip on womens casual sandals - navy,"Size:4,5,6,7,8",Rs.,8.9,4999,10% off,Footwear-Women
clarks,CLARKS33,CLARKS33 - Footwear-Women,suede slipon womens casual pumps - black,"Size:4,5,6,7",Rs.,5499,2749,50% off,Footwear-Women
clarks,CLARKS34,CLARKS34 - Footwear-Women,synthetic leather slip on womens casual flats - red,"Size:3,4,5,6,7,8",Rs.,8.9,3499,10% off,Footwear-Women
clarks,CLARKS35,CLARKS35 - Footwear-Women,leather slip on womens casual pumps - navy,"Size:3,4,5,6,7,8",Rs.,4999,2999,40% off,Footwear-Women
clarks,CLARKS36,CLARKS36 - Footwear-Women,leather slipon womens casual shoes - black,"Size:4,5,6,7",Rs.,4999,3499,30% off,Footwear-Women
clarks,CLARKS37,CLARKS37 - Footwear-Women,suede lace up womens casual pumps - pink,"Size:4,5,6,7,8",Rs.,8499,5949,30% off,Footwear-Women
clarks,CLARKS38,CLARKS38 - Footwear-Women,leather lace up womens casual pumps - orange,"Size:4,5,6,7,8",Rs.,8.9,8499,10% off,Footwear-Women
clarks,CLARKS39,CLARKS39 - Footwear-Women,fabric slip on womens casual sandals - black,"Size:4,5,6,7,8",Rs.,8.9,4999,10% off,Footwear-Women
clarks,CLARKS40,CLARKS40 - Footwear-Women,suede lace up womens casual pumps - black,"Size:4,5,6,7,8",Rs.,8499,5949,30% off,Footwear-Women
clarks,CLARKS41,CLARKS41 - Footwear-Women,leather lace up womens casual shoes - white,"Size:5,6,7,8",Rs.,5999,4199,30% off,Footwear-Women
clarks,CLARKS42,CLARKS42 - Footwear-Women,leather slip on womens casual sandals - white,"Size:4,5,6,7,8",Rs.,6999,5599,20% off,Footwear-Women
clarks,CLARKS43,CLARKS43 - Footwear-Women,leather slip on womens casual sandals - brown,"Size:4,5,6,7,8",Rs.,6999,5599,20% off,Footwear-Women
clarks,CLARKS44,CLARKS44 - Footwear-Women,leather slip on womens casual sandals - navy,"Size:4,5,6,7,8",Rs.,8.9,5499,10% off,Footwear-Women
clarks,CLARKS45,CLARKS45 - Footwear-Women,leather slip on womens casual pumps - pink,"Size:4,5,6,7,8",Rs.,8.9,5999,10% off,Footwear-Women
clarks,CLARKS46,CLARKS46 - Footwear-Women,leather lace up womens casual pumps - natural,"Size:4,5,6,7,8",Rs.,8499,5099,40% off,Footwear-Women
clarks,CLARKS47,CLARKS47 - Footwear-Women,leather slip on womens casual pumps - natural,"Size:4,5,6,7,8",Rs.,8.9,5999,10% off,Footwear-Women
clarks,CLARKS48,CLARKS48 - Footwear-Women,leather slip on womens casual sandals - natural,"Size:3,4,5,6,7,8",Rs.,8.9,4499,10% off,Footwear-Women
clarks,CLARKS49,CLARKS49 - Footwear-Women,leather slip on womens casual sandals - red,"Size:4,5,6,7,8",Rs.,8999,5399,40% off,Footwear-Women
clarks,CLARKS50,CLARKS50 - Footwear-Women,suede slip on womens casual sandals - red,"Size:3,4,5,6,7,8",Rs.,8.9,4499,10% off,Footwear-Women
clarks,CLARKS51,CLARKS51 - Footwear-Women,leather slip on womens casual sandals - pink,"Size:6,7,8",Rs.,5499,4399,20% off,Footwear-Women
clarks,CLARKS52,CLARKS52 - Footwear-Women,leather slip on womens casual sandals,"Size:4,5,6,7,8",Rs.,8.9,8999,10% off,Footwear-Women
clarks,CLARKS53,CLARKS53 - Footwear-Women,leather lace up womens casual pumps - black,"Size:4,5,6,7,8",Rs.,8.9,8499,10% off,Footwear-Women
clarks,CLARKS54,CLARKS54 - Footwear-Women,leather slipon womens casual ballerinas - black,"Size:4,5,6,7,8",Rs.,8.9,4499,10% off,Footwear-Women
clarks,CLARKS55,CLARKS55 - Footwear-Women,leather slip on womens casual sandals - orange,"Size:5,6,7,8",Rs.,8.9,6499,10% off,Footwear-Women
clarks,CLARKS56,CLARKS56 - Footwear-Women,leather lace up womens casual shoes - natural,"Size:4,5,6,7,8",Rs.,7999,5599,30% off,Footwear-Women
clarks,CLARKS57,CLARKS57 - Footwear-Women,suede slip on womens casual sandals - brown,"Size:3,4,5,6,7,8",Rs.,8.9,4499,10% off,Footwear-Women
clarks,CLARKS58,CLARKS58 - Footwear-Women,synthetic slipon womens casual ballerinas - navy,"Size:4,5,6,7,8",Rs.,4999,2499,50% off,Footwear-Women
clarks,CLARKS59,CLARKS59 - Footwear-Women,leather slip on womens casual sandals - black,"Size:4,5,6,7,8",Rs.,8999,6299,30% off,Footwear-Women
clarks,CLARKS60,CLARKS60 - Footwear-Women,suede lace up womens casual shoes - black,"Size:4,5,6,7,8",Rs.,5999,3599,40% off,Footwear-Women
clarks,CLARKS61,CLARKS61 - Footwear-Women,leather slip on womens casual sandals - red,"Size:3,4,5,6,7,8",Rs.,4499,3149,30% off,Footwear-Women
clinique,CLINIQUE1,CLINIQUE1 - Fragrance-Women,happy heart rediant parfum - 100ml,Nan,Rs.,5,8750,10% off,Fragrance-Women
clovia,CLOVIA1,CLOVIA1 - Lingerie&Nightwear-Women,womens non-padded bra - purple,"Size:32-B,32-C,34-B,34-C,36-B,36-C,38-B,38-C,40-B",Rs.,285,114,60% off,Lingerie&Nightwear-Women
clovia,CLOVIA2,CLOVIA2 - Lingerie&Nightwear-Women,womens non-padded non-wired bra - yellow,"Size:32-B,32-C,32-D,34-B,34-C,34-D,36-B,36-C,36-D,38-B,38-C,40-B",Rs.,342,137,60% off,Lingerie&Nightwear-Women
clovia,CLOVIA3,CLOVIA3 - Lingerie&Nightwear-Women,women cotton rich tube bra with detachable straps - natural,"Size:32-B,32-C,34-B,34-C,36-B,36-C,40-B",Rs.,599,239,60% off,Lingerie&Nightwear-Women
clovia,CLOVIA4,CLOVIA4 - Lingerie&Nightwear-Women,womens non-padded non-wired bra - grey,"Size:32-C,32-D,34-C",Rs.,342,137,60% off,Lingerie&Nightwear-Women
clovia,CLOVIA5,CLOVIA5 - Lingerie&Nightwear-Women,womens bikini brief - set of 3 - multi,Size:Medium,Rs.,600,240,60% off,Lingerie&Nightwear-Women
clovia,CLOVIA6,CLOVIA6 - Lingerie&Nightwear-Women,womens cotton mid waist hipster panty with inner elastic - yellow,"Size:Medium,Small,X-Large,XX-Large",Rs.,499,199,60% off,Lingerie&Nightwear-Women
clovia,CLOVIA7,CLOVIA7 - Lingerie&Nightwear-Women,womens spaghetti neck self pattern babydoll - pink,"Size:Large,Medium,X-Large",Rs.,999,699,30% off,Lingerie&Nightwear-Women
clovia,CLOVIA8,CLOVIA8 - Lingerie&Nightwear-Women,women backless multiway cotton bra - black,Size:34-C,Rs.,599,359,40% off,Lingerie&Nightwear-Women
clovia,CLOVIA9,CLOVIA9 - Lingerie&Nightwear-Women,womens cotton non-padded non-wired printed bra - multi,"Size:32-B,32-C",Rs.,342,137,60% off,Lingerie&Nightwear-Women
clovia,CLOVIA10,CLOVIA10 - Lingerie&Nightwear-Women,womens cotton non-padded non-wired bra - black,"Size:32-B,32-C,32-D,34-B,34-C,36-B,36-C",Rs.,171,119,30% off,Lingerie&Nightwear-Women
clovia,CLOVIA11,CLOVIA11 - Lingerie&Nightwear-Women,womens non-padded non-wired bra - black,"Size:32-B,32-C,32-D,34-B,34-C,34-D,36-B,36-C,36-D,38-B,38-C,40-B",Rs.,599,299,50% off,Lingerie&Nightwear-Women
clovia,CLOVIA12,CLOVIA12 - Lingerie&Nightwear-Women,womens padded non-wired teen bra - pink,"Size:28,30,32",Rs.,799,319,60% off,Lingerie&Nightwear-Women
clovia,CLOVIA13,CLOVIA13 - Lingerie&Nightwear-Women,womens solid boy shorts briefs - black,"Size:Medium,Small,X-Large,XX-Large",Rs.,499,199,60% off,Lingerie&Nightwear-Women
clovia,CLOVIA14,CLOVIA14 - Lingerie&Nightwear-Women,womens cotton rich non-padded non-wired bra - natural,"Size:32-B,32-C,32-D,34-B,34-C",Rs.,599,239,60% off,Lingerie&Nightwear-Women
clovia,CLOVIA15,CLOVIA15 - Lingerie&Nightwear-Women,womens cotton rich non-padded non-wired t-shirt bra with lace - purple,"Size:32-B,32-C,34-B,34-C,36-B,36-C,38-B,38-C,40-B,40-C",Rs.,342,205,40% off,Lingerie&Nightwear-Women
clovia,CLOVIA16,CLOVIA16 - Lingerie&Nightwear-Women,womens full coverage bra - pink,"Size:34-C,36-B,36-C,38-B,40-B",Rs.,599,239,60% off,Lingerie&Nightwear-Women
clovia,CLOVIA17,CLOVIA17 - Lingerie&Nightwear-Women,womens non-padded demi cup bra - purple,"Size:34-B,34-C,36-B,36-C,38-B,40-B",Rs.,599,239,60% off,Lingerie&Nightwear-Women
clovia,CLOVIA18,CLOVIA18 - Lingerie&Nightwear-Women,womens comfy stretchable cotton bra in white - white,"Size:32-C,32-D,34-B,34-C,34-D,36-B,36-C,36-D,38-C,40-B",Rs.,699,279,60% off,Lingerie&Nightwear-Women
clovia,CLOVIA19,CLOVIA19 - Lingerie&Nightwear-Women,womens non-padded front open plunge neck t-shirt bra - black,"Size:32-B,32-C,34-C,36-C",Rs.,599,359,40% off,Lingerie&Nightwear-Women
clovia,CLOVIA20,CLOVIA20 - Lingerie&Nightwear-Women,womens non-padded non-wired t-shirt bra - natural,"Size:32-B,32-C,32-D,34-B,34-C,36-B,36-C,38-B,38-C",Rs.,599,239,60% off,Lingerie&Nightwear-Women
clovia,CLOVIA21,CLOVIA21 - Lingerie&Nightwear-Women,womens lace babydoll - black,"Size:Large,Medium,Small,X-Large",Rs.,999,399,60% off,Lingerie&Nightwear-Women
clovia,CLOVIA22,CLOVIA22 - Lingerie&Nightwear-Women,womens saree shapewear with drawstring in beige - natural,"Size:Large,Medium,Small,X-Large,XX-Large",Rs.,1999,799,60% off,Lingerie&Nightwear-Women
clovia,CLOVIA23,CLOVIA23 - Lingerie&Nightwear-Women,womens non-padded non-wired bra - maroon,"Size:32-B,32-C,32-D,34-B,34-C",Rs.,599,239,60% off,Lingerie&Nightwear-Women
clovia,CLOVIA24,CLOVIA24 - Lingerie&Nightwear-Women,womens cotton mid waist hipster panty with inner elastic - black,"Size:Large,Medium,Small,X-Large,XX-Large",Rs.,499,199,60% off,Lingerie&Nightwear-Women
clovia,CLOVIA25,CLOVIA25 - Lingerie&Nightwear-Women,womens cotton mid waist hipster panty with inner elastic - red,"Size:Large,Medium,X-Large,XX-Large",Rs.,499,199,60% off,Lingerie&Nightwear-Women
clovia,CLOVIA26,CLOVIA26 - Lingerie&Nightwear-Women,womens non-padded non-wired printed t-shirt bra - red,Size:32-C,Rs.,342,137,60% off,Lingerie&Nightwear-Women
clovia,CLOVIA27,CLOVIA27 - Lingerie&Nightwear-Women,womens cotton rich text print top - blue,"Size:Large,Medium,Small,X-Large,XX-Large",Rs.,571,228,60% off,Lingerie&Nightwear-Women
clovia,CLOVIA28,CLOVIA28 - Lingerie&Nightwear-Women,womens cotton high waist hipster panty with printed waistband - pink,"Size:Large,Medium,Small,X-Large",Rs.,499,299,40% off,Lingerie&Nightwear-Women
clovia,CLOVIA29,CLOVIA29 - Lingerie&Nightwear-Women,tshirt bra with add-on support - off white,"Size:32-C,34-C",Rs.,342,205,40% off,Lingerie&Nightwear-Women
clovia,CLOVIA30,CLOVIA30 - Lingerie&Nightwear-Women,womens printed maternity long night dress in light green cotton - green,"Size:Large,Medium,Small,X-Large,XX-Large",Rs.,2499,749,70% off,Lingerie&Nightwear-Women
clovia,CLOVIA31,CLOVIA31 - Lingerie&Nightwear-Women,womens cotton padded non-wired multiway t-shirt bra - black,"Size:36-B,38-B,38-C,40-B,40-C",Rs.,614,245,60% off,Lingerie&Nightwear-Women
clovia,CLOVIA32,CLOVIA32 - Lingerie&Nightwear-Women,double layered comfy t-shirt bra - red,"Size:32-B,32-C,34-B,34-C,36-B,36-C,38-B,40-B",Rs.,599,239,60% off,Lingerie&Nightwear-Women
clovia,CLOVIA33,CLOVIA33 - Lingerie&Nightwear-Women,womens satin babydoll with lace - grey,"Size:Large,Medium,Small,X-Large",Rs.,1299,389,70% off,Lingerie&Nightwear-Women
clovia,CLOVIA34,CLOVIA34 - Lingerie&Nightwear-Women,womens cotton rich non-padded non-wired t-shirt bra with lace - white,"Size:32-B,32-C,32-D,34-B,34-C,34-D,36-B,36-C,36-D,38-B,38-C,38-D,40-B,40-C",Rs.,599,359,40% off,Lingerie&Nightwear-Women
clovia,CLOVIA35,CLOVIA35 - Lingerie&Nightwear-Women,womens saree shapewear with drawstring - pink,"Size:Large,Medium,XX-Large",Rs.,1999,799,60% off,Lingerie&Nightwear-Women
clovia,CLOVIA36,CLOVIA36 - Lingerie&Nightwear-Women,3 pcs printed satin nightwear - pink,Nan,Rs.,1999,799,60% off,Lingerie&Nightwear-Women
clovia,CLOVIA37,CLOVIA37 - Lingerie&Nightwear-Women,womens full coverage - red,"Size:32-B,32-C,34-B,34-C,36-B,36-C,38-B,38-C,40-B",Rs.,599,359,40% off,Lingerie&Nightwear-Women
clovia,CLOVIA38,CLOVIA38 - Lingerie&Nightwear-Women,womens cotton rich t shirt bra with cross over moulded cups skin - brown,Size:32-C,Rs.,599,239,60% off,Lingerie&Nightwear-Women
clovia,CLOVIA39,CLOVIA39 - Lingerie&Nightwear-Women,womens cotton rich non-padded non-wired t-shirt bra - red,"Size:32-B,32-C,34-B,34-C,36-B,36-C",Rs.,599,239,60% off,Lingerie&Nightwear-Women
clovia,CLOVIA40,CLOVIA40 - Lingerie&Nightwear-Women,womens non-padded full cup bra - blue,"Size:32-B,34-C",Rs.,599,359,40% off,Lingerie&Nightwear-Women
clovia,CLOVIA41,CLOVIA41 - Lingerie&Nightwear-Women,womens u-back bra - purple,"Size:32-B,32-C,34-B,34-C,36-B,36-C,38-B,38-C,40-B",Rs.,599,359,40% off,Lingerie&Nightwear-Women
clovia,CLOVIA42,CLOVIA42 - Lingerie&Nightwear-Women,womens cotton rich non-padded non-wired bra with lace - natural,"Size:32-B,32-C",Rs.,342,205,40% off,Lingerie&Nightwear-Women
clovia,CLOVIA43,CLOVIA43 - Lingerie&Nightwear-Women,womens satin nightwear set - gold,"Size:Large,Medium,Small,X-Large",Rs.,2499,1499,40% off,Lingerie&Nightwear-Women
clovia,CLOVIA44,CLOVIA44 - Lingerie&Nightwear-Women,womens lace night dress and robe set - blue,Nan,Rs.,3999,1599,60% off,Lingerie&Nightwear-Women
clovia,CLOVIA45,CLOVIA45 - Lingerie&Nightwear-Women,womens non-padded bra - green,"Size:34-C,36-B,36-C",Rs.,342,205,40% off,Lingerie&Nightwear-Women
clovia,CLOVIA46,CLOVIA46 - Lingerie&Nightwear-Women,womens full coverage bra - red,"Size:32-B,32-C,34-B,34-C,36-B,36-C,38-B,40-B",Rs.,599,359,40% off,Lingerie&Nightwear-Women
clovia,CLOVIA47,CLOVIA47 - Lingerie&Nightwear-Women,womens satin halter neck babydoll - blue,"Size:Large,Medium,Small,X-Large",Rs.,1299,519,60% off,Lingerie&Nightwear-Women
clovia,CLOVIA48,CLOVIA48 - Lingerie&Nightwear-Women,womens cotton non-padded non-wired full cup bra - grey,Size:32-B,Rs.,599,239,60% off,Lingerie&Nightwear-Women
clovia,CLOVIA49,CLOVIA49 - Lingerie&Nightwear-Women,womens full coverage bra - white,"Size:32-B,34-B,36-B,38-B",Rs.,699,279,60% off,Lingerie&Nightwear-Women
clovia,CLOVIA50,CLOVIA50 - Lingerie&Nightwear-Women,womens non-padded full cup bra - red,"Size:32-B,32-C,34-B,34-C,36-B,36-C,38-B,38-C,40-B",Rs.,599,359,40% off,Lingerie&Nightwear-Women
clovia,CLOVIA51,CLOVIA51 - Lingerie&Nightwear-Women,womens cotton non wired non padded full cup t shirt bra blue - blue,"Size:32-C,34-B,36-B",Rs.,599,239,60% off,Lingerie&Nightwear-Women
clovia,CLOVIA52,CLOVIA52 - Lingerie&Nightwear-Women,womens padded non-wired polka print t-shirt bra - pink,Size:32-D,Rs.,1199,359,70% off,Lingerie&Nightwear-Women
clovia,CLOVIA53,CLOVIA53 - Lingerie&Nightwear-Women,lace non-padded wirefree bra - black,"Size:32-B,32-C,34-B,34-C,36-B,36-C,38-B,40-B",Rs.,599,359,40% off,Lingerie&Nightwear-Women
clovia,CLOVIA54,CLOVIA54 - Lingerie&Nightwear-Women,satin nightslip - maroon,"Size:Large,Medium,Small,X-Large",Rs.,1299,519,60% off,Lingerie&Nightwear-Women
clovia,CLOVIA55,CLOVIA55 - Lingerie&Nightwear-Women,womens polyester gym-sports capri tights with drawstring - pink,"Size:Medium,Small",Rs.,1299,519,60% off,Lingerie&Nightwear-Women
clovia,CLOVIA56,CLOVIA56 - Lingerie&Nightwear-Women,womens lace low waist bikini panty - red,"Size:Medium,XX-Large",Rs.,599,239,60% off,Lingerie&Nightwear-Women
clovia,CLOVIA57,CLOVIA57 - Lingerie&Nightwear-Women,womens cotton rich non-padded non-wired bra - white,"Size:32-B,32-C,34-B,34-C,36-C",Rs.,599,239,60% off,Lingerie&Nightwear-Women
clovia,CLOVIA58,CLOVIA58 - Lingerie&Nightwear-Women,womens non-padded non-wired bra - yellow,"Size:32-B,32-C",Rs.,342,205,40% off,Lingerie&Nightwear-Women
clovia,CLOVIA59,CLOVIA59 - Lingerie&Nightwear-Women,womens cotton rich non-padded non-wired bra - maroon,"Size:32-B,32-C,32-D,34-B,34-C,36-B,40-C",Rs.,599,359,40% off,Lingerie&Nightwear-Women
clovia,CLOVIA60,CLOVIA60 - Lingerie&Nightwear-Women,cotton rich non padded wirefree t-shirt bra - natural,"Size:32-C,34-B,34-C",Rs.,599,359,40% off,Lingerie&Nightwear-Women
clovia,CLOVIA61,CLOVIA61 - Lingerie&Nightwear-Women,womens non-padded bra - yellow,"Size:32-B,32-C,34-B,34-C,36-B,36-C,38-B,38-C,40-B",Rs.,599,359,40% off,Lingerie&Nightwear-Women
clovia,CLOVIA62,CLOVIA62 - Lingerie&Nightwear-Women,womens non padded non wired full cup bra in red - red,"Size:32-B,32-C,34-B,34-C",Rs.,599,239,60% off,Lingerie&Nightwear-Women
clovia,CLOVIA63,CLOVIA63 - Lingerie&Nightwear-Women,womens cotton rich pyjamas - pink,"Size:Large,Medium,Small,X-Large",Rs.,999,599,40% off,Lingerie&Nightwear-Women
clovia,CLOVIA64,CLOVIA64 - Lingerie&Nightwear-Women,womens cotton padded non-wired plunge multiway t-shirt bra - black,"Size:30-C,32-C,32-D,34-C,34-D,36-C,38-B,38-C,40-B",Rs.,1199,479,60% off,Lingerie&Nightwear-Women
clovia,CLOVIA65,CLOVIA65 - Lingerie&Nightwear-Women,womens cotton rich non-padded non-wired bra with mesh neck - grey,"Size:32-B,32-C,34-B,34-C,36-B",Rs.,599,239,60% off,Lingerie&Nightwear-Women
clovia,CLOVIA66,CLOVIA66 - Lingerie&Nightwear-Women,womens non padded wirefree denim inspired t shirt bra blue - blue,"Size:32-B,32-C,32-D,34-B,34-C,36-B,38-B",Rs.,699,419,40% off,Lingerie&Nightwear-Women
clovia,CLOVIA67,CLOVIA67 - Lingerie&Nightwear-Women,womens cotton text print top - yellow,"Size:Large,Medium,Small,X-Large",Rs.,571,228,60% off,Lingerie&Nightwear-Women
clovia,CLOVIA68,CLOVIA68 - Lingerie&Nightwear-Women,womens full coverage bra - natural,"Size:32-B,32-C,34-C",Rs.,599,239,60% off,Lingerie&Nightwear-Women
clovia,CLOVIA69,CLOVIA69 - Lingerie&Nightwear-Women,womens non padded non wired printed full coverage bra - pink,Size:32-C,Rs.,499,249,50% off,Lingerie&Nightwear-Women
clovia,CLOVIA70,CLOVIA70 - Lingerie&Nightwear-Women,womens cotton rich non-padded non-wired t-shirt bra - pink,"Size:34-C,36-D",Rs.,342,205,40% off,Lingerie&Nightwear-Women
clovia,CLOVIA71,CLOVIA71 - Lingerie&Nightwear-Women,womens cotton non-padded non-wired full cup bra - grey,"Size:32-B,32-C,34-C",Rs.,599,239,60% off,Lingerie&Nightwear-Women
clovia,CLOVIA72,CLOVIA72 - Lingerie&Nightwear-Women,womens padded non-wired floral print t-shirt bra - white,"Size:32-C,32-D",Rs.,614,245,60% off,Lingerie&Nightwear-Women
clovia,CLOVIA73,CLOVIA73 - Lingerie&Nightwear-Women,womens cotton rich non-padded non-wired full cup bra - natural,"Size:32-B,32-C,34-B,34-C",Rs.,599,239,60% off,Lingerie&Nightwear-Women
clovia,CLOVIA74,CLOVIA74 - Lingerie&Nightwear-Women,womens non padded non wired plunge bra - blue,"Size:32-C,34-C,36-B,36-C,40-B",Rs.,599,359,40% off,Lingerie&Nightwear-Women
clovia,CLOVIA75,CLOVIA75 - Lingerie&Nightwear-Women,womens non-padded non-wired bra - yellow,"Size:32-B,32-C,32-D,34-B,34-C",Rs.,599,299,50% off,Lingerie&Nightwear-Women
clovia,CLOVIA76,CLOVIA76 - Lingerie&Nightwear-Women,womens full coverage bra - orange,"Size:32-B,32-C,34-B,34-C",Rs.,599,359,40% off,Lingerie&Nightwear-Women
clovia,CLOVIA77,CLOVIA77 - Lingerie&Nightwear-Women,womens non padded non wired full coverage bra - pink,"Size:32-B,32-C,32-D,34-B,34-C,34-D,36-B,36-C,38-B,38-C,40-B,40-C",Rs.,599,359,40% off,Lingerie&Nightwear-Women
clovia,CLOVIA78,CLOVIA78 - Lingerie&Nightwear-Women,womens full coverage bra - black,"Size:32-B,34-B,36-B,38-B",Rs.,699,419,40% off,Lingerie&Nightwear-Women
clovia,CLOVIA79,CLOVIA79 - Lingerie&Nightwear-Women,womens non-padded non-wired t-shirt bra - pink,"Size:32-B,32-C,32-D,34-C,36-B,36-C,38-B,38-C,40-B,40-C",Rs.,599,359,40% off,Lingerie&Nightwear-Women
clovia,CLOVIA80,CLOVIA80 - Lingerie&Nightwear-Women,womens non padded non wired solid t-shirt bra - white,"Size:32-B,32-C",Rs.,699,419,40% off,Lingerie&Nightwear-Women
clovia,CLOVIA81,CLOVIA81 - Lingerie&Nightwear-Women,cotton rich t shirt bra with cross-over moulded cups - black,"Size:32-C,34-C,36-B,38-B",Rs.,599,359,40% off,Lingerie&Nightwear-Women
clovia,CLOVIA82,CLOVIA82 - Lingerie&Nightwear-Women,womens cotton mid waist hipster panty with inner elastic - pink,"Size:Large,Medium,Small",Rs.,499,299,40% off,Lingerie&Nightwear-Women
clovia,CLOVIA83,CLOVIA83 - Lingerie&Nightwear-Women,womens non padded wirefree denim look t shirt bra black - black,Size:32-C,Rs.,599,239,60% off,Lingerie&Nightwear-Women
clovia,CLOVIA84,CLOVIA84 - Lingerie&Nightwear-Women,womens cotton rich non-padded non-wired t-shirt bra with lace - black,"Size:32-B,32-C,32-D,34-B,34-C,36-B,36-C,38-C",Rs.,599,359,40% off,Lingerie&Nightwear-Women
clovia,CLOVIA85,CLOVIA85 - Lingerie&Nightwear-Women,womens non-padded non-wired polka print bra - grey,"Size:32-C,34-B,34-C",Rs.,599,299,50% off,Lingerie&Nightwear-Women
clovia,CLOVIA86,CLOVIA86 - Lingerie&Nightwear-Women,womens non padded non wired full coverage bra - black,"Size:32-B,32-C",Rs.,599,239,60% off,Lingerie&Nightwear-Women
clovia,CLOVIA87,CLOVIA87 - Lingerie&Nightwear-Women,womens lace night dress and robe set - maroon,Nan,Rs.,3999,1599,60% off,Lingerie&Nightwear-Women
clovia,CLOVIA88,CLOVIA88 - Lingerie&Nightwear-Women,womens non wired solid full coverage bra - purple,"Size:32-B,32-C,34-B,34-C",Rs.,599,239,60% off,Lingerie&Nightwear-Women
clovia,CLOVIA89,CLOVIA89 - Lingerie&Nightwear-Women,womens cotton non-padded non-wired printed bra - green,"Size:32-B,32-C,32-D,34-B",Rs.,599,239,60% off,Lingerie&Nightwear-Women
clovia,CLOVIA90,CLOVIA90 - Lingerie&Nightwear-Women,womens padded non wired full coverage demi cup bra - orange,"Size:32-C,34-C",Rs.,599,239,60% off,Lingerie&Nightwear-Women
clovia,CLOVIA91,CLOVIA91 - Lingerie&Nightwear-Women,womens full coverage - green,"Size:32-B,32-C,34-B,34-C,36-B,36-C",Rs.,599,359,40% off,Lingerie&Nightwear-Women
clovia,CLOVIA92,CLOVIA92 - Lingerie&Nightwear-Women,womens cotton mid waist printed hipster panty with sheer panels - red,Size:Small,Rs.,499,199,60% off,Lingerie&Nightwear-Women
clovia,CLOVIA93,CLOVIA93 - Lingerie&Nightwear-Women,womens cotton rich non-padded non-wired bra - white,"Size:32-C,32-D,34-B,34-C,34-D,36-B,36-C,36-D,38-B,38-C,40-B,40-C,42-B",Rs.,599,359,40% off,Lingerie&Nightwear-Women
clovia,CLOVIA94,CLOVIA94 - Lingerie&Nightwear-Women,womens cotton rich non-padded non-wired multiway t-shirt bra - red,"Size:32-B,32-C,32-D,34-B,34-C,36-B,36-C,36-D,38-B,38-C,40-B",Rs.,599,359,40% off,Lingerie&Nightwear-Women
clovia,CLOVIA95,CLOVIA95 - Lingerie&Nightwear-Women,womens cotton non padded wirefree demi cup bra brown - brown,"Size:32-B,32-C,34-B",Rs.,599,239,60% off,Lingerie&Nightwear-Women
clovia,CLOVIA96,CLOVIA96 - Lingerie&Nightwear-Women,womens padded underwired checkered print t-shirt bra - multi,"Size:32-C,32-D,40-B",Rs.,1299,519,60% off,Lingerie&Nightwear-Women
clovia,CLOVIA97,CLOVIA97 - Lingerie&Nightwear-Women,womens non-padded non- wired bra in light blue - cotton rich - blue,"Size:32-B,32-C,34-B,34-C",Rs.,599,299,50% off,Lingerie&Nightwear-Women
clovia,CLOVIA98,CLOVIA98 - Lingerie&Nightwear-Women,womens cotton rich non-padded non-wired bra with lace - natural,"Size:32-B,32-C,34-B,34-C",Rs.,599,239,60% off,Lingerie&Nightwear-Women
clovia,CLOVIA99,CLOVIA99 - Lingerie&Nightwear-Women,womens cotton mid waist hipster panty with lace insert - blue,"Size:Large,Medium,Small,X-Large,XX-Large,XXX-Large",Rs.,499,299,40% off,Lingerie&Nightwear-Women
clovia,CLOVIA100,CLOVIA100 - Lingerie&Nightwear-Women,womens cotton rich non-padded non-wired bra - green,"Size:32-B,32-C",Rs.,599,239,60% off,Lingerie&Nightwear-Women
clovia,CLOVIA101,CLOVIA101 - Lingerie&Nightwear-Women,womens cotton rich non-padded non-wired striped bra - orange,"Size:32-B,32-C",Rs.,599,239,60% off,Lingerie&Nightwear-Women
clovia,CLOVIA102,CLOVIA102 - Lingerie&Nightwear-Women,womens non-padded non-wired bra - blue,"Size:32-B,32-C",Rs.,599,239,60% off,Lingerie&Nightwear-Women
clovia,CLOVIA103,CLOVIA103 - Lingerie&Nightwear-Women,womens cotton non-padded non-wired printed full cup bra - white,"Size:32-B,32-C,32-D,34-B,34-C",Rs.,599,239,60% off,Lingerie&Nightwear-Women
clovia,CLOVIA104,CLOVIA104 - Lingerie&Nightwear-Women,womens full coverage - maroon,"Size:32-B,32-C,34-B,34-C,36-B,36-C,38-B,38-C,40-B",Rs.,599,359,40% off,Lingerie&Nightwear-Women
clovia,CLOVIA105,CLOVIA105 - Lingerie&Nightwear-Women,womens padded underwired level 1 push up balconette bra in light pink - lace - pink,Size:36-B,Rs.,1499,599,60% off,Lingerie&Nightwear-Women
clovia,CLOVIA106,CLOVIA106 - Lingerie&Nightwear-Women,womens cotton rich non-padded non-wired bra - grey,"Size:32-B,32-C,34-B,34-C",Rs.,599,239,60% off,Lingerie&Nightwear-Women
clovia,CLOVIA107,CLOVIA107 - Lingerie&Nightwear-Women,womens cotton non-padded non-wired animal print bra - pink,"Size:32-B,32-C,32-D,34-C",Rs.,599,239,60% off,Lingerie&Nightwear-Women
clovia,CLOVIA108,CLOVIA108 - Lingerie&Nightwear-Women,womens saree shapewear with drawstring - blue,Size:Small,Rs.,1999,799,60% off,Lingerie&Nightwear-Women
clovia,CLOVIA109,CLOVIA109 - Lingerie&Nightwear-Women,womens cotton rich non padded non wired t shirt bra - red,"Size:32-C,32-D,34-B,36-B,38-B",Rs.,599,299,50% off,Lingerie&Nightwear-Women
clovia,CLOVIA110,CLOVIA110 - Lingerie&Nightwear-Women,womens cotton rich floral print non-padded non-wired bra - blue,"Size:32-B,32-C,34-C",Rs.,599,239,60% off,Lingerie&Nightwear-Women
clovia,CLOVIA111,CLOVIA111 - Lingerie&Nightwear-Women,womens non-padded bra - natural,"Size:32-B,32-C,36-C",Rs.,599,359,40% off,Lingerie&Nightwear-Women
clovia,CLOVIA112,CLOVIA112 - Lingerie&Nightwear-Women,womens cotton rich text print t-shirt - pink,"Size:Large,Medium,Small,X-Large",Rs.,999,499,50% off,Lingerie&Nightwear-Women
clovia,CLOVIA113,CLOVIA113 - Lingerie&Nightwear-Women,womens non-padded non-wired bra - blue,"Size:32-B,32-C,32-D,34-B,34-C",Rs.,599,239,60% off,Lingerie&Nightwear-Women
clovia,CLOVIA114,CLOVIA114 - Lingerie&Nightwear-Women,womens cotton non padded wirefree demi cup bra orange - orange,"Size:32-C,34-B,34-C",Rs.,599,239,60% off,Lingerie&Nightwear-Women
clovia,CLOVIA115,CLOVIA115 - Lingerie&Nightwear-Women,womens cotton non-padded non-wired floral print bra - grey,Size:32-C,Rs.,599,239,60% off,Lingerie&Nightwear-Women
clovia,CLOVIA116,CLOVIA116 - Lingerie&Nightwear-Women,womens cotton rich non-padded non-wired bra with lace - maroon,Size:32-C,Rs.,599,239,60% off,Lingerie&Nightwear-Women
clovia,CLOVIA117,CLOVIA117 - Lingerie&Nightwear-Women,womens padded non-wired printed t-shirt bra - white,"Size:32-D,34-D,40-B",Rs.,1199,479,60% off,Lingerie&Nightwear-Women
clovia,CLOVIA118,CLOVIA118 - Lingerie&Nightwear-Women,womens non-padded non-wired bra in blue - cotton rich - blue,"Size:32-B,32-C",Rs.,599,299,50% off,Lingerie&Nightwear-Women
clovia,CLOVIA119,CLOVIA119 - Lingerie&Nightwear-Women,womens cotton rich non-padded non-wired bra - grey,"Size:32-B,32-C,32-D,34-B,36-B",Rs.,599,239,60% off,Lingerie&Nightwear-Women
clovia,CLOVIA120,CLOVIA120 - Lingerie&Nightwear-Women,womens solid non padded non wired full coverage bra - blue,"Size:32-B,32-C,34-B,34-C,36-B,38-B",Rs.,599,359,40% off,Lingerie&Nightwear-Women
clovia,CLOVIA121,CLOVIA121 - Lingerie&Nightwear-Women,womens padded non wired level 1 push up multiway t shirt bra in purple - peach,"Size:32-D,36-B,38-C",Rs.,899,539,40% off,Lingerie&Nightwear-Women
clovia,CLOVIA122,CLOVIA122 - Lingerie&Nightwear-Women,womens cotton mid waist printed teen hipster panty in yellow - yellow,Size:Small,Rs.,499,199,60% off,Lingerie&Nightwear-Women
clovia,CLOVIA123,CLOVIA123 - Lingerie&Nightwear-Women,womens cotton rich non-padded non-wired bra - blue,"Size:32-B,32-C",Rs.,599,239,60% off,Lingerie&Nightwear-Women
clovia,CLOVIA124,CLOVIA124 - Lingerie&Nightwear-Women,womens cotton rich non-padded non-wired bra - blue,Size:32-C,Rs.,599,239,60% off,Lingerie&Nightwear-Women
clovia,CLOVIA125,CLOVIA125 - Lingerie&Nightwear-Women,womens non-padded non-wired bra - cotton rich - natural,Size:32-B,Rs.,599,239,60% off,Lingerie&Nightwear-Women
clovia,CLOVIA126,CLOVIA126 - Lingerie&Nightwear-Women,womens striped non-padded non-wired bra - grey,"Size:32-B,32-C",Rs.,599,239,60% off,Lingerie&Nightwear-Women
clovia,CLOVIA127,CLOVIA127 - Lingerie&Nightwear-Women,womens cotton non-padded non-wired bra - natural,"Size:32-B,32-C",Rs.,599,239,60% off,Lingerie&Nightwear-Women
clovia,CLOVIA128,CLOVIA128 - Lingerie&Nightwear-Women,womens cotton rich non-padded non-wired pineapple print bra - pink,"Size:32-B,32-C",Rs.,599,239,60% off,Lingerie&Nightwear-Women
clovia,CLOVIA129,CLOVIA129 - Lingerie&Nightwear-Women,womens cotton non-wired non-padded printed bra with racerback - green,"Size:32-B,32-C,34-B,36-B,36-C",Rs.,599,239,60% off,Lingerie&Nightwear-Women
clovia,CLOVIA130,CLOVIA130 - Lingerie&Nightwear-Women,womens cotton rich non-padded non-wired cherry print bra - multi,"Size:32-B,32-C",Rs.,599,239,60% off,Lingerie&Nightwear-Women
clovia,CLOVIA131,CLOVIA131 - Lingerie&Nightwear-Women,womens cotton rich non-padded non-wired bra with mesh inserts - grey,"Size:32-B,32-C,34-B,34-C",Rs.,599,299,50% off,Lingerie&Nightwear-Women
clovia,CLOVIA132,CLOVIA132 - Lingerie&Nightwear-Women,womens slub boxer shorts - grey,"Size:Large,Medium,Small,X-Large,XX-Large",Rs.,499,349,30% off,Lingerie&Nightwear-Women
clovia,CLOVIA133,CLOVIA133 - Lingerie&Nightwear-Women,womens cotton rich text print top in green - green,"Size:Large,Medium,Small,X-Large",Rs.,571,285,50% off,Lingerie&Nightwear-Women
clovia,CLOVIA134,CLOVIA134 - Lingerie&Nightwear-Women,womens cotton rich non-padded non-wired bra - white,"Size:32-B,32-C,32-D,34-B,34-C,34-D,36-B,36-C,36-D",Rs.,599,359,40% off,Lingerie&Nightwear-Women
clovia,CLOVIA135,CLOVIA135 - Lingerie&Nightwear-Women,womens cotton rich non-wired spacer cup t-shirt bra - natural,"Size:32-B,32-C,32-D,34-B,34-C,34-D,36-C,38-B,40-C",Rs.,599,359,40% off,Lingerie&Nightwear-Women
clovia,CLOVIA136,CLOVIA136 - Lingerie&Nightwear-Women,womens non-padded non-wired printed full cup bra - black,"Size:32-C,34-C",Rs.,599,239,60% off,Lingerie&Nightwear-Women
clovia,CLOVIA137,CLOVIA137 - Lingerie&Nightwear-Women,womens non padded non wired full coverage bra - green,Size:32-C,Rs.,699,279,60% off,Lingerie&Nightwear-Women
clovia,CLOVIA138,CLOVIA138 - Lingerie&Nightwear-Women,womens cotton rich full cup lacy bra white - white,"Size:32-C,32-D,34-D,36-B,36-D,38-B",Rs.,599,359,40% off,Lingerie&Nightwear-Women
clovia,CLOVIA139,CLOVIA139 - Lingerie&Nightwear-Women,womens padded non-wired t-shirt bra - pink,"Size:32-B,32-C,32-D,34-B,34-C,34-D,36-B,36-C,36-D,38-B,38-C,40-B,40-C",Rs.,1199,479,60% off,Lingerie&Nightwear-Women
clovia,CLOVIA140,CLOVIA140 - Lingerie&Nightwear-Women,womens non padded non wired solid full coverage bra - yellow,"Size:32-B,32-C",Rs.,699,279,60% off,Lingerie&Nightwear-Women
clovia,CLOVIA141,CLOVIA141 - Lingerie&Nightwear-Women,womens cotton non-padded non-wired full cup bra - grey,Size:32-C,Rs.,599,239,60% off,Lingerie&Nightwear-Women
clovia,CLOVIA142,CLOVIA142 - Lingerie&Nightwear-Women,womens non-padded non-wired bra in light grey - 100% cotton - grey,Size:32-C,Rs.,599,299,50% off,Lingerie&Nightwear-Women
clovia,CLOVIA143,CLOVIA143 - Lingerie&Nightwear-Women,womens non-padded full cup bra - blue,"Size:32-B,32-C,34-B,34-C,36-B,38-C,40-B",Rs.,599,359,40% off,Lingerie&Nightwear-Women
clovia,CLOVIA144,CLOVIA144 - Lingerie&Nightwear-Women,cotton rich non-padded full support bra - off white,Size:32-B,Rs.,599,359,40% off,Lingerie&Nightwear-Women
clovia,CLOVIA145,CLOVIA145 - Lingerie&Nightwear-Women,womens cotton non-padded non-wired self printed bra - black,"Size:32-B,32-C,32-D",Rs.,599,239,60% off,Lingerie&Nightwear-Women
clovia,CLOVIA146,CLOVIA146 - Lingerie&Nightwear-Women,womens cotton rich non-padded non-wired floral & polka print bra - grey,"Size:32-B,32-C,34-B,34-C",Rs.,599,239,60% off,Lingerie&Nightwear-Women
clovia,CLOVIA147,CLOVIA147 - Lingerie&Nightwear-Women,womens cotton rich non-padded non-wired floral print bra - blue,Size:32-C,Rs.,599,239,60% off,Lingerie&Nightwear-Women
coach,COACH1,COACH1 - Watches-Women,womens grey dial leather analogue watch,Nan,Rs.,9995,4997,50% off,Watches-Women
coach,COACH2,COACH2 - Watches-Women,womens white leather analogue watch  - 14000060,Nan,Rs.,22995,11497,50% off,Watches-Women
coach,COACH3,COACH3 - Watches-Women,womens park blue dial stainless steel analogue watch - ncco14503567w,Nan,Rs.,22000,13200,40% off,Watches-Women
coach,COACH4,COACH4 - Watches-Women,womens silver stainless steel analogue watch  - 14503077,Nan,Rs.,17500,8750,50% off,Watches-Women
coach,COACH5,COACH5 - Watches-Women,womens 32 mm perry black dial stainless steel analog watch - co14503426w,Nan,Rs.,94.5,11995,10% off,Watches-Women
coach,COACH6,COACH6 - Watches-Women,womens purple dial metallic analogue watch - co14503422w,Nan,Rs.,22500,13500,40% off,Watches-Women
coach,COACH7,COACH7 - Watches-Women,womens perry white dial leather analogue watch - ncco14503797w,Nan,Rs.,9495,7596,20% off,Watches-Women
coach,COACH8,COACH8 - Watches-Women,womens perry silver white dial stainless steel analogue watch - ncco14503576w,Nan,Rs.,94.5,12995,10% off,Watches-Women
coach,COACH9,COACH9 - Watches-Women,womens 35 mm audrey mother of pearl dial stainless steel analog watch - co14503827w,Nan,Rs.,94.5,20995,10% off,Watches-Women
coach,COACH10,COACH10 - Watches-Women,womens audrey white dial stainless steel analogue watch - ncco14503360w,Nan,Rs.,20995,14696,30% off,Watches-Women
coach,COACH11,COACH11 - Watches-Women,womens perry silver white dial stainless steel analogue watch - ncco14503639w,Nan,Rs.,94.5,14995,10% off,Watches-Women
coach,COACH12,COACH12 - Watches-Women,womens white stainless steel analogue watch  - 14503360,Nan,Rs.,20995,14696,30% off,Watches-Women
coach,COACH13,COACH13 - Watches-Women,womens white leather analogue watch  - 14503349,Nan,Rs.,21500,10750,50% off,Watches-Women
coach,COACH14,COACH14 - Watches-Women,womens preston white dial stainless steel analogue watch - ncco14503776w,Nan,Rs.,94.5,21995,10% off,Watches-Women
coach,COACH15,COACH15 - Watches-Women,womens silver stainless steel analogue watch  - 14503070,Nan,Rs.,22995,18396,20% off,Watches-Women
coach,COACH16,COACH16 - Watches-Women,womens 36 mm perry red dial leather analog watch - co14503851w,Nan,Rs.,94.5,11995,10% off,Watches-Women
coach,COACH17,COACH17 - Watches-Women,womens grey stainless steel analogue watch  - 14503356,Nan,Rs.,22995,13797,40% off,Watches-Women
coach,COACH18,COACH18 - Watches-Women,womens 33.25 mm preston mother of pearl dial stainless steel analogue watch - co14503662w,Nan,Rs.,28495,17097,40% off,Watches-Women
coach,COACH19,COACH19 - Watches-Women,womens 32 mm arden white dial stainless steel analogue watch - co14503819w,Nan,Rs.,44.5,20495,10% off,Watches-Women
coach,COACH20,COACH20 - Watches-Women,womens preston black dial ceramic analogue watch - co14503805w,Nan,Rs.,94.5,21995,10% off,Watches-Women
coach,COACH21,COACH21 - Watches-Women,womens 32 mm arden black dial stainless steel analogue watch - co14503821w,Nan,Rs.,44.5,20495,10% off,Watches-Women
coach,COACH22,COACH22 - Watches-Women,womens 38 mm arden navy dial stainless steel multi-function watch - co14503734w,Nan,Rs.,21495,15046,30% off,Watches-Women
coach,COACH23,COACH23 - Watches-Women,womens 38 mm preston blush dial stainless steel analogue watch - co14503772w,Nan,Rs.,94.5,21995,10% off,Watches-Women
coach,COACH24,COACH24 - Fragrance-Women,mens blue eau de toilette 60 ml,Nan,Rs.,0,4000,10% off,Fragrance-Women
coach,COACH25,COACH25 - Fragrance-Women,womens floral edp 50 ml,Nan,Rs.,0,4700,10% off,Fragrance-Women
coach,COACH26,COACH26 - Fragrance-Women,womens floral blush eau de parfum natural spray 50 ml,Nan,Rs.,5,4950,10% off,Fragrance-Women
coach,COACH27,COACH27 - Fragrance-Women,womens dreams - eau de parfum 60 ml,Nan,Rs.,5,4950,10% off,Fragrance-Women
coach,COACH28,COACH28 - Fragrance-Women,womens eau de toilette 90 ml,Nan,Rs.,0,5500,10% off,Fragrance-Women
coach,COACH29,COACH29 - Fragrance-Women,womens eau de parfum 30 ml,Nan,Rs.,0,3200,10% off,Fragrance-Women
coach,COACH30,COACH30 - Fragrance-Women,womens floral blush eau de parfum natural spray 90 ml,Nan,Rs.,5,6350,10% off,Fragrance-Women
coach,COACH31,COACH31 - Fragrance-Women,womens dreams - eau de parfum 90 ml,Nan,Rs.,5,6350,10% off,Fragrance-Women
colour me,COLOUR ME1,COLOUR ME1 - Fragrance-Women,womens femme pink eau de parfum 100 ml,Nan,Rs.,0,1700,10% off,Fragrance-Women
colour me,COLOUR ME2,COLOUR ME2 - Fragrance-Women,womens femme red eau de parfum 50 ml,Nan,Rs.,0.9,699,10% off,Fragrance-Women
colour me,COLOUR ME3,COLOUR ME3 - Fragrance-Women,womens femme gold eau de parfum 100 ml,Nan,Rs.,0,1700,10% off,Fragrance-Women
colour me,COLOUR ME4,COLOUR ME4 - Fragrance-Women,womens femme violet eau de parfum 50 ml,Nan,Rs.,0.9,699,10% off,Fragrance-Women
colour me,COLOUR ME5,COLOUR ME5 - Fragrance-Women,womens femme purple eau de parfum 100 ml,Nan,Rs.,0,1700,10% off,Fragrance-Women
colour me,COLOUR ME6,COLOUR ME6 - Fragrance-Women,mens homme blue eau de toilette 50 ml,Nan,Rs.,0.9,699,10% off,Fragrance-Women
colour me,COLOUR ME7,COLOUR ME7 - Fragrance-Women,womens femme sky blue eau de parfum 50 ml,Nan,Rs.,0.9,699,10% off,Fragrance-Women
cover story,COVER STORY1,COVER STORY1 - Westernwear-Women,solid round neck cotton womens regular dress - dark brown,"Size:Large,Medium,Small,X-Large,X-Small",Rs.,2890,1445,50% off,Westernwear-Women
cover story,COVER STORY2,COVER STORY2 - Westernwear-Women,printed polyester round neck womens dress - black,"Size:Medium,Small,X-Large,X-Small",Rs.,4490,3143,30% off,Westernwear-Women
cover story,COVER STORY3,COVER STORY3 - Westernwear-Women,regular fit polyester womens casual trousers - pink,"Size:26,28,30,32,34",Rs.,2590,1813,30% off,Westernwear-Women
cover story,COVER STORY4,COVER STORY4 - Westernwear-Women,solid viscose collar neck womens top - peach,"Size:Small,X-Small",Rs.,2290,1603,30% off,Westernwear-Women
cover story,COVER STORY5,COVER STORY5 - Westernwear-Women,solid cotton spandex round neck womens t-shirt - pink,"Size:Large,Medium,X-Large,X-Small",Rs.,990,693,30% off,Westernwear-Women
cover story,COVER STORY6,COVER STORY6 - Westernwear-Women,solid cotton round neck womens regular dress - pink,"Size:Large,Medium,Small,X-Large,X-Small",Rs.,2890,1734,40% off,Westernwear-Women
cover story,COVER STORY7,COVER STORY7 - Westernwear-Women,solid polyester regular womens casual wear trousers - mint,"Size:26,28,30,32,34",Rs.,2590,1813,30% off,Westernwear-Women
cover story,COVER STORY8,COVER STORY8 - Westernwear-Women,printed polyester v neck womens maxi dress - navy,"Size:Large,Medium,Small,X-Large,X-Small",Rs.,9,3490,10% off,Westernwear-Women
cover story,COVER STORY9,COVER STORY9 - Westernwear-Women,solid polyester square neck womens top - red,"Size:Medium,Small,X-Large,X-Small",Rs.,1590,795,50% off,Westernwear-Women
cover story,COVER STORY10,COVER STORY10 - Westernwear-Women,solid cotton spandex round neck womens t-shirt - mint,"Size:Large,Medium,Small,X-Large,X-Small",Rs.,990,693,30% off,Westernwear-Women
cover story,COVER STORY11,COVER STORY11 - Westernwear-Women,solid cotton round neck womens sweater - pink,"Size:Large,Medium,X-Large,X-Small",Rs.,1990,1194,40% off,Westernwear-Women
cover story,COVER STORY12,COVER STORY12 - Westernwear-Women,solid regular fit polyester womens trousers - rust,"Size:26,28,30,32,34",Rs.,2990,2093,30% off,Westernwear-Women
cover story,COVER STORY13,COVER STORY13 - Westernwear-Women,solid regular polyester womens casual wear trousers - olive,"Size:26,28,30,32,34",Rs.,2990,2093,30% off,Westernwear-Women
cover story,COVER STORY14,COVER STORY14 - Westernwear-Women,printed v neck cotton womens dresses - black,"Size:Large,Medium,Small,X-Small",Rs.,2590,1813,30% off,Westernwear-Women
cover story,COVER STORY15,COVER STORY15 - Westernwear-Women,printed polyester v neck womens dress - black,"Size:Large,Medium,Small,X-Large,X-Small",Rs.,9,2990,10% off,Westernwear-Women
cover story,COVER STORY16,COVER STORY16 - Westernwear-Women,printed viscose sweetheart neck womens top - red,"Size:Large,Medium,Small,X-Large,X-Small",Rs.,1590,1113,30% off,Westernwear-Women
cover story,COVER STORY17,COVER STORY17 - Westernwear-Women,regular fit knee length cotton poly spandex womens casual skirt - pink,"Size:26,28,30,32,34",Rs.,1290,690,47% off,Westernwear-Women
cover story,COVER STORY18,COVER STORY18 - Westernwear-Women,printed recycle polyester womens dress - pink,"Size:Large,Medium,Small,X-Large",Rs.,2490,1494,40% off,Westernwear-Women
cover story,COVER STORY19,COVER STORY19 - Westernwear-Women,solid viscose round neck womens top - rust,"Size:Large,Medium,Small,X-Small",Rs.,2290,1603,30% off,Westernwear-Women
cover story,COVER STORY20,COVER STORY20 - Westernwear-Women,printed round neck poly mesh womens regular dress - pink,"Size:Small,X-Small",Rs.,3790,2274,40% off,Westernwear-Women
cover story,COVER STORY21,COVER STORY21 - Westernwear-Women,solid regular fit poly cotton womens trousers - blue,"Size:26,28,30,32,34",Rs.,1990,1194,40% off,Westernwear-Women
cover story,COVER STORY22,COVER STORY22 - Westernwear-Women,solid cotton spandex round neck womens t-shirt - lavender,"Size:Large,Medium,Small,X-Large,X-Small",Rs.,990,693,30% off,Westernwear-Women
cover story,COVER STORY23,COVER STORY23 - Westernwear-Women,solid viscose round neck womens dress - green,"Size:Large,Medium,Small,X-Large,X-Small",Rs.,2890,2023,30% off,Westernwear-Women
cover story,COVER STORY24,COVER STORY24 - Westernwear-Women,solid poly spandex womens regular dress - grey,"Size:Large,Medium,X-Large",Rs.,5490,3294,40% off,Westernwear-Women
cover story,COVER STORY25,COVER STORY25 - Westernwear-Women,solid regular polyester womens casual wear trousers - black,"Size:26,28,30,32,34",Rs.,9,2590,10% off,Westernwear-Women
cover story,COVER STORY26,COVER STORY26 - Westernwear-Women,solid blended v neck womens t-shirt - grey,"Size:Large,Medium,Small,X-Large,X-Small",Rs.,9,1490,10% off,Westernwear-Women
cover story,COVER STORY27,COVER STORY27 - Westernwear-Women,solid round neck poly spandex womens dresses - wine,Size:X-Small,Rs.,3490,2443,30% off,Westernwear-Women
cover story,COVER STORY28,COVER STORY28 - Westernwear-Women,solid rayon nylon spandex sweetheart neck womens dress - blue,"Size:Large,Medium,Small,X-Large,X-Small",Rs.,2890,2023,30% off,Westernwear-Women
cover story,COVER STORY29,COVER STORY29 - Westernwear-Women,solid square neck polyester womens regular dress - navy,"Size:Large,Medium,X-Large,X-Small",Rs.,3490,1745,50% off,Westernwear-Women
cover story,COVER STORY30,COVER STORY30 - Westernwear-Women,solid cotton spandex round neck womens t-shirt - blue,"Size:Large,X-Large",Rs.,990,693,30% off,Westernwear-Women
cover story,COVER STORY31,COVER STORY31 - Westernwear-Women,solid poly spandex v neck womens dress - wine,"Size:Large,Medium,Small,X-Large,X-Small",Rs.,2590,1813,30% off,Westernwear-Women
cover story,COVER STORY32,COVER STORY32 - Westernwear-Women,printed viscose spandex square neck womens t-shirt - white,"Size:X-Large,X-Small",Rs.,1290,690,47% off,Westernwear-Women
cover story,COVER STORY33,COVER STORY33 - Westernwear-Women,solid poly blend collar neck womens top - purple,"Size:Large,Medium,Small,X-Large,X-Small",Rs.,9,1490,10% off,Westernwear-Women
cover story,COVER STORY34,COVER STORY34 - Westernwear-Women,solid poly spandex womens top - wine,"Size:Large,Medium,Small,X-Large,X-Small",Rs.,890,534,40% off,Westernwear-Women
cover story,COVER STORY35,COVER STORY35 - Westernwear-Women,printed poly blend v neck womens top - orange,"Size:Large,Medium,Small,X-Large,X-Small",Rs.,1790,1253,30% off,Westernwear-Women
cover story,COVER STORY36,COVER STORY36 - Westernwear-Women,printed poly blend regular fit womens trousers - orange,"Size:26,28,30,32,34",Rs.,2490,1743,30% off,Westernwear-Women
cover story,COVER STORY37,COVER STORY37 - Westernwear-Women,solid viscose v neck womens top - green,"Size:Large,Medium,Small,X-Large,X-Small",Rs.,1890,1323,30% off,Westernwear-Women
cover story,COVER STORY38,COVER STORY38 - Westernwear-Women,solid cotton round neck womens t-shirt - olive,"Size:Large,Medium,Small,X-Large",Rs.,1890,945,50% off,Westernwear-Women
cover story,COVER STORY39,COVER STORY39 - Westernwear-Women,solid polyester square neck womens dress - fuchsia,"Size:Large,Medium,Small,X-Large,X-Small",Rs.,9,2590,10% off,Westernwear-Women
cover story,COVER STORY40,COVER STORY40 - Westernwear-Women,solid rayon nylon spandex regular fit womens casual trousers - black,"Size:26,28,30,32,34",Rs.,2519,2290,10% off,Westernwear-Women
cover story,COVER STORY41,COVER STORY41 - Westernwear-Women,solid round neck cotton poly spandex womens regular dress - pink,"Size:Large,Medium,Small,X-Small",Rs.,2290,1374,40% off,Westernwear-Women
cover story,COVER STORY42,COVER STORY42 - Westernwear-Women,solid square neck poly spandex womens regular top - natural,"Size:Large,Medium,X-Large,X-Small",Rs.,2490,1494,40% off,Westernwear-Women
cover story,COVER STORY43,COVER STORY43 - Westernwear-Women,solid round neck polyester womens regular top - grey,"Size:Small,X-Small",Rs.,1590,990,38% off,Westernwear-Women
cover story,COVER STORY44,COVER STORY44 - Westernwear-Women,solid poly blend round neck womens top - white,"Size:Medium,Small,X-Large",Rs.,2189,1990,10% off,Westernwear-Women
cover story,COVER STORY45,COVER STORY45 - Westernwear-Women,solid rayon nylon spandex round neck womens dress - black,"Size:Large,Medium,Small,X-Large,X-Small",Rs.,3490,2443,30% off,Westernwear-Women
cover story,COVER STORY46,COVER STORY46 - Westernwear-Women,solid polyester lurex square neck womens top - pink,"Size:Large,Medium,Small,X-Small",Rs.,1790,1253,30% off,Westernwear-Women
cover story,COVER STORY47,COVER STORY47 - Westernwear-Women,solid polyester round neck womens sweatshirt - pink,"Size:Large,Medium,Small,X-Large",Rs.,1990,995,50% off,Westernwear-Women
cover story,COVER STORY48,COVER STORY48 - Westernwear-Women,solid regular fit poly cotton womens trousers - orange,"Size:26,28,30,32,34",Rs.,1990,1194,40% off,Westernwear-Women
cover story,COVER STORY49,COVER STORY49 - Westernwear-Women,solid cotton spandex round neck womens t-shirt - lavender,"Size:Large,Medium,Small,X-Large,X-Small",Rs.,990,693,30% off,Westernwear-Women
cover story,COVER STORY50,COVER STORY50 - Westernwear-Women,solid cotton poly elastane square neck womens t-shirt - black,"Size:Large,Medium,Small,X-Large,X-Small",Rs.,1290,903,30% off,Westernwear-Women
cover story,COVER STORY51,COVER STORY51 - Westernwear-Women,solid cotton spandex round neck womens t-shirt - white,"Size:Large,Medium,Small,X-Large,X-Small",Rs.,990,693,30% off,Westernwear-Women
cover story,COVER STORY52,COVER STORY52 - Westernwear-Women,solid cotton spandex round neck womens t-shirt - green,"Size:Large,Medium,Small,X-Large,X-Small",Rs.,1290,903,30% off,Westernwear-Women
cover story,COVER STORY53,COVER STORY53 - Westernwear-Women,solid cotton spandex round neck women regular women t-shirt - white,"Size:X-Large,X-Small",Rs.,1190,690,42% off,Westernwear-Women
cover story,COVER STORY54,COVER STORY54 - Westernwear-Women,printed round neck poly mesh womens regular top - pink,Size:Medium,Rs.,2290,1603,30% off,Westernwear-Women
cover story,COVER STORY55,COVER STORY55 - Westernwear-Women,solid collar neck cotton spandex womens regular dress - green,"Size:Large,Small",Rs.,2290,1145,50% off,Westernwear-Women
cover story,COVER STORY56,COVER STORY56 - Westernwear-Women,solid cotton poly round neck womens t-shirt - peach,"Size:Large,Medium,Small,X-Large,X-Small",Rs.,1890,1134,40% off,Westernwear-Women
cover story,COVER STORY57,COVER STORY57 - Westernwear-Women,solid polyester square neck womens top - black,Size:X-Small,Rs.,1590,1113,30% off,Westernwear-Women
cover story,COVER STORY58,COVER STORY58 - Westernwear-Women,solid poly spandex regular fit womens casual trousers - black,"Size:26,32",Rs.,1590,954,40% off,Westernwear-Women
cover story,COVER STORY59,COVER STORY59 - Westernwear-Women,solid square neck poly mesh womens regular dress - lavender,"Size:Large,Medium,Small,X-Large,X-Small",Rs.,4490,2694,40% off,Westernwear-Women
cover story,COVER STORY60,COVER STORY60 - Westernwear-Women,solid regular fit rayon nylon spandex womens casual wear trousers - black,"Size:26,28,30,32",Rs.,1639,1490,10% off,Westernwear-Women
cover story,COVER STORY61,COVER STORY61 - Westernwear-Women,solid poly blend round neck womens t-shirt - orange,"Size:Large,Medium,Small,X-Large,X-Small",Rs.,1639,1490,10% off,Westernwear-Women
cover story,COVER STORY62,COVER STORY62 - Westernwear-Women,solid round neck polyester womens regular dress - pink,"Size:Large,Medium,Small,X-Large,X-Small",Rs.,3990,2394,40% off,Westernwear-Women
cover story,COVER STORY63,COVER STORY63 - Westernwear-Women,solid viscose polyester nylon collar neck womens sweater - mint,Size:Medium,Rs.,2890,2023,30% off,Westernwear-Women
cover story,COVER STORY64,COVER STORY64 - Westernwear-Women,solid cotton round neck womens sweater - black,"Size:Large,Small,X-Large",Rs.,1990,995,50% off,Westernwear-Women
cover story,COVER STORY65,COVER STORY65 - Westernwear-Women,solid polyester square neck womens dress - lime green,"Size:Large,Medium,Small,X-Large,X-Small",Rs.,2849,2590,10% off,Westernwear-Women
cover story,COVER STORY66,COVER STORY66 - Westernwear-Women,regular fit cotton womens casual trousers - black,"Size:26,28,30,32,34",Rs.,1749,1590,10% off,Westernwear-Women
cover story,COVER STORY67,COVER STORY67 - Westernwear-Women,solid cotton schifley round neck womens dress - red,"Size:Large,Medium,Small,X-Large,X-Small",Rs.,3490,2094,40% off,Westernwear-Women
cover story,COVER STORY68,COVER STORY68 - Westernwear-Women,solid poly viscose round neck womens sweater - black,"Size:Large,Medium,Small,X-Small",Rs.,2590,1813,30% off,Westernwear-Women
cover story,COVER STORY69,COVER STORY69 - Westernwear-Women,stripes blended collar neck womens dress - yellow,"Size:Large,Medium,Small,X-Large,X-Small",Rs.,2290,1603,30% off,Westernwear-Women
cover story,COVER STORY70,COVER STORY70 - Westernwear-Women,solid cotton round neck womens sweatshirt - mint,"Size:Large,Medium,Small,X-Large,X-Small",Rs.,1790,1074,40% off,Westernwear-Women
cover story,COVER STORY71,COVER STORY71 - Westernwear-Women,solid cotton round neck womens sweater - lime green,"Size:Large,Medium,Small,X-Large,X-Small",Rs.,1890,1134,40% off,Westernwear-Women
cover story,COVER STORY72,COVER STORY72 - Westernwear-Women,solid polyester women sequin women dress - lilac,"Size:Large,Small",Rs.,4490,2245,50% off,Westernwear-Women
cover story,COVER STORY73,COVER STORY73 - Westernwear-Women,solid round neck rayon nylon spandex womens regular top - pink,Size:X-Small,Rs.,2590,1554,40% off,Westernwear-Women
cover story,COVER STORY74,COVER STORY74 - Westernwear-Women,solid cotton poly round neck womens sweatshirt - blue,"Size:Large,Medium,Small,X-Large,X-Small",Rs.,1790,1074,40% off,Westernwear-Women
cover story,COVER STORY75,COVER STORY75 - Westernwear-Women,solid cotton spandex round neck womens t-shirt - black,"Size:Large,Medium,Small,X-Large,X-Small",Rs.,1290,903,30% off,Westernwear-Women
cover story,COVER STORY76,COVER STORY76 - Westernwear-Women,printed round neck recycle polyester womens regular dress - brown,"Size:X-Large,X-Small",Rs.,2890,1445,50% off,Westernwear-Women
cover story,COVER STORY77,COVER STORY77 - Westernwear-Women,solid polyester v-neck womens shirt style top - navy,Size:X-Large,Rs.,1990,990,50% off,Westernwear-Women
cover story,COVER STORY78,COVER STORY78 - Westernwear-Women,solid round neck nylon mettal fiber elastane womens party dress - lilac,Size:Medium,Rs.,3490,1745,50% off,Westernwear-Women
cover story,COVER STORY79,COVER STORY79 - Westernwear-Women,solid cotton round neck womens sweatshirt - lilac,"Size:Large,Medium,Small,X-Large,X-Small",Rs.,1890,945,50% off,Westernwear-Women
cover story,COVER STORY80,COVER STORY80 - Westernwear-Women,printed round neck polyester womens regular top - black,Size:X-Small,Rs.,2590,990,62% off,Westernwear-Women
cover story,COVER STORY81,COVER STORY81 - Westernwear-Women,solid round neck cotton poly spandex womens regular dress - green,"Size:Large,Medium,Small,X-Large,X-Small",Rs.,2290,1374,40% off,Westernwear-Women
cover story,COVER STORY82,COVER STORY82 - Westernwear-Women,solid cotton round neck womens sweater - ivory,"Size:Large,Medium,Small,X-Large,X-Small",Rs.,2290,1374,40% off,Westernwear-Women
cover story,COVER STORY83,COVER STORY83 - Westernwear-Women,solid poly spandex collar neck womens top - olive,"Size:Large,Medium,Small,X-Large,X-Small",Rs.,1490,1043,30% off,Westernwear-Women
cover story,COVER STORY84,COVER STORY84 - Westernwear-Women,printed round neck recycle polyester womens regular top - mint,"Size:Small,X-Large",Rs.,1990,1194,40% off,Westernwear-Women
cover story,COVER STORY85,COVER STORY85 - Westernwear-Women,solid v-neck viscose women wrap women dress - lilac,"Size:Medium,Small,X-Small",Rs.,2490,1494,40% off,Westernwear-Women
cover story,COVER STORY86,COVER STORY86 - Westernwear-Women,solid cotton round neck womens sweatshirt - purple,"Size:Large,Medium,Small,X-Large,X-Small",Rs.,1890,945,50% off,Westernwear-Women
cover story,COVER STORY87,COVER STORY87 - Westernwear-Women,solid cotton spandex round neck womens t-shirt - black,"Size:Large,Medium,Small,X-Large,X-Small",Rs.,1290,903,30% off,Westernwear-Women
cover story,COVER STORY88,COVER STORY88 - Westernwear-Women,fitted ankle length cotton spandex womens jeans - dark blue,Size:26,Rs.,1990,990,50% off,Westernwear-Women
cover story,COVER STORY89,COVER STORY89 - Westernwear-Women,solid viscose spandex v neck womens t-shirt - pink,"Size:Large,Medium,Small,X-Small",Rs.,1290,690,47% off,Westernwear-Women
cover story,COVER STORY90,COVER STORY90 - Westernwear-Women,solid polyester womens regular dress - pink,"Size:Large,Medium,Small,X-Large",Rs.,2890,2023,30% off,Westernwear-Women
cover story,COVER STORY91,COVER STORY91 - Westernwear-Women,solid cotton sweetheart neck womens top - red,"Size:Large,Medium,Small,X-Large,X-Small",Rs.,1749,1590,10% off,Westernwear-Women
cover story,COVER STORY92,COVER STORY92 - Westernwear-Women,solid cotton spandex round neck womens t-shirt - fuchsia,"Size:Small,X-Large,X-Small",Rs.,890,690,22% off,Westernwear-Women
cover story,COVER STORY93,COVER STORY93 - Westernwear-Women,printed v-neck viscose women regular women dress - yellow,"Size:Medium,Small,X-Small",Rs.,3490,2094,40% off,Westernwear-Women
cover story,COVER STORY94,COVER STORY94 - Westernwear-Women,solid cotton women maxi women dress - red,Size:X-Large,Rs.,3490,2094,40% off,Westernwear-Women
cover story,COVER STORY95,COVER STORY95 - Westernwear-Women,solid others viscose womens regular top - brown,Size:Large,Rs.,1990,990,50% off,Westernwear-Women
cover story,COVER STORY96,COVER STORY96 - Westernwear-Women,printed round neck recycle polyester womens regular dress - green,Size:X-Small,Rs.,2990,2093,30% off,Westernwear-Women
cover story,COVER STORY97,COVER STORY97 - Westernwear-Women,solid polyester v-neck women wrap women top - blue,Size:X-Small,Rs.,1990,1194,40% off,Westernwear-Women
cover story,COVER STORY98,COVER STORY98 - Westernwear-Women,solid linen v-neck women regular women t-shirt - green,"Size:Medium,Small,X-Small",Rs.,1290,690,47% off,Westernwear-Women
cover story,COVER STORY99,COVER STORY99 - Westernwear-Women,printed cotton blend v-neck women regular women top - yellow,"Size:Medium,X-Small",Rs.,1990,1194,40% off,Westernwear-Women
cover story,COVER STORY100,COVER STORY100 - Westernwear-Women,solid polyester round neck womens casual jacket - lilac,"Size:Medium,Small",Rs.,4990,3493,30% off,Westernwear-Women
cover story,COVER STORY101,COVER STORY101 - Westernwear-Women,womens solid  ankle length trousers - black,"Size:26,28,30",Rs.,2519,2290,10% off,Westernwear-Women
cover story,COVER STORY102,COVER STORY102 - Westernwear-Women,solid regular fit linen women casual women trousers - olive,Size:32,Rs.,2790,1674,40% off,Westernwear-Women
cover story,COVER STORY103,COVER STORY103 - Westernwear-Women,solid round neck viscose elastane poly womens regular dress - rust,"Size:Medium,Small,X-Small",Rs.,2290,1374,40% off,Westernwear-Women
cover story,COVER STORY104,COVER STORY104 - Westernwear-Women,solid cotton regular fit womens casual trousers - pink,"Size:26,28,30,32,34",Rs.,2189,1990,10% off,Westernwear-Women
cover story,COVER STORY105,COVER STORY105 - Westernwear-Women,solid others viscose spandex womens regular top - pink,"Size:Medium,Small,X-Small",Rs.,1890,1134,40% off,Westernwear-Women
cover story,COVER STORY106,COVER STORY106 - Westernwear-Women,womens skinny fit solid leggings - black,"Size:26,28,30,32",Rs.,1639,1490,10% off,Westernwear-Women
cover story,COVER STORY107,COVER STORY107 - Westernwear-Women,solid cotton regular fit womens casual trousers - mint,"Size:26,28,30,32,34",Rs.,2189,1990,10% off,Westernwear-Women
cover story,COVER STORY108,COVER STORY108 - Westernwear-Women,solid regular fit cotton rayon linen womens casual trousers - olive,Size:26,Rs.,2490,690,72% off,Westernwear-Women
cover story,COVER STORY109,COVER STORY109 - Westernwear-Women,solid cotton poly round neck womens sweatshirt - orange,"Size:Large,Medium,Small,X-Large",Rs.,1790,1074,40% off,Westernwear-Women
cover story,COVER STORY110,COVER STORY110 - Westernwear-Women,solid rayon nylon spandex regular fit womens trousers - black,"Size:28,30,32,34",Rs.,2519,2290,10% off,Westernwear-Women
cover story,COVER STORY111,COVER STORY111 - Westernwear-Women,solid cotton poly spandex round neck womens dress - black,"Size:Large,Medium,Small,X-Large,X-Small",Rs.,2490,1743,30% off,Westernwear-Women
cover story,COVER STORY112,COVER STORY112 - Westernwear-Women,printed square cotton women flared women dress - white,Size:X-Large,Rs.,3490,1745,50% off,Westernwear-Women
cover story,COVER STORY113,COVER STORY113 - Westernwear-Women,solid viscose spandex round neck womens t-shirt - black,"Size:X-Large,X-Small",Rs.,1290,690,47% off,Westernwear-Women
cover story,COVER STORY114,COVER STORY114 - Westernwear-Women,solid v-neck polyester womens regular dress - natural,"Size:Large,Medium,Small,X-Large,X-Small",Rs.,3790,1895,50% off,Westernwear-Women
cover story,COVER STORY115,COVER STORY115 - Westernwear-Women,regular fit cotton spandex womens jeans - black,"Size:26,28,32",Rs.,1890,1134,40% off,Westernwear-Women
cover story,COVER STORY116,COVER STORY116 - Westernwear-Women,solid round neck cotton spandex womens t-shirt - white,Size:Small,Rs.,1190,690,42% off,Westernwear-Women
cover story,COVER STORY117,COVER STORY117 - Westernwear-Women,solid cotton poly spandex womens regular dress - yellow,"Size:Large,Medium,Small,X-Large,X-Small",Rs.,1990,1393,30% off,Westernwear-Women
cover story,COVER STORY118,COVER STORY118 - Westernwear-Women,stripes blended round neck womens t-shirt - yellow,"Size:Large,Medium,Small,X-Large,X-Small",Rs.,1490,1043,30% off,Westernwear-Women
cover story,COVER STORY119,COVER STORY119 - Westernwear-Women,striped round neck viscose women bodycon women dress - wine,Size:Large,Rs.,2290,1145,50% off,Westernwear-Women
cover story,COVER STORY120,COVER STORY120 - Westernwear-Women,printed viscose v neck womens dress - black,"Size:Large,Medium,Small,X-Large,X-Small",Rs.,2849,2590,10% off,Westernwear-Women
cover story,COVER STORY121,COVER STORY121 - Westernwear-Women,solid viscose spandex round neck womens t-shirt - wine,"Size:Medium,Small,X-Small",Rs.,1290,690,47% off,Westernwear-Women
cover story,COVER STORY122,COVER STORY122 - Westernwear-Women,solid straight fit viscose rayon women party women trousers - wine,"Size:26,28,30,32",Rs.,2490,1494,40% off,Westernwear-Women
cover story,COVER STORY123,COVER STORY123 - Westernwear-Women,solid polyester round neck womens casual jacket - green,Size:Small,Rs.,4990,3493,30% off,Westernwear-Women
cover story,COVER STORY124,COVER STORY124 - Westernwear-Women,solid cotton round neck women regular women t-shirt - blue,"Size:Small,X-Small",Rs.,1290,690,47% off,Westernwear-Women
cover story,COVER STORY125,COVER STORY125 - Westernwear-Women,solid polyester v neck womens dress - lilac,"Size:Large,Medium,Small,X-Large,X-Small",Rs.,3179,2890,10% off,Westernwear-Women
cover story,COVER STORY126,COVER STORY126 - Westernwear-Women,solid cotton spandex round neck womens t-shirt - pink,"Size:Large,Medium,Small,X-Large,X-Small",Rs.,1290,903,30% off,Westernwear-Women
cover story,COVER STORY127,COVER STORY127 - Westernwear-Women,solid viscose rayon square women regular women top - pink,"Size:Medium,Small,X-Small",Rs.,1490,690,54% off,Westernwear-Women
cover story,COVER STORY128,COVER STORY128 - Westernwear-Women,printed cotton blend round neck womens t-shirt - white,"Size:Large,Medium,Small,X-Large,X-Small",Rs.,979,890,10% off,Westernwear-Women
cover story,COVER STORY129,COVER STORY129 - Westernwear-Women,solid cotton spandex round neck womens t-shirt - green,"Size:Medium,Small,X-Small",Rs.,990,690,30% off,Westernwear-Women
cover story,COVER STORY130,COVER STORY130 - Westernwear-Women,stripes viscose elastane poly round neck womens t-shirt - rust,"Size:Small,X-Large",Rs.,1290,690,47% off,Westernwear-Women
cover story,COVER STORY131,COVER STORY131 - Westernwear-Women,solid cotton spandex round neck womens t-shirt - blue,"Size:Large,Medium,X-Large,X-Small",Rs.,890,623,30% off,Westernwear-Women
cover story,COVER STORY132,COVER STORY132 - Westernwear-Women,solid cotton spandex round neck womens t-shirt - black,"Size:Large,Medium,Small,X-Large,X-Small",Rs.,1290,903,30% off,Westernwear-Women
cover story,COVER STORY133,COVER STORY133 - Westernwear-Women,solid polyester round neck womens sweater - pink,Size:Small,Rs.,2490,1743,30% off,Westernwear-Women
cover story,COVER STORY134,COVER STORY134 - Westernwear-Women,solid cotton round neck womens sweater - fuchsia,"Size:Large,Medium,Small,X-Large,X-Small",Rs.,1890,1134,40% off,Westernwear-Women
cover story,COVER STORY135,COVER STORY135 - Westernwear-Women,solid regular fit ponte womens casual wear trousers - black,"Size:26,28,30,32",Rs.,1639,1490,10% off,Westernwear-Women
cover story,COVER STORY136,COVER STORY136 - Westernwear-Women,solid polyester v-neck women regular women top - grey,"Size:Large,X-Small",Rs.,2490,1245,50% off,Westernwear-Women
cover story,COVER STORY137,COVER STORY137 - Westernwear-Women,solid round neck polyester women shift women dress - navy,"Size:Small,X-Small",Rs.,2490,1494,40% off,Westernwear-Women
cover story,COVER STORY138,COVER STORY138 - Westernwear-Women,solid viscose polyester nylon round neck womens sweater - green,Size:Small,Rs.,2590,1813,30% off,Westernwear-Women
cover story,COVER STORY139,COVER STORY139 - Westernwear-Women,printed v-neck viscose linen womens regular fit dress - white,"Size:Small,X-Small",Rs.,3790,1895,50% off,Westernwear-Women
cover story,COVER STORY140,COVER STORY140 - Westernwear-Women,solid cotton spandex round neck womens t-shirt - green,Size:Large,Rs.,890,445,50% off,Westernwear-Women
cover story,COVER STORY141,COVER STORY141 - Westernwear-Women,solid cotton v-neck women crochet women top - green,Size:Medium,Rs.,1590,990,38% off,Westernwear-Women
cover story,COVER STORY142,COVER STORY142 - Westernwear-Women,solid cotton spandex round neck womens t-shirt - navy,"Size:Medium,Small,X-Small",Rs.,990,690,30% off,Westernwear-Women
cover story,COVER STORY143,COVER STORY143 - Westernwear-Women,solid viscose polyester nylon collar neck womens sweater - lilac,Size:Small,Rs.,2890,2023,30% off,Westernwear-Women
cover story,COVER STORY144,COVER STORY144 - Westernwear-Women,solid regular fit linen women casual women trousers - navy,Size:28,Rs.,2790,1674,40% off,Westernwear-Women
cover story,COVER STORY145,COVER STORY145 - Westernwear-Women,printed rayon v neck womens top - black,Size:X-Small,Rs.,1490,990,34% off,Westernwear-Women
cover story,COVER STORY146,COVER STORY146 - Westernwear-Women,solid cotton blend round neck womens t-shirt - white,"Size:Large,Medium,Small,X-Large,X-Small",Rs.,1089,990,10% off,Westernwear-Women
cover story,COVER STORY147,COVER STORY147 - Westernwear-Women,solid viscose polyester nylon round neck womens sweater - wine,Size:Medium,Rs.,2590,1813,30% off,Westernwear-Women
cover story,COVER STORY148,COVER STORY148 - Westernwear-Women,regular fit cotton women women jeans - olive,Size:30,Rs.,2490,1494,40% off,Westernwear-Women
crimsoune club,CRIMSOUNE CLUB1,CRIMSOUNE CLUB1 - Westernwear-Women,printed round neck lyocell womens dresses - red,"Size:Large,Medium,Small,X-Large",Rs.,2299,1609,30% off,Westernwear-Women
crimsoune club,CRIMSOUNE CLUB2,CRIMSOUNE CLUB2 - Westernwear-Women,solid cotton blend collared womens shirt - blue,"Size:Large,X-Large",Rs.,1399,979,30% off,Westernwear-Women
crimsoune club,CRIMSOUNE CLUB3,CRIMSOUNE CLUB3 - Westernwear-Women,womens green printed jumpsuit - sea green,"Size:Large,X-Large",Rs.,1999,999,50% off,Westernwear-Women
crimsoune club,CRIMSOUNE CLUB4,CRIMSOUNE CLUB4 - Westernwear-Women,womens blue striped jumpsuit - blue,"Size:Large,Small,X-Large,XX-Large",Rs.,2499,1249,50% off,Westernwear-Women
crimsoune club,CRIMSOUNE CLUB5,CRIMSOUNE CLUB5 - Westernwear-Women,solid cotton linen blend womens jumpsuits - natural,"Size:Large,Medium,Small,X-Large",Rs.,1999,1199,40% off,Westernwear-Women
crimsoune club,CRIMSOUNE CLUB6,CRIMSOUNE CLUB6 - Westernwear-Women,solid hood poly cotton womens sweatshirt - yellow,"Size:Large,Medium,Small,X-Large",Rs.,1699,849,50% off,Westernwear-Women
crimsoune club,CRIMSOUNE CLUB7,CRIMSOUNE CLUB7 - Westernwear-Women,striped v-neck cotton womens casual shirt - white,"Size:Large,Medium,X-Large,XX-Large,XXX-Large",Rs.,1299,1039,20% off,Westernwear-Women
crimsoune club,CRIMSOUNE CLUB8,CRIMSOUNE CLUB8 - Westernwear-Women,womens slim fit solid shirt - red,"Size:Large,Medium,X-Large",Rs.,1299,649,50% off,Westernwear-Women
crimsoune club,CRIMSOUNE CLUB9,CRIMSOUNE CLUB9 - Westernwear-Women,printed lyocell round neck womens top - green,"Size:Large,Medium,Small,X-Large,XX-Large,XXX-Large",Rs.,1399,979,30% off,Westernwear-Women
crimsoune club,CRIMSOUNE CLUB10,CRIMSOUNE CLUB10 - Westernwear-Women,womens grey solid jumpsuit - denim,"Size:Large,Medium,X-Large,XX-Large",Rs.,2499,1249,50% off,Westernwear-Women
